-- phpMyAdmin SQL Dump
-- version 4.2.7.1
-- http://www.phpmyadmin.net
--
-- Servidor: 127.0.0.1
-- Tiempo de generación: 15-08-2016 a las 09:23:46
-- Versión del servidor: 5.5.39
-- Versión de PHP: 5.4.31

SET SQL_MODE = "NO_AUTO_VALUE_ON_ZERO";
SET time_zone = "+00:00";


/*!40101 SET @OLD_CHARACTER_SET_CLIENT=@@CHARACTER_SET_CLIENT */;
/*!40101 SET @OLD_CHARACTER_SET_RESULTS=@@CHARACTER_SET_RESULTS */;
/*!40101 SET @OLD_COLLATION_CONNECTION=@@COLLATION_CONNECTION */;
/*!40101 SET NAMES utf8 */;

--
-- Base de datos: `el_milagro`
--

-- --------------------------------------------------------

--
-- Estructura de tabla para la tabla `detalle_inventario`
--

CREATE TABLE IF NOT EXISTS `detalle_inventario` (
`perinv_id` int(11) NOT NULL,
  `inv_id` int(11) NOT NULL,
  `per_id` int(11) NOT NULL,
  `pro_id` int(11) NOT NULL,
  `pro_cantidad_mayor` int(11) NOT NULL,
  `pro_cantidad_menor` int(11) NOT NULL,
  `fecha_guardado` datetime DEFAULT NULL
) ENGINE=InnoDB  DEFAULT CHARSET=latin1 AUTO_INCREMENT=2 ;

--
-- Volcado de datos para la tabla `detalle_inventario`
--

INSERT INTO `detalle_inventario` (`perinv_id`, `inv_id`, `per_id`, `pro_id`, `pro_cantidad_mayor`, `pro_cantidad_menor`, `fecha_guardado`) VALUES
(1, 5, 1, 1671, 4, 0, '2016-08-11 17:59:20');

-- --------------------------------------------------------

--
-- Estructura de tabla para la tabla `ingreso`
--

CREATE TABLE IF NOT EXISTS `ingreso` (
`id_ingreso` int(11) NOT NULL,
  `id_proveedor` int(11) NOT NULL,
  `numero_factura` varchar(20) NOT NULL,
  `fecha_emision` date NOT NULL,
  `fecha_actual` date NOT NULL,
  `fecha_vencimiento` date DEFAULT NULL,
  `subtotal` decimal(18,2) NOT NULL,
  `igv` decimal(18,2) NOT NULL,
  `estado` char(1) NOT NULL
) ENGINE=InnoDB DEFAULT CHARSET=latin1 AUTO_INCREMENT=1 ;

-- --------------------------------------------------------

--
-- Estructura de tabla para la tabla `inventario`
--

CREATE TABLE IF NOT EXISTS `inventario` (
`inv_id` int(11) NOT NULL,
  `inv_descripcion` varchar(50) NOT NULL,
  `inv_ano` varchar(15) NOT NULL,
  `inv_estado` int(11) NOT NULL
) ENGINE=InnoDB  DEFAULT CHARSET=latin1 AUTO_INCREMENT=6 ;

--
-- Volcado de datos para la tabla `inventario`
--

INSERT INTO `inventario` (`inv_id`, `inv_descripcion`, `inv_ano`, `inv_estado`) VALUES
(1, 'Inventario PRUEBA', '2015', 1),
(2, 'nuevo asas', '2017', 1),
(3, 'Inventario El Milagro 2016', '0', 0),
(4, '1 2', '2333', 1),
(5, 'Inventario 2016', '2016', 1);

-- --------------------------------------------------------

--
-- Estructura de tabla para la tabla `marca`
--

CREATE TABLE IF NOT EXISTS `marca` (
`id_marca` int(11) NOT NULL,
  `descripcion` varchar(100) NOT NULL,
  `abreviatura` varchar(20) DEFAULT NULL,
  `estado` int(11) NOT NULL DEFAULT '1'
) ENGINE=InnoDB  DEFAULT CHARSET=latin1 AUTO_INCREMENT=218 ;

--
-- Volcado de datos para la tabla `marca`
--

INSERT INTO `marca` (`id_marca`, `descripcion`, `abreviatura`, `estado`) VALUES
(1, 'Schick', 'Schick', 1),
(2, 'Hansaplast', 'Hansaplast', 1),
(3, 'Eucerin', 'Eucerin', 1),
(4, 'Nivea', 'Nivea', 1),
(5, 'Head & Shoulders', 'H&S', 1),
(6, 'Johnson Baby', 'Johnson', 1),
(7, 'Pantene', 'Pantene', 1),
(8, 'Gillette', 'Gillette', 1),
(9, 'Aquafresh', 'Aquafresh', 1),
(10, 'Colgate', 'Colgate', 1),
(11, 'Igora', 'Igora', 1),
(12, 'Koleston', 'Koleston', 1),
(13, 'Garnier', 'Garnier', 1),
(14, 'Palette', 'Palette', 1),
(15, 'Oral B', 'Oral B', 1),
(16, 'Asepxia', 'Asepxia', 1),
(17, 'Heno de Pravia', 'HDP', 1),
(18, 'Nosotras', 'Nosotras', 1),
(19, 'Suave', 'Suave', 1),
(20, 'Colt II', 'Colt II', 1),
(21, 'Pampers', 'Pampers', 1),
(22, 'Huggies', 'Huggies', 1),
(23, 'Ninet', 'Ninet', 1),
(24, 'Neopan', 'Neopan', 1),
(25, 'Tuinies', 'Tuinies', 1),
(26, 'Banana Boat', 'Banana Boat', 1),
(27, 'Bahia Solar', 'Bahia Solar', 1),
(28, 'Prudential', 'Prudential', 1),
(29, 'Plenitud', 'Plenitud', 1),
(30, 'Tena', 'Tena', 1),
(31, 'Panolini', 'Panolini', 1),
(32, 'None', 'None', 1),
(33, 'Energizer', 'Energizer', 1),
(34, 'Adidas', 'Adidas', 1),
(35, 'Kolynos', 'Kolynos', 1),
(36, 'Protex', 'Protex', 1),
(37, 'Speed Stick', 'Speed Stick', 1),
(38, 'Lady Speed stick', 'Lady Speed S', 1),
(39, 'Depile', 'Depile', 1),
(40, 'Buk-Al', 'Buk-Al', 1),
(41, 'Isana', 'Isana', 1),
(42, 'Spring Flowers', 'Spring Flowers', 1),
(43, 'Viale', 'Viale', 1),
(44, 'Taft', 'Taft', 1),
(45, 'Konzil', 'Konzil', 1),
(46, 'Schwarzkopf', 'Schwarzkopf', 1),
(47, 'Bonawell', 'Bonawell', 1),
(48, 'Fa', 'Fa', 1),
(49, 'Pert', 'Pert', 1),
(50, 'Maja', 'Maja', 1),
(51, 'Ricitos de Oro', 'Ricitos de Oro', 1),
(52, 'Grisi', 'Grisi', 1),
(53, 'Durex', 'Durex', 1),
(54, 'Glici', 'Glici', 1),
(55, 'Unique', 'Unique', 1),
(56, 'Esika', 'Esika', 1),
(57, 'Cyzone', 'Cyzone', 1),
(58, 'LBel', 'LBel', 1),
(59, 'Avon', 'Avon', 1),
(60, 'Lanosterin', 'Lanosterin', 1),
(61, 'Savital', 'Savital', 1),
(62, 'Syoss', 'Syoss', 1),
(63, 'Recamier', 'Recamier', 1),
(64, 'Infusium23', 'Infusium23', 1),
(65, 'Bel Natur', 'Bel Natur', 1),
(66, 'Oriflame', 'Oriflame', 1),
(67, 'Sedal', 'Sedal', 1),
(68, 'Clear', 'Clear', 1),
(69, 'Tio Nacho', 'Tio Nacho', 1),
(70, 'Kativa', 'Kativa', 1),
(71, 'Loreal Paris', 'Loreal Paris', 1),
(72, 'Medicasp', 'Medicasp', 1),
(73, 'Dove', 'Dove', 1),
(74, 'Herbal Essences', 'Herbal Essences', 1),
(75, 'Listerine', 'Listerine', 1),
(76, 'Dentodex', 'Dentodex', 1),
(77, 'Ego', 'Ego', 1),
(78, 'Portugal', 'Portugal', 1),
(79, 'Reuter', 'Reuter', 1),
(80, 'Puro Clean', 'Puro Clean', 1),
(81, 'Tetina', 'Tetina', 1),
(82, 'PRO', 'PRO', 1),
(83, 'San-A', 'San-A', 1),
(84, 'Zinger', 'Zinger', 1),
(85, 'Issue', 'Issue', 1),
(86, 'Griffin', 'Griffin', 1),
(87, 'Raid', 'Raid', 1),
(88, 'Duracell', 'Duracell', 1),
(89, 'Golden Bio', 'Golden Bio', 1),
(90, 'BeauuGreen', 'BeauuGreen', 1),
(91, 'Ponds', 'Ponds', 1),
(92, 'Angelito', 'Angelito', 1),
(93, 'Fancy Baby', 'Fancy Baby', 1),
(94, 'Hipoglos', 'Hipoglos', 1),
(95, 'Pompi Fresh', 'Pompi Fresh', 1),
(96, 'Nexcare', 'Nexcare', 1),
(97, 'Granbell', 'Granbell', 1),
(98, 'Drei Schwerter', 'Drei Schwerter', 1),
(99, 'Artmatic', 'Artmatic', 1),
(100, 'Nerissa', 'Nerissa', 1),
(101, 'Cutex', 'Cutex', 1),
(102, 'Barry''s', 'Barry''s', 1),
(103, 'Always', 'Always', 1),
(104, 'Carefree', 'Carefree', 1),
(105, 'ZZZcudo', 'ZZZcudo', 1),
(106, 'Dr. Zaidman', 'Dr. Zaidman', 1),
(107, 'Out!', 'Out!', 1),
(108, 'OFF!', 'OFF!', 1),
(109, 'VO5', 'VO5', 1),
(110, 'Coppon', 'Coppon', 1),
(111, 'Klenex', 'Klenex', 1),
(112, 'Acnomel', 'Acnomel', 1),
(113, 'Natura', 'Natura', 1),
(114, 'Stayfree', 'Stayfree', 1),
(115, 'Etiquet', 'Etiquet', 1),
(116, 'Aval', 'Aval', 1),
(117, 'Lactacyd', 'Lactacyd', 1),
(118, 'Intima', 'Intima', 1),
(119, 'Love-lub', 'Love-lub', 1),
(120, 'Women Active', 'Women Active', 1),
(121, 'Nico Musse', 'Nico Musse', 1),
(122, 'Siluet 40', 'Siluet 40', 1),
(123, 'Veet', 'Veet', 1),
(124, 'Ammens', 'Ammens', 1),
(125, 'Perfect Purity', 'Perfect Purity', 1),
(126, 'Crevani', 'Crevani', 1),
(127, 'Royal Regiment', 'Royal Regiment', 1),
(128, 'Antonio Banderas', 'Antonio Banderas', 1),
(129, 'Brut', 'Brut', 1),
(130, 'Varon Dandy', 'Varon Dandy', 1),
(131, 'Coquito', 'Coquito', 1),
(132, 'Algabo', 'Algabo', 1),
(133, 'Rexona', 'Rexona', 1),
(134, 'Aquarius', 'Aquarius', 1),
(135, 'Shakira', 'Shakira', 1),
(136, 'Royal Platinum', 'Royal Platinum', 1),
(137, 'Dento', 'Dento', 1),
(138, 'Secret', 'Secret', 1),
(139, 'Sapolio', 'Sapolio', 1),
(140, 'Baygon', 'Baygon', 1),
(141, 'Impulse', 'Impulse', 1),
(142, 'Axe', 'Axe', 1),
(143, 'Old Spice', 'Old Spice', 1),
(144, 'Umbro', 'Umbro', 1),
(145, 'Lifebuoy', 'Lifebuoy', 1),
(146, 'Air Wick', 'Air Wick', 1),
(147, 'Remy', 'Remy', 1),
(148, 'Hinds', 'Hinds', 1),
(149, 'Eveready', 'Eveready', 1),
(150, 'Maxi maternity', 'Maxi maternity', 1),
(151, 'Dentifresh', 'Dentifresh', 1),
(152, 'Vasenol', 'Vasenol', 1),
(153, 'Kabu', 'Kabu', 1),
(154, 'Ramillete de Novia', 'Ramillete de Novia', 1),
(155, 'Drowa', 'Drowa', 1),
(156, 'Sensual Beauty', 'Sensual Beauty', 1),
(157, 'Ñuby', 'Ñuby', 1),
(158, 'Solo', 'Solo', 1),
(159, 'Hello Kitty', 'Hello Kitty', 1),
(160, 'Santolee', 'Santolee', 1),
(161, 'Heng Da', 'Heng Da', 1),
(162, 'BlackSmith', 'BlackSmith', 1),
(163, 'Animal Rattles', 'Animal Rattles', 1),
(164, 'Apple Baby', 'Apple Baby', 1),
(165, 'Baby Rattle Set', 'Baby Rattle Set', 1),
(166, 'Yardley', 'Yardley', 1),
(167, 'PynS', 'PynS', 1),
(168, 'Spring Fresh', 'Spring Fresh', 1),
(169, 'Bimbi', 'Bimbi', 1),
(170, 'PortugalSpa', 'PortugalSpa', 1),
(171, 'Cussons', 'Cussons', 1),
(172, 'JeanNate', 'JeanNate', 1),
(173, 'Loreal Kids', 'Loreal Kids', 1),
(174, 'St. Ives', 'St. Ives', 1),
(175, 'Neko', 'Neko', 1),
(176, 'Dr. Kaufmann', 'Dr. Kaufmann', 1),
(177, 'Elite', 'Elite', 1),
(178, 'Safeguard', 'Safeguard', 1),
(179, 'Lux', 'Lux', 1),
(180, 'Camay', 'Camay', 1),
(181, 'Palmolive', 'Palmolive', 1),
(182, 'Dermex', 'Dermex', 1),
(183, 'Clyo', 'Clyo', 1),
(184, 'Reflex', 'Reflex', 1),
(185, 'Visa', 'Visa', 1),
(186, 'Oral Fresh', 'Oral Fresh', 1),
(187, 'Sensodyne', 'Sensodyne', 1),
(188, 'Johnson', 'Johnson', 1),
(189, 'Matazum', 'Matazum', 1),
(190, 'THINSO', 'THINSO', 1),
(191, 'Cover', 'Cover', 1),
(192, 'Premier', 'Premier', 1),
(193, 'GenomaLab', 'GenomaLab', 1),
(194, 'Olivos del Sur', 'Olivos del Sur', 1),
(195, 'Maver', 'Mav', 1),
(196, 'AiRiZ', 'AiRiZ', 1),
(197, 'Chupetin', 'Chupetin', 1),
(198, 'Agua Brava', 'Ag Bra', 1),
(199, 'Disney', 'Disney', 1),
(200, 'Barbie', 'Barbie', 1),
(201, 'Kalimbo', 'Kalimbo', 1),
(202, 'Bacterion', 'Bacterion', 1),
(203, 'Parera splash', 'Parera splash', 1),
(204, 'Babaria', 'Babaria', 1),
(205, 'SuperMax', 'SuperMax', 1),
(206, 'Gost', 'Gost', 1),
(207, 'SuperAmigos', 'SuperAmigos', 1),
(208, 'Barcelona', 'Barcelona', 1),
(209, 'Minions', 'Minions', 1),
(210, 'Intimate', 'Intimate', 1),
(211, 'Fisher Price', 'Fisher Price', 1),
(212, 'Bendi C', 'Bendi C', 1),
(213, 'TRESemme', 'TRESemme', 1),
(214, 'Indra', 'Indra', 1),
(215, 'Vogue', 'Vogue', 1),
(216, 'MAYBELLINE', 'Maybelline', 1),
(217, 'Kotex', 'Kotex', 1);

-- --------------------------------------------------------

--
-- Estructura de tabla para la tabla `personal`
--

CREATE TABLE IF NOT EXISTS `personal` (
`per_id` int(11) NOT NULL,
  `per_dni` varchar(15) NOT NULL,
  `per_nombre` varchar(100) NOT NULL,
  `per_estado` int(11) NOT NULL
) ENGINE=InnoDB  DEFAULT CHARSET=latin1 AUTO_INCREMENT=3 ;

--
-- Volcado de datos para la tabla `personal`
--

INSERT INTO `personal` (`per_id`, `per_dni`, `per_nombre`, `per_estado`) VALUES
(1, '73031934', 'Colbert Calampa Tantachuco', 1),
(2, '73031935', 'Manuel Holguin Calampa', 1);

-- --------------------------------------------------------

--
-- Estructura de tabla para la tabla `producto`
--

CREATE TABLE IF NOT EXISTS `producto` (
`id_producto` int(11) NOT NULL,
  `codigo_producto` varchar(10) DEFAULT NULL,
  `codigo_barra` varchar(30) DEFAULT NULL,
  `id_marca` int(11) NOT NULL,
  `id_tipo_producto` int(11) NOT NULL,
  `descripcion` varchar(50) DEFAULT NULL,
  `presentacion` varchar(30) DEFAULT NULL,
  `contenido` varchar(10) DEFAULT NULL,
  `unidad_medida` varchar(15) DEFAULT NULL,
  `fraccion` int(11) NOT NULL,
  `ult_precio_compra` decimal(18,3) DEFAULT '0.000',
  `ult_precio_venta` decimal(18,3) DEFAULT '0.000',
  `utilidad` decimal(18,2) DEFAULT '0.00',
  `estado` char(1) NOT NULL,
  `ult_modificacion` datetime DEFAULT NULL
) ENGINE=InnoDB  DEFAULT CHARSET=latin1 AUTO_INCREMENT=1863 ;

--
-- Volcado de datos para la tabla `producto`
--

INSERT INTO `producto` (`id_producto`, `codigo_producto`, `codigo_barra`, `id_marca`, `id_tipo_producto`, `descripcion`, `presentacion`, `contenido`, `unidad_medida`, `fraccion`, `ult_precio_compra`, `ult_precio_venta`, `utilidad`, `estado`, `ult_modificacion`) VALUES
(1, NULL, '039800015464', 33, 22, 'Max Aa2', 'Unidad', '', NULL, 1, '3.190', '3.670', '15.00', '1', '2016-02-12 00:00:00'),
(2, NULL, '039800011329', 33, 22, 'Max Aa4', 'Unidad', '', NULL, 1, '7.170', '8.250', '15.00', '1', '2016-02-12 00:00:00'),
(3, NULL, '079656546255', 26, 24, 'Ultra Defense fps50', 'Unidad', 'x236ml', NULL, 1, '27.920', '32.110', '15.00', '1', '2016-02-12 00:00:00'),
(4, NULL, '079656549812', 26, 24, 'Ultra Defense fps50', 'Unidad', 'x118ml', NULL, 1, '15.910', '18.300', '15.00', '1', '2016-02-12 00:00:00'),
(5, NULL, '079656550559', 26, 24, 'Ultra Defense fps50', 'Unidad', 'x60ml', NULL, 1, '6.320', '7.270', '15.00', '1', '2016-02-12 00:00:00'),
(6, NULL, '7702045402476', 11, 27, 'Blonde de 10gr', 'Caja', 'x12sachet', NULL, 12, '21.240', '24.520', '15.44', '1', '2016-08-09 08:34:15'),
(7, NULL, '', 14, 21, 'Color Cream Duo +OX', 'Unidad', '', NULL, 1, '13.100', '15.000', '14.50', '1', '2016-08-12 11:42:32'),
(8, NULL, '75920036', 1, 10, 'Exacta II Piel Sensible', 'Tira', 'x24und', NULL, 24, '48.660', '58.880', '21.00', '1', '2016-02-17 00:00:00'),
(9, NULL, '75920135', 1, 10, 'Exacta II Piel Normal', 'Tira', 'x24und', NULL, 24, '48.660', '58.880', '21.00', '1', '2016-02-17 00:00:00'),
(10, NULL, '75920557', 1, 10, 'Exacta II Piel Delicada', 'Tira', 'x24und', NULL, 24, '48.660', '55.960', '15.00', '1', '2016-02-12 00:00:00'),
(11, NULL, '7591066701015', 1, 10, 'Xtreme3 Piel Sensible', 'Tira', 'x24und', NULL, 24, '68.210', '83.900', '23.00', '1', '2016-02-17 00:00:00'),
(12, NULL, '7591066711014', 1, 10, 'Xtreme3 Hawaiian Tropic', 'Tira', 'x24und', NULL, 24, '68.210', '83.900', '23.00', '1', '2016-02-17 00:00:00'),
(13, NULL, '4891228530136', 1, 10, 'Quattro4 Titanium 4hjs', 'Tira', 'x8und', NULL, 8, '22.710', '31.570', '39.00', '1', '2016-02-17 00:00:00'),
(14, NULL, '3607345265704', 34, 5, 'Dynamyc Pulse', 'Unidad', 'x150ml', NULL, 1, '10.300', '12.000', '16.50', '1', '2016-04-05 00:00:00'),
(15, NULL, '3607349687472', 34, 28, 'Fresh Cool&Dry 48h', 'Unidad', 'x150ml', NULL, 1, '11.030', '12.680', '15.00', '1', '2016-02-12 00:00:00'),
(16, NULL, '3607349685188', 34, 28, 'Ice Effect Cool&Dry 48h', 'Unidad', 'x150ml', NULL, 1, '11.030', '12.700', '15.14', '1', '2016-04-05 00:00:00'),
(17, NULL, '3607343088015', 34, 28, 'Intensive Cool&dry 72h', 'Unidad', 'x150ml', NULL, 1, '11.030', '12.680', '15.00', '1', '2016-02-12 00:00:00'),
(18, NULL, '3607345266190', 34, 5, 'IceDive', 'Unidad', 'x150ml', NULL, 1, '10.230', '11.760', '15.00', '1', '2016-02-12 00:00:00'),
(19, NULL, '7501057500442', 17, 3, 'Original', 'Unidad', 'x750ml', NULL, 1, '25.800', '29.670', '15.00', '1', '2016-02-12 00:00:00'),
(20, NULL, '8410225507475', 17, 3, 'Colonia Original', 'Unidad', 'x1lt', NULL, 1, '29.720', '34.500', '16.08', '1', '2016-08-09 08:12:34'),
(21, NULL, '7702538130855', 17, 7, 'Crema Hidratante', 'Unidad', 'x85gr', NULL, 1, '1.880', '2.160', '15.00', '1', '2016-02-12 00:00:00'),
(22, NULL, '8410225005568', 17, 7, 'Crema Hidratante', 'Unidad', 'x150gr', NULL, 1, '3.370', '4.000', '18.69', '1', '2016-08-09 10:38:27'),
(23, NULL, '8410225005551', 17, 7, 'Original', 'Unidad', 'x85gr', NULL, 1, '1.880', '2.160', '15.00', '1', '2016-02-12 00:00:00'),
(24, NULL, '7702538110857', 17, 7, 'Antibacteriano', 'Unidad', 'x85gr', NULL, 1, '1.880', '2.200', '17.02', '1', '2016-08-09 08:17:47'),
(25, NULL, '7702538121501', 17, 7, 'Original', 'Unidad', 'x150gr', NULL, 1, '3.370', '4.000', '18.69', '1', '2016-08-09 08:19:30'),
(26, NULL, '8410225521587', 17, 7, 'Acariciar la Primav', 'Unidad', 'x150gr', NULL, 1, '3.370', '4.000', '18.69', '1', '2016-08-09 16:41:02'),
(27, NULL, '8410225521570', 17, 7, 'Amanecer en el Campo', 'Unidad', 'x150gr', NULL, 1, '2.850', '3.500', '22.81', '1', '2016-03-15 00:00:00'),
(28, NULL, '4005800021268', 3, 11, 'Higiene Intima', 'Unidad', 'x250ml', NULL, 1, '27.330', '31.430', '15.00', '1', '2016-02-12 00:00:00'),
(29, NULL, '4005800086380', 3, 7, 'Ph5 Syndet', 'Unidad', 'x100gr', NULL, 1, '35.340', '40.640', '15.00', '1', '2016-02-12 00:00:00'),
(30, NULL, '7702003009389', 2, 25, 'Standard Transparente', 'Caja', 'x100und', NULL, 100, '4.140', '4.970', '20.00', '1', '2016-02-12 00:00:00'),
(31, NULL, '7702003469527', 2, 32, 'Leon 12cmx18cm', 'Unidad', '', NULL, 1, '4.890', '5.620', '15.00', '1', '2016-02-12 00:00:00'),
(32, NULL, '4005808818587', 4, 33, 'Aclarado Natural', 'Unidad', 'x100ml', NULL, 1, '13.110', '16.000', '22.04', '1', '2016-08-09 12:19:41'),
(33, NULL, '7804955003672', 4, 8, 'Creme', 'Unidad', 'x30ml', NULL, 1, '2.990', '5.000', '67.22', '1', '2016-08-09 12:22:35'),
(34, NULL, '7804955003689', 4, 8, 'Creme', 'Unidad', 'x60ml', NULL, 1, '5.030', '9.000', '78.93', '1', '2016-08-09 12:23:27'),
(35, NULL, '4005900090348', 4, 34, 'Men Invisible B&W 10ml', 'Caja', 'x18sach', NULL, 18, '9.130', '10.500', '15.00', '1', '2016-02-12 00:00:00'),
(36, NULL, '4005900090355', 4, 34, 'Men Silver Protect 10ml', 'Caja', 'x18sach', NULL, 18, '9.130', '10.500', '15.00', '1', '2016-08-09 16:17:09'),
(37, NULL, '4005900102690', 4, 34, 'Women Dry Confort 10ml', 'Caja', 'x18sach', NULL, 18, '9.130', '10.500', '15.00', '1', '2016-08-09 16:18:38'),
(38, NULL, '42231509', 4, 35, 'Equilibrante p. mixta a grasa', 'Unidad', 'x150ml', NULL, 1, '18.110', '20.830', '15.00', '1', '2016-02-12 00:00:00'),
(39, NULL, '4005808182565', 4, 36, 'Loc/Revitalizante piel normal/Mixta', 'Unidad', 'x200ml', NULL, 1, '18.570', '21.360', '15.00', '1', '2016-05-26 00:00:00'),
(40, NULL, '8412300001182', 4, 36, 'Loc/Suave piel seca', 'Unidad', 'x200ml', NULL, 1, '18.580', '21.370', '15.00', '1', '2016-05-26 00:00:00'),
(41, NULL, '7861078301597', 28, 26, 'Total Pequeño', 'Paquete', 'x10und', NULL, 10, '18.870', '21.700', '15.00', '1', '2016-02-12 00:00:00'),
(42, NULL, '7861078301955', 28, 26, 'Total Mediano', 'Paquete', 'x8und', NULL, 8, '19.900', '23.000', '15.58', '1', '2016-08-09 11:08:31'),
(43, NULL, '7861078302235', 28, 26, 'Total Mediano', 'Paquete', 'x20und', NULL, 20, '43.320', '50.000', '15.42', '1', '2016-02-19 00:00:00'),
(44, NULL, '7861078301948', 28, 26, 'Total Grande', 'Paquete', 'x8und', NULL, 8, '22.720', '26.500', '16.64', '1', '2016-08-09 11:09:08'),
(45, NULL, '7861078302242', 28, 26, 'Total Grande', 'Paquete', 'x20und', NULL, 20, '48.820', '56.140', '15.00', '1', '2016-02-18 00:00:00'),
(46, NULL, '4005900130785', 4, 31, 'Protect & Care', 'Unidad', 'x50ml', NULL, 1, '6.160', '7.500', '21.75', '1', '2016-08-09 17:47:40'),
(47, NULL, '4005808257669', 4, 31, 'Women Pearl & Beauty', 'Unidad', 'x50ml', NULL, 1, '6.160', '7.500', '21.75', '1', '2016-08-09 18:42:40'),
(48, NULL, '4005808829675', 4, 5, 'Women Aclarado Natural', 'Unidad', 'x150ml', NULL, 1, '9.510', '11.500', '20.93', '1', '2016-08-09 17:53:36'),
(49, NULL, '4005808231065', 4, 5, 'Women Double Effect', 'Unidad', 'x150ml', NULL, 1, '9.510', '11.500', '20.93', '1', '2016-08-09 17:55:05'),
(50, NULL, '4005808837311', 4, 5, 'Women Pearl & Beauty', 'Unidad', 'x150ml', NULL, 1, '9.510', '11.500', '20.93', '1', '2016-08-09 18:43:52'),
(51, NULL, '4005900036704', 4, 31, 'Women Invisible B&W Clear', 'Unidad', 'x50ml', NULL, 1, '6.160', '7.500', '21.75', '1', '2016-08-09 16:04:45'),
(52, NULL, '4005900036759', 4, 31, 'Men Invisible B&W power', 'Unidad', 'x50ml', NULL, 1, '6.160', '7.500', '21.75', '1', '2016-08-09 17:45:22'),
(53, NULL, '4005808257584', 4, 31, 'Women Dry Confort plus', 'Unidad', 'x50ml', NULL, 1, '6.490', '7.460', '15.00', '1', '2016-02-12 00:00:00'),
(54, NULL, '4005808719280', 4, 31, 'Men Stress Protect', 'Unidad', 'x50ml', NULL, 1, '6.160', '7.500', '21.75', '1', '2016-08-09 16:24:01'),
(55, NULL, '4005808257553', 4, 31, 'Men Dry Impact plus', 'Unidad', 'x50ml', NULL, 1, '6.490', '7.460', '15.00', '1', '2016-02-12 00:00:00'),
(56, NULL, '4005900036667', 4, 5, 'Women Invisible B&W Clear', 'Unidad', 'x150ml', NULL, 1, '9.520', '11.500', '20.80', '1', '2016-08-09 16:12:02'),
(57, NULL, '42210191', 4, 29, 'Women Aclarado Natural', 'Unidad', 'x43gr', NULL, 1, '7.050', '8.500', '20.57', '1', '2016-08-09 18:56:39'),
(58, NULL, '42213703', 4, 29, 'Women Invisible B&W Clear', 'Unidad', 'x43gr', NULL, 1, '7.050', '8.500', '20.57', '1', '2016-08-09 16:19:46'),
(59, NULL, '42216560', 4, 29, 'Women Pearl & Beauty', 'Unidad', 'x43gr', NULL, 1, '7.420', '8.530', '15.00', '1', '2016-02-12 00:00:00'),
(60, NULL, '42096276', 4, 29, 'Women Dry Confort plus', 'Unidad', 'x43gr', NULL, 1, '7.420', '8.530', '15.00', '1', '2016-02-12 00:00:00'),
(61, NULL, '42236986', 4, 29, 'Women stress protect', 'Unidad', 'x43gr', NULL, 1, '7.050', '8.500', '20.57', '1', '2016-08-09 16:26:33'),
(62, NULL, '42277842', 4, 29, 'Protect & Care', 'Unidad', 'x43gr', NULL, 1, '7.050', '8.500', '20.57', '1', '2016-08-09 17:52:25'),
(63, NULL, '42213727', 4, 29, 'Men Invisible B&W ', 'Unidad', 'x43gr', NULL, 1, '7.050', '8.500', '20.57', '1', '2016-08-09 17:45:39'),
(64, NULL, '42185369', 4, 29, 'Men Silver Protect', 'Unidad', 'x43gr', NULL, 1, '7.050', '8.500', '20.57', '1', '2016-08-09 16:27:13'),
(65, NULL, '42179160', 4, 29, 'Men Cool Kick', 'Unidad', 'x43gr', NULL, 1, '7.420', '8.530', '15.00', '1', '2016-02-12 00:00:00'),
(66, NULL, '42231301', 4, 29, 'Men Sensitive Protect', 'Unidad', 'x43gr', NULL, 1, '7.050', '8.500', '20.57', '1', '2016-08-09 19:11:49'),
(67, NULL, '42237020', 4, 29, 'Men Stress Protect', 'Unidad', 'x43gr', NULL, 1, '7.050', '8.500', '20.57', '1', '2016-08-09 19:11:20'),
(68, NULL, '099176480310', 10, 12, 'Total 12 Clean Mint', 'Unidad', 'x75ml', NULL, 1, '7.870', '9.050', '15.00', '1', '2016-08-08 17:39:44'),
(69, NULL, '', 32, 1, '---', '', '', NULL, 1, '0.000', '0.000', '0.00', '1', '2016-08-09 16:48:37'),
(70, NULL, '7509546000985', 10, 12, 'Triple Accion Menta Original', 'Unidad', 'x75ml', NULL, 1, '4.010', '4.610', '14.96', '1', '2016-08-08 17:44:57'),
(71, NULL, '7509546054650', 10, 12, 'Luminous White Brilliant Mint', 'Unidad', 'x75ml', NULL, 1, '9.550', '10.980', '15.00', '1', '2016-08-08 17:55:56'),
(72, NULL, '7460192001743', 10, 12, 'Max White 2tubos', 'Pack', 'x75ml', NULL, 1, '9.240', '10.630', '15.00', '1', '2016-02-12 00:00:00'),
(73, NULL, '7702010344527', 35, 12, 'Super Blanco', 'Unidad', 'x75ml', NULL, 1, '2.580', '3.000', '16.28', '1', '2016-08-08 17:58:17'),
(74, NULL, '7702010344510', 35, 12, 'Super Blanco', 'Unidad', 'x100ml', NULL, 1, '3.300', '4.000', '21.21', '1', '2016-08-08 17:58:51'),
(75, NULL, '7702010111716', 10, 12, 'Maxima Prot Anticaries', 'Unidad', 'x63ml', NULL, 1, '2.730', '3.200', '17.22', '1', '2016-03-09 00:00:00'),
(76, NULL, '7891024123898', 10, 12, 'Sensitive Pro Alivio +Blanq', 'Unidad', 'x110gr', NULL, 1, '15.290', '17.580', '15.00', '1', '2016-02-13 00:00:00'),
(77, NULL, '7891024100431', 10, 12, 'Sensitive Pro Alivio Repara es', 'Unidad', 'x110gr', NULL, 1, '15.310', '17.610', '15.00', '1', '2016-02-13 00:00:00'),
(78, NULL, '7702010631672', 10, 37, 'Luminous W 75ml + cep luminous', 'Pack', '', NULL, 1, '13.910', '16.500', '18.62', '1', '2016-08-09 17:40:04'),
(79, NULL, '7509546048338', 10, 12, 'Smiles 6+ años Spiderman', 'Unidad', 'x75ml', NULL, 1, '7.990', '9.500', '18.90', '1', '2016-08-09 16:45:55'),
(80, NULL, '7509546061160', 10, 12, 'Smiles 2-5 años Bob Esp.', 'Unidad', 'x75ml', NULL, 1, '7.990', '9.500', '18.90', '1', '2016-08-09 16:45:21'),
(81, NULL, '7509546061306', 10, 13, '360 4x Interdental', 'Pack', 'x2und', NULL, 1, '13.350', '15.350', '15.00', '1', '2016-02-13 00:00:00'),
(82, NULL, '7891024183021', 10, 14, 'Menta ', 'Unidad', 'x50m', NULL, 1, '6.895', '8.000', '16.03', '1', '2016-05-28 00:00:00'),
(83, NULL, '7891024183182', 10, 14, 'Total', 'Unidad', 'x25m', NULL, 1, '6.900', '8.000', '15.94', '1', '2016-02-20 00:00:00'),
(84, NULL, '7702010420153', 36, 7, 'Avena', 'Unidad', 'x75gr', NULL, 1, '1.730', '2.000', '15.61', '1', '2016-08-09 15:28:01'),
(85, NULL, '7702010920875', 36, 7, 'Limpieza Profunda', 'Unidad', 'x75gr', NULL, 1, '1.730', '2.000', '15.61', '1', '2016-08-09 15:28:29'),
(86, NULL, '', 32, 1, '----', '', '', NULL, 1, '0.000', '0.000', '0.00', '1', '2016-08-09 15:25:19'),
(87, NULL, '772010420269', 36, 7, 'Fresh', 'Unidad', 'x130gr', NULL, 1, '2.340', '2.690', '15.00', '1', '2016-02-13 00:00:00'),
(88, NULL, '772010420337', 36, 7, 'Avena', 'Unidad', 'x130gr', NULL, 1, '2.340', '2.690', '15.00', '1', '2016-02-13 00:00:00'),
(89, NULL, '772010420276', 36, 7, 'Herbal', 'Unidad', 'x130gr', NULL, 1, '2.340', '2.690', '15.00', '1', '2016-02-13 00:00:00'),
(90, NULL, '', 32, 1, '----', '', '', NULL, 1, '0.000', '0.000', '0.00', '1', '2016-08-09 12:34:41'),
(91, NULL, '7702010420887', 36, 7, 'Complete 12', 'Unidad', 'x130gr', NULL, 1, '2.330', '3.000', '28.76', '1', '2016-08-09 12:33:05'),
(92, NULL, '7702010420412', 36, 7, 'Propolis', 'Unidad', 'x130gr', NULL, 1, '2.340', '2.690', '15.00', '1', '2016-02-13 00:00:00'),
(93, NULL, '7702010420832', 36, 7, 'Omega 3', 'Unidad', 'x130gr', NULL, 1, '2.490', '3.000', '20.48', '1', '2016-03-15 00:00:00'),
(94, NULL, '7702010420511', 36, 7, 'Vitamina E', 'Unidad', 'x130gr', NULL, 1, '2.340', '2.690', '15.00', '1', '2016-02-13 00:00:00'),
(95, NULL, '7702010420443', 36, 7, 'Limpieza Profunda', 'Unidad', 'x130gr', NULL, 1, '2.340', '2.690', '15.00', '1', '2016-02-13 00:00:00'),
(96, NULL, '7702010420313', 36, 11, 'Avena', 'Unidad', 'x221ml', NULL, 1, '6.920', '8.500', '22.83', '1', '2016-08-09 15:27:36'),
(97, NULL, '', 10, 38, 'Luminous White 500ml + 250ml', 'Pack', '', NULL, 1, '18.050', '20.760', '15.01', '1', '2016-08-08 18:18:59'),
(98, NULL, '', 10, 38, 'Plax Complete Care 500ml+250ml', 'Pack', '', NULL, 1, '16.240', '18.680', '15.00', '1', '2016-02-15 00:00:00'),
(99, NULL, '772010470080', 37, 34, '24/7 Active 12gr', 'Caja', 'x18sach', NULL, 1, '10.090', '11.600', '15.00', '1', '2016-02-15 00:00:00'),
(100, NULL, '772010470097', 38, 34, 'Double Defense 12gr', 'Caja', 'x18sach', NULL, 1, '10.090', '11.600', '15.00', '1', '2016-02-15 00:00:00'),
(101, NULL, '7509546015545', 38, 30, 'Double Defense Active Fresh', 'Unidad', 'x65gr', NULL, 1, '16.840', '19.500', '15.80', '1', '2016-08-08 18:53:41'),
(102, NULL, '7509546060569', 38, 31, 'Aclarado Perfect', 'Unidad', 'x50ml', NULL, 1, '6.810', '8.000', '17.47', '1', '2016-08-08 18:50:23'),
(103, NULL, '7509546029061', 38, 31, 'Double Defense Floral Fresh', 'Unidad', 'x50ml', NULL, 1, '6.810', '8.000', '17.47', '1', '2016-08-08 18:52:30'),
(104, NULL, '7509546060613', 38, 29, 'Aclarado Perfect', 'Unidad', 'x45gr', NULL, 1, '7.860', '9.040', '15.01', '1', '2016-08-08 18:48:56'),
(105, NULL, '7752902004770', 39, 39, 'Teens corporal', 'Unidad', 'x150ml', NULL, 1, '19.050', '21.910', '15.00', '1', '2016-02-15 00:00:00'),
(106, NULL, '7752902003414', 32, 40, 'Hamamelis', 'Unidad', 'x180ml', NULL, 1, '3.250', '3.740', '15.00', '1', '2016-02-15 00:00:00'),
(107, NULL, '7752902003421', 32, 41, 'Hamamelis', 'Unidad', 'x25gr', NULL, 1, '5.040', '5.800', '15.00', '1', '2016-02-15 00:00:00'),
(108, NULL, '7752902001052', 40, 42, 'Green Mint', 'Unidad', 'x4ml', NULL, 1, '5.160', '5.930', '15.00', '1', '2016-02-15 00:00:00'),
(109, NULL, '', 41, 43, 'x60gr + x60gr', 'Pack', '', NULL, 1, '9.190', '11.000', '19.70', '1', '2016-08-10 08:12:42'),
(110, NULL, '', 41, 44, 'x140gr + x150ml', 'Pack', '', NULL, 1, '14.690', '17.000', '15.72', '1', '2016-08-10 08:15:20'),
(111, NULL, '7752902000901', 41, 43, 'x240gr + x60gr', 'Pack', '', NULL, 1, '13.030', '15.000', '15.12', '1', '2016-08-10 08:15:55'),
(112, NULL, '7752902005517', 42, 3, 'Lavanda', 'Unidad', 'x500ml', NULL, 1, '14.460', '16.630', '15.01', '1', '2016-08-10 08:23:22'),
(113, NULL, '7752902003377', 42, 3, 'Rosas', 'Unidad', 'x500ml', NULL, 1, '14.460', '16.630', '15.01', '1', '2016-08-10 08:22:59'),
(114, NULL, '7752902005524', 42, 3, 'Lavanda', 'Unidad', 'x1000ml', NULL, 1, '20.740', '24.500', '18.13', '1', '2016-08-10 08:21:46'),
(115, NULL, '7752902000765', 42, 3, 'Citrica', 'Unidad', 'x1000ml', NULL, 1, '20.740', '24.500', '18.13', '1', '2016-08-10 08:17:43'),
(116, NULL, '7752902003384', 42, 3, 'Rosas', 'Unidad', 'x1000ml', NULL, 1, '20.740', '24.500', '18.13', '1', '2016-08-10 08:21:57'),
(117, NULL, '7752902006910', 43, 11, 'Antibacterial Flor de Iris', 'Unidad', 'x400ml', NULL, 1, '5.590', '6.500', '16.28', '1', '2016-08-10 08:29:13'),
(118, NULL, '', 11, 21, 'Vital', 'Unidad', '', NULL, 1, '21.870', '25.000', '14.31', '1', '2016-08-08 18:57:29'),
(119, NULL, '7702045551860', 11, 45, 'Vital 20vol 6%', 'Unidad', 'x50ml', NULL, 1, '2.030', '2.500', '23.15', '1', '2016-08-09 08:48:32'),
(120, NULL, '7702045551877', 11, 45, 'Vital 30vol 9%', 'Unidad', 'x50ml', NULL, 1, '2.030', '2.500', '23.15', '1', '2016-08-09 08:49:52'),
(121, NULL, '7702045528121', 44, 46, 'Fuerte', 'Unidad', 'x250ml', NULL, 1, '6.480', '7.450', '15.00', '1', '2016-02-15 00:00:00'),
(122, NULL, '7702045528114', 44, 46, 'Mega fuerte', 'Unidad', 'x250ml', NULL, 1, '6.480', '7.450', '15.00', '1', '2016-02-15 00:00:00'),
(123, NULL, '7702045528107', 44, 46, 'Fuerte', 'Unidad', 'x500ml', NULL, 1, '9.170', '10.550', '15.00', '1', '2016-02-15 00:00:00'),
(124, NULL, '7702045528091', 44, 46, 'Fuerte', 'Unidad', 'x500ml', NULL, 1, '9.170', '10.550', '15.00', '1', '2016-02-15 00:00:00'),
(125, NULL, '7702045490114', 45, 9, 'Todo Tipo Cab Gloss', 'Unidad', 'x230ml', NULL, 1, '8.590', '9.880', '15.00', '1', '2016-02-15 00:00:00'),
(126, NULL, '7702045523799', 45, 9, 'Rizos Controlados Rizado', 'Unidad', 'x230ml', NULL, 1, '8.590', '10.000', '16.41', '1', '2016-08-09 08:55:55'),
(127, NULL, '7702045532029', 45, 9, 'Reparacion Definitiva', 'Unidad', 'x230ml', NULL, 1, '8.590', '10.000', '16.41', '1', '2016-08-09 09:02:03'),
(128, NULL, '7702045541182', 45, 47, 'Tratamiento Oleo Rep', 'Unidad', 'x75ml', NULL, 1, '12.730', '15.000', '17.83', '1', '2016-08-09 09:03:29'),
(129, NULL, '7702045551563', 45, 48, 'Brillo Radiante x375ml +x375ml', 'Pack', '', NULL, 2, '20.440', '23.910', '17.00', '1', '2016-02-19 00:00:00'),
(130, NULL, '7750254001362', 46, 52, 'Silueta Clasico', 'Caja', 'x12amp', NULL, 12, '23.820', '29.540', '24.00', '1', '2016-02-17 00:00:00'),
(131, NULL, '7750254001379', 46, 52, 'Silueta Plus ampolla', 'Caja', 'x12amp', NULL, 12, '23.820', '29.540', '24.00', '1', '2016-02-17 00:00:00'),
(132, NULL, '7702045520187', 47, 49, 'R19', 'Caja', 'x40sach', NULL, 40, '15.990', '20.000', '25.08', '1', '2016-08-09 08:36:10'),
(133, NULL, '7702045534115', 46, 50, 'Silueta Clasicox200ml + x135ml', 'Unidad', '', NULL, 1, '15.270', '18.020', '18.00', '1', '2016-02-17 00:00:00'),
(134, NULL, '7702045534092', 46, 50, 'Silueta Plus x200ml + x135ml', 'Unidad', '', NULL, 1, '15.270', '18.020', '18.00', '1', '2016-02-17 00:00:00'),
(135, NULL, '7702045534085', 46, 51, 'Silueta Plus x500ml +3ampx15ml', 'Pack', '', NULL, 1, '17.710', '20.900', '18.00', '1', '2016-02-17 00:00:00'),
(136, NULL, '7702045534108', 46, 51, 'Silueta Clas x500ml +3ampx15ml', 'Pack', '', NULL, 1, '17.710', '20.900', '18.00', '1', '2016-02-17 00:00:00'),
(137, NULL, '7702045536508', 45, 48, 'Reparacion Definit 375ml+375ml', 'Pack', '', NULL, 2, '20.440', '24.000', '17.42', '1', '2016-08-09 08:51:47'),
(138, NULL, '7702045551570', 45, 48, 'Renovacion total 375ml+375ml', 'Pack', '', NULL, 2, '20.440', '23.910', '17.00', '1', '2016-02-19 00:00:00'),
(139, NULL, '7750254000013', 47, 48, 'Reparacion 19 Seco Mellz ', 'Pack', 'x375ml', NULL, 1, '18.530', '22.000', '18.73', '1', '2016-08-09 08:59:22'),
(140, NULL, '7702045549355', 47, 48, 'Anticaida x375ml +x375ml', 'Pack', '', NULL, 1, '18.530', '22.000', '18.73', '1', '2016-08-09 09:00:04'),
(141, NULL, '7702045520064', 48, 31, 'Mellizos Silk', 'Pack', 'x50ml', NULL, 2, '7.950', '9.940', '25.00', '1', '2016-02-17 00:00:00'),
(142, NULL, '7702045520057', 48, 31, 'Sport Mellizos', 'Unidad', 'x50ml', NULL, 2, '7.950', '9.950', '25.16', '1', '2016-08-09 09:08:05'),
(143, NULL, '7501007465746', 49, 2, 'Aceite de Oliva', 'Unidad', 'x700ml', NULL, 1, '11.600', '13.460', '16.00', '1', '2016-02-17 00:00:00'),
(144, NULL, '7702045520040', 48, 31, 'Men Mllzs 3D Freestyle', 'Pack', 'x50ml', NULL, 2, '7.950', '9.950', '25.16', '1', '2016-08-09 09:08:50'),
(145, NULL, '7702045520095', 48, 31, 'Natural Soft Rose Mellz', 'Pack', 'x50ml', NULL, 2, '7.950', '9.950', '25.16', '1', '2016-08-09 09:09:45'),
(146, NULL, '7702045520033', 48, 31, 'Men 3D Energy Mellz', 'Pack', 'x50ml', NULL, 2, '7.950', '9.950', '25.16', '1', '2016-08-09 09:10:01'),
(147, NULL, '8410190297678', 50, 3, 'Eau de Toilette', 'Unidad', 'x50ml', NULL, 1, '41.430', '48.000', '15.86', '1', '2016-08-09 09:54:35'),
(148, NULL, '751046110300', 50, 7, 'de 50gr', 'Estuche', 'x3und', NULL, 1, '17.500', '20.470', '17.00', '1', '2016-02-16 00:00:00'),
(149, NULL, '8410190890237', 50, 7, 'de 100gr', 'Estuche', 'x3und', NULL, 1, '25.400', '30.990', '22.00', '1', '2016-02-16 00:00:00'),
(150, NULL, '8410190297616', 50, 4, 'Perfumado Con Borla', 'Unidad', 'x150gr', NULL, 1, '35.070', '40.330', '15.00', '1', '2016-02-16 00:00:00'),
(151, NULL, '8410190589568', 50, 4, 'Perfumado', 'Unidad', 'x100gr', NULL, 1, '8.710', '10.020', '15.00', '1', '2016-02-16 00:00:00'),
(152, NULL, '037836092350', 50, 53, 'Delicado Aroma', 'Unidad', 'x400ml', NULL, 1, '15.550', '17.880', '15.00', '1', '2016-02-16 00:00:00'),
(153, NULL, '7501022103166', 51, 2, 'Manzanilla', 'Unidad', 'x250ml', NULL, 1, '8.300', '9.960', '20.00', '1', '2016-02-16 00:00:00'),
(154, NULL, '7501022133118', 51, 2, 'Lavanda y Lechuga', 'Unidad', 'x250ml', NULL, 1, '8.300', '9.960', '20.00', '1', '2016-02-16 00:00:00'),
(155, NULL, '7501022133286', 51, 2, 'Miel', 'Unidad', 'x250ml', NULL, 1, '8.300', '9.960', '20.00', '1', '2016-02-16 00:00:00'),
(156, NULL, '7501022103111', 51, 2, 'Manzanilla', 'Unidad', 'x100ml', NULL, 1, '4.960', '5.950', '20.00', '1', '2016-02-16 00:00:00'),
(157, NULL, '7501022130063', 51, 2, 'Miel', 'Unidad', 'x100ml', NULL, 1, '4.960', '5.950', '20.00', '1', '2016-02-16 00:00:00'),
(158, NULL, '7501022105191', 52, 7, 'Neutro', 'Unidad', 'x100gr', NULL, 1, '3.370', '3.880', '15.00', '1', '2016-02-16 00:00:00'),
(159, NULL, '7501022105337', 52, 7, 'Concha Nacar', 'Unidad', 'x100gr', NULL, 1, '3.370', '3.880', '15.00', '1', '2016-02-16 00:00:00'),
(160, NULL, '7501022150221', 51, 7, 'Neutro Recien Nacido', 'Unidad', 'x90gr', NULL, 1, '3.280', '3.770', '15.00', '1', '2016-02-16 00:00:00'),
(161, NULL, '7501022150214', 51, 7, 'Avena Coloidal', 'Unidad', 'x90gr', NULL, 1, '3.280', '3.770', '15.00', '1', '2016-02-16 00:00:00'),
(162, NULL, '750102215042', 51, 7, 'Miel', 'Unidad', 'x90gr', NULL, 1, '3.280', '3.770', '15.00', '1', '2016-02-16 00:00:00'),
(163, NULL, '7501022150184', 52, 7, 'Exfoliante Algas Marinas', 'Unidad', 'x125gr', NULL, 1, '4.350', '5.000', '15.00', '1', '2016-02-16 00:00:00'),
(164, NULL, '5038483393987', 53, 54, 'Play Vibrations', 'Unidad', '', NULL, 1, '17.240', '20.000', '16.00', '1', '2016-02-16 00:00:00'),
(165, NULL, '7501159731133', 53, 55, 'Clasico', 'Caja', 'x3und', NULL, 1, '4.300', '5.000', '16.28', '1', '2016-08-11 16:11:52'),
(166, NULL, '7501159033565', 53, 55, 'Maximo Placer', 'Caja', 'x3und', NULL, 1, '4.300', '5.000', '16.28', '1', '2016-08-11 16:11:34'),
(167, NULL, '7501159033312', 53, 55, 'Placer Prolongado', 'Caja', 'x3und', NULL, 1, '4.300', '5.000', '16.28', '1', '2016-08-11 16:12:01'),
(168, NULL, '7753282423113', 54, 56, 'Aloe Vera', 'Unidad', 'x90gr', NULL, 1, '1.680', '2.000', '19.05', '1', '2016-03-15 00:00:00'),
(169, NULL, '7753282407366', 54, 56, 'Algas', 'Unidad', 'x90gr', NULL, 1, '1.680', '2.000', '19.05', '1', '2016-03-15 00:00:00'),
(170, NULL, '7753282423120', 54, 56, 'Baby', 'Unidad', 'x90gr', NULL, 1, '1.680', '2.000', '19.05', '1', '2016-03-15 00:00:00'),
(171, NULL, '7753282407373', 54, 56, 'Antibacterial', 'Unidad', 'x90gr', NULL, 1, '1.680', '2.000', '19.05', '1', '2016-03-15 00:00:00'),
(172, NULL, '7753282407342', 54, 56, 'Natural', 'Unidad', 'x90gr', NULL, 1, '1.680', '2.000', '19.05', '1', '2016-03-15 00:00:00'),
(173, NULL, '7753282423144', 54, 56, 'Rosa Mosqueta', 'Unidad', 'x90gr', NULL, 1, '1.680', '2.000', '19.05', '1', '2016-03-15 00:00:00'),
(174, NULL, '0002645', 55, 3, 'OHM Black Spray', 'Unidad', 'x100ml', NULL, 1, '75.000', '99.900', '33.20', '1', '2016-08-12 11:05:06'),
(175, NULL, '0003370', 55, 3, 'Jaque For Men', 'Unidad', 'x75ml', NULL, 1, '69.000', '91.980', '33.30', '1', '2016-02-17 00:00:00'),
(176, NULL, '0003823', 55, 2, 'Kids Manzana', 'Unidad', 'x400ml', NULL, 1, '20.250', '26.990', '33.30', '1', '2016-02-17 00:00:00'),
(177, NULL, '5029040', 55, 57, 'Tempo bañado en Oro', 'Caja', 'x3pares', NULL, 3, '40.000', '46.000', '15.00', '1', '2016-02-17 00:00:00'),
(178, NULL, '0011197', 55, 3, 'Zitrika Limon', 'Unidad', 'x500ml', NULL, 1, '24.000', '34.990', '45.80', '1', '2016-02-17 00:00:00'),
(179, NULL, '0011198', 55, 3, 'Zitrika Mandarina', 'Unidad', 'x500ml', NULL, 1, '24.000', '34.990', '45.80', '1', '2016-02-17 00:00:00'),
(180, NULL, '0004719', 55, 3, 'Soy Fashion', 'Unidad', 'x200ml', NULL, 1, '19.500', '30.000', '53.83', '1', '2016-02-17 00:00:00'),
(181, NULL, '0004718', 55, 3, 'Soy Dulce', 'Unidad', 'x200ml', NULL, 1, '19.500', '30.000', '53.83', '1', '2016-02-17 00:00:00'),
(182, NULL, '0011027', 55, 31, 'Bio Effective Pera manzana', 'Unidad', 'x50gr', NULL, 1, '9.680', '15.000', '55.00', '1', '2016-02-17 00:00:00'),
(183, NULL, '0011026', 55, 31, 'Bio Effective Granada Exotica', 'Unidad', 'x50gr', NULL, 1, '8.330', '15.000', '80.07', '1', '2016-08-12 11:20:40'),
(184, NULL, '0003751', 55, 31, 'OHM Black', 'Unidad', 'x50gr', NULL, 1, '9.730', '15.000', '54.16', '1', '2016-08-12 11:50:43'),
(185, NULL, '0003743', 55, 31, 'OHM', 'Unidad', 'x50gr', NULL, 1, '9.680', '15.000', '55.00', '1', '2016-02-17 00:00:00'),
(186, NULL, '0003741', 55, 31, 'Solo For Men', 'Unidad', 'x50gr', NULL, 1, '9.680', '15.000', '55.00', '1', '2016-02-17 00:00:00'),
(187, NULL, '0003740', 55, 31, 'Arom Pour homme', 'Unidad', 'x50gr', NULL, 1, '9.730', '15.000', '54.16', '1', '2016-08-12 11:50:11'),
(188, NULL, '0003932', 55, 58, 'Clic del Ojo Negro Malicia', 'Unidad', 'x1.2gr', NULL, 1, '12.750', '17.000', '33.30', '1', '2016-02-17 00:00:00'),
(189, NULL, '', 56, 59, 'Hidracolor 2 en 1', 'Unidad', 'x4gr', NULL, 1, '12.540', '18.000', '43.58', '1', '2016-02-17 00:00:00'),
(190, NULL, '', 57, 3, 'Dancing Frag Femenina', 'Unidad', 'x100ml', NULL, 1, '17.940', '34.000', '89.50', '1', '2016-02-17 00:00:00'),
(191, NULL, '', 57, 9, 'Berrylicious Rojo uhh..mecta', 'Unidad', 'x200ml', NULL, 1, '9.670', '13.000', '34.40', '1', '2016-02-17 00:00:00'),
(192, NULL, '', 57, 9, 'Berrylicious Exotic Guar y Gol', 'Unidad', 'x200ml', NULL, 1, '9.670', '13.000', '34.40', '1', '2016-02-17 00:00:00'),
(193, NULL, '', 56, 3, 'Dorsay Fragancia masculina', 'Unidad', 'x100ml', NULL, 1, '47.920', '80.030', '67.00', '1', '2016-02-17 00:00:00'),
(194, NULL, '', 57, 3, 'Miss Sexy', 'Unidad', 'x200ml', NULL, 1, '10.140', '20.000', '97.20', '1', '2016-02-17 00:00:00'),
(195, NULL, '', 56, 3, 'Grazzia', 'Unidad', 'x50ml', NULL, 1, '20.340', '35.000', '72.08', '1', '2016-02-17 00:00:00'),
(196, NULL, '', 56, 3, 'Grazzia Exotic', 'Unidad', 'x50ml', NULL, 1, '20.340', '35.000', '72.08', '1', '2016-02-17 00:00:00'),
(197, NULL, '', 56, 3, 'Freshing familia', 'Unidad', 'x1000ml', NULL, 1, '25.520', '35.000', '37.13', '1', '2016-02-17 00:00:00'),
(198, NULL, '', 56, 3, 'Vanilla Hombre Frag Masculina', 'Unidad', 'x100ml', NULL, 1, '21.540', '45.000', '108.90', '1', '2016-02-17 00:00:00'),
(199, NULL, '', 56, 60, 'GLAMCY', 'Unidad', '', NULL, 1, '34.900', '45.000', '28.93', '1', '2016-02-17 00:00:00'),
(200, NULL, '', 58, 60, 'DETAILLE', 'Unidad', '', NULL, 1, '49.000', '65.000', '32.66', '1', '2016-02-17 00:00:00'),
(201, NULL, '', 58, 61, 'Satin Rouge frag Femenina', 'Unidad', 'x10ml', NULL, 1, '15.950', '20.000', '25.40', '1', '2016-02-17 00:00:00'),
(202, NULL, '', 58, 61, 'Blenight', 'Unidad', 'x10ml', NULL, 1, '15.950', '20.000', '25.40', '1', '2016-02-17 00:00:00'),
(203, NULL, '', 58, 61, 'Liasson mini franci', 'Unidad', 'x10ml', NULL, 1, '15.950', '20.000', '25.40', '1', '2016-02-17 00:00:00'),
(204, NULL, '', 58, 61, 'Bleu intense mini', 'Unidad', 'x10ml', NULL, 1, '15.950', '20.000', '25.40', '1', '2016-02-17 00:00:00'),
(205, NULL, '', 58, 3, 'Liasson Temps', 'Unidad', 'x50ml', NULL, 1, '69.900', '87.380', '25.00', '1', '2016-02-17 00:00:00'),
(206, NULL, '', 56, 3, 'You Emotion', 'Unidad', 'x100ml', NULL, 1, '29.900', '50.000', '67.23', '1', '2016-02-17 00:00:00'),
(207, NULL, '', 56, 3, 'Salvaje frag masculina', 'Unidad', 'x100ml', NULL, 1, '23.900', '38.000', '59.00', '1', '2016-02-18 00:00:00'),
(208, NULL, '', 56, 3, 'Pour Le Bain', 'Unidad', 'x1000ml', NULL, 1, '34.900', '45.020', '29.00', '1', '2016-02-17 00:00:00'),
(209, NULL, '7899089496315', 59, 3, 'Agua de Colonia Baby Baby', 'Unidad', 'x1000ml', NULL, 1, '16.900', '30.000', '77.50', '1', '2016-02-17 00:00:00'),
(210, NULL, '05640725', 59, 5, 'Black Suede', 'Unidad', 'x195ml', NULL, 1, '10.740', '14.000', '30.40', '1', '2016-02-17 00:00:00'),
(211, NULL, '05640210', 59, 5, 'Musk for men', 'Unidad', 'x195ml', NULL, 1, '10.740', '14.000', '30.40', '1', '2016-02-17 00:00:00'),
(212, NULL, '7909189004638', 59, 62, 'Sheen Brillo Extremo', 'Unidad', 'x500gr', NULL, 1, '16.420', '25.000', '52.25', '1', '2016-08-12 08:58:13'),
(213, NULL, '7899089447058', 59, 5, 'Sweet Honesty', 'Unidad', 'x75ml', NULL, 1, '8.160', '10.000', '22.50', '1', '2016-02-18 00:00:00'),
(214, NULL, '7899089448666', 59, 5, 'Toque de Amor', 'Unidad', 'x75ml', NULL, 1, '7.960', '10.000', '25.60', '1', '2016-02-18 00:00:00'),
(215, NULL, '', 56, 3, 'Eros frag masculina', 'Unidad', 'x100ml', NULL, 1, '47.900', '65.000', '35.70', '1', '2016-02-18 00:00:00'),
(216, NULL, '', 56, 3, 'Merci frag masculina ', 'Unidad', 'x50ml', NULL, 1, '31.900', '45.000', '41.07', '1', '2016-02-18 00:00:00'),
(217, NULL, '', 56, 3, 'Kalos Sport frag masculina', 'Unidad', 'x100ml', NULL, 1, '44.900', '65.000', '44.76', '1', '2016-02-18 00:00:00'),
(218, NULL, '', 57, 3, 'Nitro Air frag masculina', 'Unidad', 'x100ml', NULL, 1, '26.900', '65.000', '141.64', '1', '2016-02-20 00:00:00'),
(219, NULL, '', 56, 31, 'Fiori', 'Unidad', 'x50ml', NULL, 1, '6.900', '10.010', '45.00', '1', '2016-02-18 00:00:00'),
(220, NULL, '', 56, 31, 'Salvaje', 'Unidad', 'x50ml', NULL, 1, '6.900', '10.010', '45.00', '1', '2016-02-18 00:00:00'),
(221, NULL, '', 56, 31, 'You', 'Unidad', 'x50ml', NULL, 1, '6.900', '10.010', '45.00', '1', '2016-02-18 00:00:00'),
(222, NULL, '', 56, 31, 'Kalos Sport', 'Unidad', 'x50ml', NULL, 1, '6.900', '10.010', '45.00', '1', '2016-02-18 00:00:00'),
(223, NULL, '', 56, 31, 'Expression', 'Unidad', 'x50ml', NULL, 1, '6.900', '10.010', '45.00', '1', '2016-02-18 00:00:00'),
(224, NULL, '', 56, 31, 'Altheus', 'Unidad', 'x50ml', NULL, 1, '6.900', '10.010', '45.00', '1', '2016-02-18 00:00:00'),
(225, NULL, '', 56, 31, 'Eros', 'Unidad', 'x50ml', NULL, 1, '6.900', '10.010', '45.00', '1', '2016-02-18 00:00:00'),
(226, NULL, '', 56, 31, 'Vanilla Scent', 'Unidad', 'x50ml', NULL, 1, '6.900', '10.010', '45.00', '1', '2016-02-18 00:00:00'),
(227, NULL, '', 56, 31, 'Dorsay', 'Unidad', 'x50ml', NULL, 1, '6.900', '10.010', '45.00', '1', '2016-02-18 00:00:00'),
(228, NULL, '', 57, 31, 'Xpress your body Clarity', 'Unidad', 'x50ml', NULL, 1, '6.900', '10.010', '45.00', '1', '2016-02-18 00:00:00'),
(229, NULL, '', 56, 24, 'Perfect Sun ', 'Unidad', 'x80gr', NULL, 1, '21.900', '28.030', '28.00', '1', '2016-02-18 00:00:00'),
(230, NULL, '', 56, 31, 'Imagenes', 'Unidad', 'x50ml', NULL, 1, '6.900', '10.010', '45.00', '1', '2016-02-18 00:00:00'),
(231, NULL, '', 56, 31, 'Kalos Black', 'Unidad', 'x50ml', NULL, 1, '6.900', '10.010', '45.00', '1', '2016-02-18 00:00:00'),
(232, NULL, '', 56, 31, 'TotalSec unisex', 'Unidad', 'x50ml', NULL, 1, '6.900', '10.010', '45.00', '1', '2016-02-18 00:00:00'),
(233, NULL, '', 56, 31, 'You live', 'Unidad', 'x50ml', NULL, 1, '6.900', '10.010', '45.00', '1', '2016-02-18 00:00:00'),
(234, NULL, '', 56, 31, 'TotalSec Fem', 'Unidad', 'x50ml', NULL, 1, '6.900', '10.010', '45.00', '1', '2016-02-18 00:00:00'),
(235, NULL, '', 56, 31, 'Dorsay Classic', 'Unidad', 'x50ml', NULL, 1, '6.900', '10.010', '45.00', '1', '2016-02-18 00:00:00'),
(236, NULL, '', 57, 31, 'Nitro', 'Unidad', 'x50ml', NULL, 1, '6.900', '10.010', '45.00', '1', '2016-02-18 00:00:00'),
(237, NULL, '', 57, 31, 'Girlink', 'Unidad', 'x50ml', NULL, 1, '6.900', '10.010', '45.00', '1', '2016-02-18 00:00:00'),
(238, NULL, '', 56, 4, 'Imagenes', 'Unidad', 'x50ml', NULL, 1, '0.000', '13.500', '15.00', '1', '2016-03-14 00:00:00'),
(239, NULL, '', 56, 4, 'Vanilla Scent', 'Unidad', 'x50ml', NULL, 1, '9.900', '13.500', '36.36', '1', '2016-03-14 00:00:00'),
(240, NULL, '', 58, 31, 'Dry Effect', 'Unidad', 'x50ml', NULL, 1, '8.900', '11.000', '23.60', '1', '2016-02-18 00:00:00'),
(241, NULL, '', 57, 5, 'Trax So close', 'Unidad', 'x150ml', NULL, 1, '13.900', '16.500', '18.71', '1', '2016-03-10 00:00:00'),
(242, NULL, '', 57, 57, 'Girly Floral', 'Caja', 'x12pares', NULL, 12, '34.900', '60.000', '71.92', '1', '2016-02-18 00:00:00'),
(243, NULL, '', 56, 31, 'Cardigan', 'Unidad', 'x50ml', NULL, 1, '6.300', '9.950', '58.00', '1', '2016-02-18 00:00:00'),
(244, NULL, '', 56, 3, 'Cardigan frag masculina', 'Unidad', 'x100ml', NULL, 1, '30.600', '44.980', '47.00', '1', '2016-02-18 00:00:00'),
(245, NULL, '', 56, 3, 'Sensually Rose femenina', 'Unidad', 'x200ml', NULL, 1, '16.350', '20.030', '22.50', '1', '2016-02-18 00:00:00'),
(246, NULL, '', 56, 3, 'Passion Lilly', 'Unidad', 'x200ml', NULL, 1, '16.350', '20.030', '22.50', '1', '2016-02-18 00:00:00'),
(247, NULL, '', 56, 3, 'Resplandess Floress', 'Unidad', 'x120ml', NULL, 1, '10.450', '15.030', '43.80', '1', '2016-02-18 00:00:00'),
(248, NULL, '', 56, 3, 'Resplandess femenina', 'Unidad', 'x120ml', NULL, 1, '10.450', '15.030', '43.80', '1', '2016-02-18 00:00:00'),
(249, NULL, '', 56, 2, 'Alviento avena+miel cab normal', 'Unidad', 'x1lt', NULL, 1, '0.000', '25.000', '15.00', '1', '2016-02-19 00:00:00'),
(250, NULL, '', 56, 2, 'Alviento aguac+coco cab seco', 'Unidad', 'x1lt', NULL, 1, '0.000', '25.000', '15.00', '1', '2016-02-19 00:00:00'),
(251, NULL, '', 56, 2, 'Alviento almend+trigo 2en1 ', 'Unidad', 'x1lt', NULL, 1, '0.000', '25.000', '15.00', '1', '2016-02-19 00:00:00'),
(252, NULL, '', 56, 2, 'Alviento sabila+limon cab gras', 'Unidad', 'x1lt', NULL, 1, '0.000', '25.000', '15.00', '1', '2016-02-19 00:00:00'),
(253, NULL, '7501006712001', 49, 2, 'Control Caida aceit almendras', 'Unidad', 'x400ml', NULL, 1, '9.100', '10.460', '15.00', '1', '2016-02-19 00:00:00'),
(254, NULL, '', 60, 63, 'Neutralizante Cremoso', 'Unidad', 'x500ml', NULL, 1, '0.000', '8.000', '15.00', '1', '2016-02-19 00:00:00'),
(255, NULL, '7702354934583', 61, 2, 'Sabila nutricion y brillo', 'Unidad', 'x530ml', NULL, 1, '11.240', '13.000', '15.66', '1', '2016-02-19 00:00:00'),
(256, NULL, '7702354934552', 61, 20, 'Sabila y Miel perf suavidad', 'Unidad', 'x530ml', NULL, 1, '11.240', '13.000', '15.66', '1', '2016-02-19 00:00:00'),
(257, NULL, '', 56, 20, 'Alviento sabila+limon cab gras', 'Unidad', 'x400ml', NULL, 1, '0.000', '12.000', '15.00', '1', '2016-02-19 00:00:00'),
(258, NULL, '7506309840000', 7, 2, 'Hidro Cauterizacion', 'Unidad', 'x200ml', NULL, 1, '9.810', '11.500', '17.23', '1', '2016-02-19 00:00:00'),
(259, NULL, '7501001303396', 7, 2, 'Control Caida', 'Unidad', 'x200ml', NULL, 1, '9.810', '11.500', '17.23', '1', '2016-02-19 00:00:00'),
(260, NULL, '7501001169091', 7, 2, 'Rizos Definidos', 'Unidad', 'x200ml', NULL, 1, '9.810', '11.500', '17.23', '1', '2016-02-19 00:00:00'),
(261, NULL, '7501001170288', 7, 2, 'Cuidado Clasico 2en1', 'Unidad', 'x200ml', NULL, 1, '9.810', '11.500', '17.23', '1', '2016-02-19 00:00:00'),
(262, NULL, '7506309863283', 7, 20, 'Reparacion Rejuvenecedora', 'Unidad', 'x200ml', NULL, 1, '9.810', '11.500', '17.23', '1', '2016-02-19 00:00:00'),
(263, NULL, '7501006721294', 7, 20, 'Restauracion', 'Unidad', 'x200ml', NULL, 1, '10.590', '12.180', '15.01', '1', '2016-08-08 10:25:46'),
(264, NULL, '7702045548129', 62, 2, 'Liso Perfecto', 'Unidad', 'x500ml', NULL, 1, '0.000', '15.000', '15.00', '1', '2016-02-19 00:00:00'),
(265, NULL, '7506309805580', 5, 2, 'Fuerza Rejuvenecedora', 'Unidad', 'x700ml', NULL, 1, '0.000', '26.000', '15.00', '1', '2016-02-19 00:00:00'),
(266, NULL, '7702113660586', 63, 48, 'Muss Botanika Negro Profundo', 'Pack', 'x400ml', NULL, 1, '17.100', '22.000', '28.65', '1', '2016-08-11 09:55:47'),
(267, NULL, '7501006707717', 5, 2, 'Men Prevencion Caida', 'Unidad', 'x700ml', NULL, 1, '0.000', '26.000', '15.00', '1', '2016-02-19 00:00:00'),
(268, NULL, '7506309894515', 5, 2, 'Men Old Spice', 'Unidad', 'x700ml', NULL, 1, '0.000', '26.000', '15.00', '1', '2016-02-19 00:00:00'),
(269, NULL, '7506295355090', 5, 2, 'Men 3en1', 'Unidad', 'x700ml', NULL, 1, '0.000', '26.000', '15.00', '1', '2016-02-19 00:00:00'),
(270, NULL, '7506339361711', 5, 2, 'Men Control Grasa instantanea', 'Unidad', 'x700ml', NULL, 1, '0.000', '26.000', '15.00', '1', '2016-02-19 00:00:00'),
(271, NULL, '7501007457802', 7, 2, 'Brillo Extremo', 'Unidad', 'x750ml', NULL, 1, '0.000', '26.000', '15.00', '1', '2016-02-19 00:00:00'),
(272, NULL, '7501001170387', 7, 2, 'Rizos Definidos', 'Unidad', 'x750ml', NULL, 1, '0.000', '26.000', '15.00', '1', '2016-02-19 00:00:00'),
(273, NULL, '7501001168971', 7, 2, 'Cuidado Clasico', 'Unidad', 'x400ml', NULL, 1, '0.000', '16.500', '15.00', '1', '2016-02-19 00:00:00'),
(274, NULL, '7501007457796', 7, 2, 'Brillo Extremo', 'Unidad', 'x400ml', NULL, 1, '0.000', '16.500', '15.00', '1', '2016-02-19 00:00:00'),
(275, NULL, '7501001168995', 7, 2, 'Cuidado Clasico 2en1', 'Unidad', 'x400ml', NULL, 1, '0.000', '16.500', '15.00', '1', '2016-02-19 00:00:00'),
(276, NULL, '7501001165277', 7, 2, 'Liso y Sedoso 2en1', 'Unidad', 'x400ml', NULL, 1, '0.000', '16.500', '15.00', '1', '2016-02-19 00:00:00'),
(277, NULL, '7501001303464', 7, 2, 'Control Caida', 'Unidad', 'x400ml', NULL, 1, '16.320', '16.500', '1.10', '1', '2016-06-30 00:00:00'),
(278, NULL, '7501001164645', 7, 2, 'Rizos Definidos', 'Unidad', 'x400ml', NULL, 1, '16.320', '16.500', '1.10', '1', '2016-06-30 00:00:00'),
(279, NULL, '7506309863306', 7, 20, 'Reparacion Rejuvenecedora', 'Unidad', 'x400ml', NULL, 1, '0.000', '16.500', '15.00', '1', '2016-02-19 00:00:00'),
(280, NULL, '7501001303518', 7, 20, 'Control Caida', 'Unidad', 'x400ml', NULL, 1, '15.450', '16.500', '6.80', '1', '2016-06-30 00:00:00'),
(281, NULL, '7501006721317', 7, 20, 'Restauracion', 'Unidad', 'x400ml', NULL, 1, '0.000', '16.500', '15.00', '1', '2016-02-19 00:00:00'),
(282, NULL, '7501001165260', 7, 20, 'Liso y Sedoso', 'Unidad', 'x400ml', NULL, 1, '0.000', '16.500', '15.00', '1', '2016-02-19 00:00:00'),
(283, NULL, '7506309873701', 7, 2, 'Rizos Definidos 2en1', 'Unidad', 'x100ml', NULL, 1, '0.000', '4.500', '15.00', '1', '2016-02-19 00:00:00'),
(284, NULL, '7506195160435', 7, 2, 'Restauracion', 'Unidad', 'x100ml', NULL, 1, '0.000', '4.500', '15.00', '1', '2016-02-19 00:00:00'),
(285, NULL, '7506339351224', 5, 2, 'Men Control Grasa instantanea', 'Unidad', 'x400ml', NULL, 1, '0.000', '17.500', '15.00', '1', '2016-02-19 00:00:00'),
(286, NULL, '7501001133290', 5, 2, 'Men Menthol Sport', 'Unidad', 'x400ml', NULL, 1, '0.000', '17.500', '15.00', '1', '2016-02-19 00:00:00'),
(287, NULL, '7506309894492', 5, 2, 'Men Old Spice', 'Unidad', 'x400ml', NULL, 1, '0.000', '17.500', '15.00', '1', '2016-02-19 00:00:00'),
(288, NULL, '7501006707694', 5, 2, 'Men Prevencion Caida', 'Unidad', 'x400ml', NULL, 1, '0.000', '17.500', '15.00', '1', '2016-02-19 00:00:00'),
(289, NULL, '7506295355076', 5, 2, 'Men 3en1', 'Unidad', 'x400ml', NULL, 1, '0.000', '17.500', '15.00', '1', '2016-02-19 00:00:00'),
(290, NULL, '7501001133276', 5, 2, 'Limpieza Renovadora', 'Unidad', 'x400ml', NULL, 1, '0.000', '17.500', '15.00', '1', '2016-02-19 00:00:00'),
(291, NULL, '7506195142042', 5, 2, 'Relax Anticoceira', 'Unidad', 'x400ml', NULL, 1, '0.000', '17.500', '15.00', '1', '2016-02-19 00:00:00'),
(292, NULL, '7501001351229', 5, 2, 'Limpieza Renovadora 2en1', 'Unidad', 'x400ml', NULL, 1, '0.000', '17.500', '15.00', '1', '2016-02-19 00:00:00'),
(293, NULL, '7506195120071', 5, 2, 'Manzana Fresh', 'Unidad', 'x400ml', NULL, 1, '0.000', '17.500', '15.00', '1', '2016-02-19 00:00:00'),
(294, NULL, '7501001133283', 5, 2, 'Suave y Manejable 2en1', 'Unidad', 'x400ml', NULL, 1, '0.000', '17.500', '15.00', '1', '2016-02-19 00:00:00'),
(295, NULL, '7506339346039', 5, 2, 'Alivio instantaneo', 'Unidad', 'x400ml', NULL, 1, '0.000', '17.500', '15.00', '1', '2016-02-19 00:00:00'),
(296, NULL, '7506309805610', 5, 20, 'Fuerza Rejuvenecedora', 'Unidad', 'x400ml', NULL, 1, '0.000', '17.500', '15.00', '1', '2016-02-19 00:00:00'),
(297, NULL, '7506195143353', 5, 20, 'Relax Anticoceira', 'Unidad', 'x400ml', NULL, 1, '0.000', '17.500', '15.00', '1', '2016-02-19 00:00:00'),
(298, NULL, '7506295355069', 5, 2, 'Men 3en1', 'Unidad', 'x200ml', NULL, 1, '0.000', '11.500', '15.00', '1', '2016-02-19 00:00:00'),
(299, NULL, '7501001133627', 5, 2, 'Men Menthol Sport', 'Unidad', 'x200ml', NULL, 1, '0.000', '11.500', '15.00', '1', '2016-02-19 00:00:00'),
(300, NULL, '7506309894485', 5, 2, 'Men Old Spice', 'Unidad', 'x200ml', NULL, 1, '0.000', '11.500', '15.00', '1', '2016-02-19 00:00:00'),
(301, NULL, '7506339326468', 5, 2, 'Men Old Spice', 'Unidad', 'x90ml', NULL, 1, '0.000', '4.500', '15.00', '1', '2016-02-19 00:00:00'),
(302, NULL, '7506195148679', 5, 2, 'Suave y Manejable 2en1', 'Unidad', 'x90ml', NULL, 1, '0.000', '4.500', '15.00', '1', '2016-02-19 00:00:00'),
(303, NULL, '7506339326475', 5, 2, 'Proteccion Caida', 'Unidad', 'x90ml', NULL, 1, '0.000', '4.500', '15.00', '1', '2016-02-19 00:00:00'),
(304, NULL, '827755042631', 64, 2, 'Repair & Renew', 'Unidad', 'x350ml', NULL, 1, '8.600', '10.000', '16.28', '1', '2016-02-19 00:00:00'),
(305, NULL, '827755042648', 64, 2, 'Volume Builder', 'Unidad', 'x350ml', NULL, 1, '8.600', '10.000', '16.28', '1', '2016-02-19 00:00:00'),
(306, NULL, '827755042624', 64, 2, 'Moisture Replenisher', 'Unidad', 'x350ml', NULL, 1, '8.600', '10.000', '16.28', '1', '2016-02-19 00:00:00'),
(307, NULL, '827755042600', 64, 2, 'Color Protector', 'Unidad', 'x350ml', NULL, 1, '8.600', '10.000', '16.28', '1', '2016-02-19 00:00:00'),
(308, NULL, '827755052630', 64, 20, 'Rep', 'Unidad', 'x350ml', NULL, 1, '8.600', '10.000', '16.28', '1', '2016-02-19 00:00:00'),
(309, NULL, '7861078306448', 28, 26, 'Invisible Large', 'Unidad', 'x18und', NULL, 18, '47.450', '54.700', '15.28', '1', '2016-02-19 00:00:00'),
(310, NULL, '7861078302020', 28, 64, 'Unitalla', 'Paquete', 'x10und', NULL, 10, '0.000', '15.500', '15.00', '1', '2016-02-20 00:00:00'),
(311, NULL, '7793620922656', 29, 26, 'Classic Large/Grande', 'Paquete', 'x8und', NULL, 8, '0.000', '16.800', '15.00', '1', '2016-02-20 00:00:00'),
(312, NULL, '7751493005470', 22, 26, '1,2 y Arriba Pants XG/XXG', 'Paquete', 'x46und', NULL, 46, '0.000', '49.500', '15.00', '1', '2016-02-20 00:00:00'),
(313, NULL, '7861078304840', 31, 26, 'Plus Grande', 'Paquete', 'x48und', NULL, 48, '30.360', '35.000', '15.28', '1', '2016-02-19 00:00:00'),
(314, NULL, '7751493003940', 29, 26, 'Classic Large/Grande', 'Paquete', 'x20und', NULL, 20, '37.300', '43.000', '15.28', '1', '2016-02-19 00:00:00'),
(315, NULL, '7501019051975', 30, 26, 'Slip Medium', 'Paquete', 'x20und', NULL, 20, '47.800', '55.000', '15.06', '1', '2016-02-19 00:00:00'),
(316, NULL, '7501019051944', 30, 26, 'Slip Medium', 'Paquete', 'x10und', NULL, 10, '25.080', '29.000', '15.63', '1', '2016-02-27 00:00:00'),
(317, NULL, '7702027478611', 30, 26, 'Slip Medium Pega despega', 'Paquete', 'x21und', NULL, 21, '62.550', '72.500', '15.91', '1', '2016-02-19 00:00:00'),
(318, NULL, '7793620922281', 29, 26, 'Protect Large/Grande', 'Paquete', 'x8und', NULL, 8, '0.000', '23.000', '15.00', '1', '2016-02-19 00:00:00'),
(319, NULL, '7702027479496', 30, 26, 'Basic Medium', 'Paquete', 'x21und', NULL, 1, '30.500', '35.070', '15.00', '1', '2016-05-28 00:00:00'),
(320, NULL, '7702027472718', 30, 26, 'Pants Medium', 'Paquete', 'x10und', NULL, 10, '31.980', '37.000', '15.70', '1', '2016-02-19 00:00:00'),
(321, NULL, '7702027472558', 30, 26, 'Basic Large', 'Paquete', 'x20und', NULL, 20, '0.000', '52.500', '15.00', '1', '2016-02-19 00:00:00'),
(322, NULL, '7757266000314', 32, 3, 'Parera Splash Natural', 'Unidad', 'x500ml', NULL, 1, '19.950', '23.000', '15.29', '1', '2016-02-19 00:00:00'),
(323, NULL, '7909189016327', 59, 3, 'Baby Smell', 'Unidad', 'x1lt', NULL, 1, '23.900', '35.000', '46.44', '1', '2016-02-19 00:00:00'),
(324, NULL, '7909189016402', 59, 3, 'Fantasia floral', 'Unidad', 'x1lt', NULL, 1, '23.900', '35.000', '46.44', '1', '2016-02-19 00:00:00'),
(325, NULL, '7752902006484', 65, 3, 'Original x1lt + x35ml', 'Unidad', '', NULL, 1, '26.450', '38.000', '43.67', '1', '2016-02-19 00:00:00'),
(326, NULL, '66213827', 59, 3, 'Agua de Colonia Citrica', '', 'x1lt', NULL, 1, '22.900', '35.000', '52.84', '1', '2016-02-19 00:00:00'),
(327, NULL, '7899089476850', 59, 2, 'Naturals completa repar', 'Unidad', 'x1lt', NULL, 1, '14.900', '25.000', '67.79', '1', '2016-02-19 00:00:00'),
(328, NULL, '26454', 66, 53, 'Nature Secrets aloe y waterme', 'Unidad', 'x750ml', NULL, 1, '0.000', '25.000', '15.00', '1', '2016-02-19 00:00:00'),
(329, NULL, '7501056338626', 67, 2, 'Reconstruccion Estructural', 'Unidad', 'x650ml', NULL, 1, '15.560', '18.000', '15.68', '1', '2016-02-19 00:00:00'),
(330, NULL, '7501056347123', 67, 2, 'Miel y Germen de Trigo', 'Unidad', 'x650ml', NULL, 1, '15.560', '18.000', '15.68', '1', '2016-02-19 00:00:00'),
(331, NULL, '7702006912907', 67, 2, 'Liso Perfecto', 'Unidad', 'x650ml', NULL, 1, '15.560', '18.000', '15.68', '1', '2016-02-19 00:00:00'),
(332, NULL, '7702006912938', 67, 2, 'Rizos Obedientes', 'Unidad', 'x650ml', NULL, 1, '15.560', '18.000', '15.68', '1', '2016-02-19 00:00:00'),
(333, NULL, '7501056344092', 68, 2, 'Men Caida Control', 'Unidad', 'x400ml', NULL, 1, '13.410', '16.000', '19.31', '1', '2016-08-10 09:07:24'),
(334, NULL, '7501056342999', 68, 2, 'Men Dual Effect 2en1', 'Unidad', 'x400ml', NULL, 1, '13.410', '16.000', '19.31', '1', '2016-08-10 09:07:34'),
(335, NULL, '7501056344221', 68, 2, 'Men Ice Cool Menthol', 'Unidad', 'x400ml', NULL, 1, '13.410', '16.000', '19.31', '1', '2016-08-10 09:06:43'),
(336, NULL, '7501056343040', 68, 2, 'Men Ice Cool Menthol', 'Unidad', 'x200ml', NULL, 1, '7.920', '10.000', '26.26', '1', '2016-08-10 09:09:57'),
(337, NULL, '7501056342982', 68, 2, 'Renovacion Diaria', 'Unidad', 'x400ml', NULL, 1, '13.410', '16.000', '19.31', '1', '2016-08-10 09:06:58'),
(338, NULL, '7501056344139', 68, 2, 'Crecimiento y Fuerza', 'Unidad', 'x400ml', NULL, 1, '13.410', '16.000', '19.31', '1', '2016-08-10 09:09:20'),
(339, NULL, '7891150014909', 68, 2, 'Suavidad & Brillo', 'Unidad', 'x400ml', NULL, 1, '13.410', '16.000', '19.31', '1', '2016-08-10 09:07:55'),
(340, NULL, '7501056344085', 68, 2, 'Caida Defense', 'Unidad', 'x400ml', NULL, 1, '13.410', '16.000', '19.31', '1', '2016-08-10 09:07:12'),
(341, NULL, '7501056344030', 68, 2, 'Caida Defense', 'Unidad', 'x200ml', NULL, 1, '7.920', '10.000', '26.26', '1', '2016-02-19 00:00:00'),
(342, NULL, '650240010736', 69, 2, 'Control Canas prevencion caida', 'Unidad', 'x415ml', NULL, 1, '21.030', '25.000', '18.88', '1', '2016-08-08 12:11:51'),
(343, NULL, '650240014581', 69, 20, 'Aclarado Natural aclarante', 'Frasco', 'x415ml', NULL, 1, '21.030', '24.500', '16.50', '1', '2016-06-30 00:00:00'),
(344, NULL, '650240015670', 69, 2, 'Herbolaria Fortalecimiento Capilar', 'Unidad', 'x415ml', NULL, 1, '21.030', '25.000', '18.88', '1', '2016-08-08 12:10:20'),
(345, NULL, '7750075024687', 70, 2, 'Colageno', 'Unidad', 'x250ml', NULL, 1, '13.850', '17.000', '22.74', '1', '2016-02-19 00:00:00'),
(346, NULL, '7750075030848', 70, 2, 'Quinua pro+', 'Unidad', 'x250ml', NULL, 1, '13.850', '17.000', '22.74', '1', '2016-02-19 00:00:00'),
(347, NULL, '7501056338633', 67, 2, 'Reconstruccion Estructural', 'Unidad', 'x350ml', NULL, 1, '11.470', '13.000', '13.34', '1', '2016-02-19 00:00:00'),
(348, NULL, '7702006912921', 67, 2, 'Rizos Obedientes', 'Unidad', 'x350ml', NULL, 1, '12.760', '14.670', '14.97', '1', '2016-08-08 15:09:50'),
(349, NULL, '7791293006789', 67, 2, 'Negros Luminosos', 'Unidad', 'x350ml', NULL, 1, '0.000', '13.000', '15.00', '1', '2016-06-20 00:00:00'),
(350, NULL, '7791293003283', 67, 2, 'Ceramidas', 'Unidad', 'x350ml', NULL, 1, '12.760', '14.670', '15.00', '1', '2016-08-08 15:08:53'),
(351, NULL, '7501056347093', 67, 2, 'Miel y Germen de Trigo', 'Unidad', 'x350ml', NULL, 1, '11.470', '13.000', '13.34', '1', '2016-02-19 00:00:00'),
(352, NULL, '7702006912891', 67, 2, 'Liso Perfecto', 'Unidad', 'x350ml', NULL, 1, '11.470', '13.000', '13.34', '1', '2016-02-19 00:00:00'),
(353, NULL, '7501056332983', 67, 2, 'Liso Perfecto', 'Unidad', 'x350ml', NULL, 1, '11.470', '13.000', '13.34', '1', '2016-02-19 00:00:00'),
(354, NULL, '7501056344634', 67, 2, 'Color Vital', 'Unidad', 'x350ml', NULL, 1, '11.470', '13.000', '13.34', '1', '2016-02-19 00:00:00'),
(355, NULL, '7501056336394', 67, 2, 'SOS Crecimiento Fortificado', 'Unidad', 'x350ml', NULL, 1, '11.470', '13.000', '13.34', '1', '2016-02-19 00:00:00'),
(356, NULL, '7791293021751', 67, 2, 'SOS Caspa 2en1', 'Unidad', 'x350ml', NULL, 1, '12.760', '14.460', '13.34', '1', '2016-08-08 15:10:58'),
(357, NULL, '7791293003382', 67, 2, 'Duo 2en1', 'Unidad', 'x350ml', NULL, 1, '11.470', '13.000', '13.34', '1', '2016-02-19 00:00:00'),
(358, NULL, '7506078947894', 71, 2, 'Elvive Repara Total5', 'Unidad', 'x400ml', NULL, 1, '13.790', '16.000', '16.03', '1', '2016-02-19 00:00:00'),
(359, NULL, '7506078934603', 71, 2, 'Elvive Jalea Real', 'Unidad', 'x400ml', NULL, 1, '13.790', '16.000', '16.03', '1', '2016-02-19 00:00:00'),
(360, NULL, '7506078926912', 71, 2, 'Elvive Color Vive', 'Unidad', 'x400ml', NULL, 1, '13.790', '16.000', '16.03', '1', '2016-02-19 00:00:00'),
(361, NULL, '7509552906219', 71, 2, 'Elvive Kera Liso', 'Unidad', 'x400ml', NULL, 1, '13.790', '16.000', '16.03', '1', '2016-02-19 00:00:00'),
(362, NULL, '7506078959033', 71, 2, 'Elvive Color Vive', 'Unidad', 'x200ml', NULL, 1, '0.000', '10.000', '0.00', '1', '2016-02-19 00:00:00'),
(363, NULL, '7899026487079', 71, 20, 'Elvive Kera Liso', 'Unidad', 'x400ml', NULL, 1, '13.790', '16.000', '16.03', '1', '2016-02-19 00:00:00'),
(364, NULL, '7506078926929', 71, 20, 'Elvive Color Vive', 'Unidad', 'x400ml', NULL, 1, '13.790', '16.000', '16.03', '1', '2016-02-19 00:00:00');
INSERT INTO `producto` (`id_producto`, `codigo_producto`, `codigo_barra`, `id_marca`, `id_tipo_producto`, `descripcion`, `presentacion`, `contenido`, `unidad_medida`, `fraccion`, `ult_precio_compra`, `ult_precio_venta`, `utilidad`, `estado`, `ult_modificacion`) VALUES
(365, NULL, '7509552900064', 71, 20, 'Elvive Caida Resit Arginina', 'Unidad', 'x400ml', NULL, 1, '13.790', '16.000', '16.03', '1', '2016-02-19 00:00:00'),
(366, NULL, '7506078947900', 71, 20, 'Elvive Repara Total5', 'Unidad', 'x400ml', NULL, 1, '13.790', '16.000', '16.03', '1', '2016-02-19 00:00:00'),
(367, NULL, '650240007019', 72, 2, 'Ketoconazol 1%', 'Unidad', 'x130ml', NULL, 1, '26.310', '30.500', '15.93', '1', '2016-08-08 11:49:29'),
(368, NULL, '7791293006741', 67, 20, 'Negros Luminosos', 'Unidad', 'x350ml', NULL, 1, '12.760', '14.670', '14.97', '1', '2016-08-08 15:12:38'),
(369, NULL, '7791293008677', 67, 20, 'Liso Perfecto', 'Unidad', 'x350ml', NULL, 1, '11.470', '13.000', '13.34', '1', '2016-02-19 00:00:00'),
(370, NULL, '7791293008660', 67, 20, 'Rizos Obedientes', 'Unidad', 'x350ml', NULL, 1, '12.760', '14.670', '14.97', '1', '2016-08-08 15:12:17'),
(371, NULL, '7501056347116', 67, 20, 'Miel y Germen de Trigo', 'Unidad', 'x350ml', NULL, 1, '11.470', '13.000', '13.34', '1', '2016-02-19 00:00:00'),
(372, NULL, '', 67, 20, 'SOS Crecimiento Fortificado', 'Unidad', 'x350ml', NULL, 1, '11.470', '13.000', '13.34', '1', '2016-02-19 00:00:00'),
(373, NULL, '7791293003801', 67, 20, 'Ceramidas', 'Unidad', 'x350ml', NULL, 1, '12.760', '14.670', '14.97', '1', '2016-08-08 15:11:34'),
(374, NULL, '4005808313167', 4, 53, 'Waterlily & oil', 'Unidad', 'x250ml', NULL, 1, '8.210', '12.000', '46.16', '1', '2016-08-09 12:15:56'),
(375, NULL, '7702113692417', 63, 48, 'Vitane Nature fresh', 'Pack', 'x400ml', NULL, 2, '23.800', '29.000', '21.85', '1', '2016-08-11 17:23:02'),
(376, NULL, '7702113660135', 63, 48, 'Vitane Men Accion Anticaspa', 'Pack', 'x400ml', NULL, 1, '21.850', '29.000', '32.72', '1', '2016-08-11 17:22:54'),
(377, NULL, '7702113660722', 63, 48, 'Vitane Men Accion Anticaida', 'Pack', 'x400ml', NULL, 1, '23.800', '29.000', '21.85', '1', '2016-08-11 17:22:41'),
(378, NULL, '7702045511314', 45, 48, 'Liso Asiatico x375ml+x375ml', 'Pack', '', NULL, 2, '20.450', '24.000', '17.36', '1', '2016-02-19 00:00:00'),
(379, NULL, '7702045548839', 45, 48, '2en1 Keratina x375ml+x375ml', 'Pack', '', NULL, 2, '20.450', '24.000', '17.36', '1', '2016-02-19 00:00:00'),
(380, NULL, '7702045511307', 45, 48, 'Todo tip cab Glosx375ml+x375ml', 'Pack', '', NULL, 2, '20.450', '24.000', '17.36', '1', '2016-08-09 08:57:05'),
(381, NULL, '7702045520583', 45, 2, 'Todo tip cab Glosx200ml+x375ml', 'Unidad', '', NULL, 2, '11.600', '17.000', '46.55', '1', '2016-03-15 00:00:00'),
(382, NULL, '7891150019423', 73, 2, 'Control Caida', 'Unidad', 'x400ml', NULL, 1, '15.970', '17.500', '9.58', '1', '2016-08-08 12:30:42'),
(383, NULL, '7891150025370', 73, 20, 'Puntas Reconstruidas', 'Unidad', 'x400ml', NULL, 1, '15.970', '17.500', '9.58', '1', '2016-07-28 00:00:00'),
(384, NULL, '7891150017337', 73, 20, 'Oleo Nutricion', 'Unidad', 'x400ml', NULL, 1, '15.970', '17.500', '9.58', '1', '2016-08-08 12:28:58'),
(385, NULL, '7791293004976', 73, 20, 'Reconstruccion Completa', 'Unidad', 'x400ml', NULL, 1, '15.970', '17.500', '9.58', '1', '2016-07-28 00:00:00'),
(386, NULL, '7891150019430', 73, 20, 'Control Caida', 'Unidad', 'x400ml', NULL, 1, '15.970', '17.500', '9.58', '1', '2016-07-28 00:00:00'),
(387, NULL, '7791293005027', 73, 2, 'Hidratacion Intensa', 'Unidad', 'x400ml', NULL, 1, '15.970', '17.500', '9.58', '1', '2016-07-28 00:00:00'),
(388, NULL, '7891150017368', 73, 2, 'Oleo Nutricion', 'Unidad', 'x400ml', NULL, 1, '15.970', '17.500', '6.45', '1', '2016-07-28 00:00:00'),
(389, NULL, '7891150025387', 73, 2, 'Puntas Reconstruidas', 'Unidad', 'x400ml', NULL, 1, '15.970', '17.500', '9.58', '1', '2016-07-28 00:00:00'),
(390, NULL, '7506295302292', 74, 2, 'Hidradisiaco', 'Unidad', 'x300ml', NULL, 1, '10.140', '12.000', '18.34', '1', '2016-02-19 00:00:00'),
(391, NULL, '7506339320213', 74, 2, 'al Desnudo 0%silicona', 'Unidad', 'x300ml', NULL, 1, '10.140', '12.000', '18.34', '1', '2016-02-19 00:00:00'),
(392, NULL, '7506295302322', 74, 2, 'Prolongalo', 'Unidad', 'x300ml', NULL, 1, '10.140', '12.000', '18.34', '1', '2016-02-19 00:00:00'),
(393, NULL, '7506295302278', 74, 2, 'Curvas Peligrosas', 'Unidad', 'x300ml', NULL, 1, '10.140', '12.000', '18.34', '1', '2016-02-19 00:00:00'),
(394, NULL, '7506295302285', 74, 2, 'Enciendete', 'Unidad', 'x300ml', NULL, 1, '10.140', '12.000', '18.34', '1', '2016-02-19 00:00:00'),
(395, NULL, '7891024179925', 10, 65, 'PerioGard sin alcohol', 'Unidad', 'x250ml', NULL, 1, '11.740', '13.500', '14.99', '1', '2016-02-20 00:00:00'),
(396, NULL, '7891024136621', 10, 38, 'Plax Complete Care', 'Unidad', 'x500ml', NULL, 1, '14.830', '17.000', '14.63', '1', '2016-02-20 00:00:00'),
(397, NULL, '7891024179437', 10, 38, 'Luminous White', 'Unidad', 'x500ml', NULL, 1, '14.830', '17.000', '14.63', '1', '2016-02-20 00:00:00'),
(398, NULL, '7891024179420', 10, 38, 'Luminous White', 'Unidad', 'x250ml', NULL, 1, '11.050', '12.500', '13.12', '1', '2016-08-08 18:39:46'),
(399, NULL, '7506339394153', 15, 38, 'Pro Salud Sensi Soft', 'Unidad', 'x500ml', NULL, 1, '13.280', '15.500', '16.72', '1', '2016-02-20 00:00:00'),
(400, NULL, '7702035435552', 75, 38, 'Control Calculo/Sarro', 'Unidad', 'x360ml', NULL, 1, '14.070', '16.200', '15.14', '1', '2016-02-20 00:00:00'),
(401, NULL, '7702035432339', 75, 38, 'Cool Mint', 'Unidad', 'x500ml', NULL, 1, '14.750', '17.000', '15.25', '1', '2016-06-30 00:00:00'),
(402, NULL, '7702035422323', 75, 38, 'Proteccion Dientes y Encias', 'Unidad', 'x500ml', NULL, 1, '16.490', '19.000', '15.22', '1', '2016-06-30 00:00:00'),
(403, NULL, '7702035833839', 75, 38, 'Cuidado Total', 'Unidad', 'x500ml', NULL, 1, '18.550', '21.000', '13.21', '1', '2016-06-30 00:00:00'),
(404, NULL, '7751851010276', 76, 66, 'Colutorio', 'Unidad', 'x500ml', NULL, 1, '13.030', '15.000', '15.12', '1', '2016-02-20 00:00:00'),
(405, NULL, '7702354029791', 77, 2, 'Fusion Maxima Proteccion', 'Unidad', 'x230ml', NULL, 1, '10.030', '11.500', '14.66', '1', '2016-02-20 00:00:00'),
(406, NULL, '7702354029777', 77, 2, 'Black Limpieza Efectiva', 'Unidad', 'x230ml', NULL, 1, '10.030', '11.500', '14.66', '1', '2016-02-20 00:00:00'),
(407, NULL, '7702354012755', 77, 2, 'Force Fortalece la raiz', 'Unidad', 'x230ml', NULL, 1, '10.030', '11.500', '14.66', '1', '2016-02-20 00:00:00'),
(408, NULL, '7702354929732', 77, 2, 'Force Fortalece la raiz', 'Unidad', 'x400ml', NULL, 1, '14.680', '17.000', '15.80', '1', '2016-02-20 00:00:00'),
(409, NULL, '7702354929589', 77, 2, 'Black Limpieza Efectiva', 'Unidad', 'x400ml', NULL, 1, '14.680', '17.000', '15.80', '1', '2016-02-20 00:00:00'),
(410, NULL, '7506295358077', 21, 26, 'Juegos y Sueños XXG', 'Unidad', 'x8und', NULL, 8, '0.000', '9.000', '15.00', '1', '2016-02-20 00:00:00'),
(411, NULL, '7506195122129', 21, 26, 'Juegos y Sueños XXG 8tripacs', 'Paquete', 'x24und', NULL, 8, '23.620', '27.000', '14.31', '1', '2016-03-08 00:00:00'),
(412, NULL, '7501006745078', 21, 26, 'Juegos y Sueños G', 'Paquete', 'x20und', NULL, 20, '15.910', '17.000', '6.85', '1', '2016-03-08 00:00:00'),
(413, NULL, '7506195122105', 21, 26, 'Juegos y Sueños G x 10 Tripacs', 'Paquete', 'x30und', NULL, 10, '22.300', '26.000', '16.59', '1', '2016-08-08 11:05:14'),
(414, NULL, '7506309827360', 21, 26, 'Juegos y Sueños P', 'Paquete', 'x24und', NULL, 24, '0.000', '18.000', '15.00', '1', '2016-03-08 00:00:00'),
(415, NULL, '7506309829111', 21, 26, 'Juegos y Sueños P 2pacs', 'Paquete', 'x28und', NULL, 14, '19.590', '23.000', '17.41', '1', '2016-08-08 11:08:04'),
(416, NULL, '7506339399394', 21, 26, 'Juegos y Sueños P ', 'Paquete', 'x48und', NULL, 48, '23.710', '30.000', '26.53', '1', '2016-08-08 10:15:15'),
(417, NULL, '7506195100950', 21, 26, 'Recien Nacido', 'Paquete', 'x40und', NULL, 40, '16.720', '22.000', '31.58', '1', '2016-02-20 00:00:00'),
(418, NULL, '7501006721027', 21, 26, 'Juegos y Sueños M', 'Paquete', 'x72und', NULL, 72, '42.270', '49.000', '15.92', '1', '2016-08-08 11:37:05'),
(419, NULL, '7501006713893', 21, 26, 'Juegos y Sueños G', 'Paquete', 'x60und', NULL, 60, '42.270', '49.000', '15.92', '1', '2016-08-08 11:34:08'),
(420, NULL, '7501006721034', 21, 26, 'Juegos y Sueños XXG', 'Paquete', 'x48und', NULL, 48, '38.710', '44.500', '14.96', '1', '2016-03-21 00:00:00'),
(421, NULL, '3014260279165', 15, 12, 'Pro Salud Stages MIX', 'Unidad', 'x75ml', NULL, 1, '6.680', '7.700', '15.27', '1', '2016-06-30 00:00:00'),
(422, NULL, '', 57, 42, 'Be Close', 'Unidad', 'x12ml', NULL, 1, '0.000', '6.500', '15.00', '1', '2016-02-20 00:00:00'),
(423, NULL, '7750215869192', 78, 67, 'Lipstick Frambuesa', 'Unidad', 'x5gr', NULL, 1, '0.000', '4.000', '15.00', '1', '2016-02-20 00:00:00'),
(424, NULL, '7702018083374', 8, 68, 'Prestobarba', 'Unidad', 'x25gr', NULL, 1, '0.000', '3.000', '15.00', '1', '2016-02-20 00:00:00'),
(425, NULL, '', 79, 69, 'de Lujo', 'Unidad', 'x25ml', NULL, 1, '0.000', '1.500', '15.00', '1', '2016-02-20 00:00:00'),
(426, NULL, '7750215002483', 78, 70, 'Puro Clean', 'Unidad', 'x80gr', NULL, 1, '0.000', '6.000', '15.00', '1', '2016-02-20 00:00:00'),
(427, NULL, '7509546052892', 10, 37, 'Kit Portatil Total 12', 'Estuche', '', NULL, 1, '0.000', '12.000', '15.00', '1', '2016-02-20 00:00:00'),
(428, NULL, '7751257550925', 23, 15, 'Anatomica Silicona 4-8m N°2', 'Unidad', '', NULL, 1, '0.000', '3.500', '15.00', '1', '2016-02-20 00:00:00'),
(429, NULL, '7751257550956', 23, 15, 'Anatomica Silicon 12m+ ext gra', 'Unidad', '', NULL, 1, '3.220', '4.000', '24.22', '1', '2016-08-10 10:57:24'),
(430, NULL, '7751257550949', 23, 15, 'Anatomica Silicona 8-12m N°3', 'Unidad', '', NULL, 1, '0.000', '3.500', '15.00', '1', '2016-02-20 00:00:00'),
(431, NULL, '7702031132844', 6, 18, 'Puro', 'Unidad', 'x50ml', NULL, 1, '5.100', '6.000', '17.65', '1', '2016-06-30 00:00:00'),
(432, NULL, '7891010031046', 6, 18, 'Puro', 'Unidad', 'x100ml', NULL, 1, '9.570', '11.010', '15.05', '1', '2016-08-08 12:05:45'),
(433, NULL, '7891010031145', 6, 18, 'Con aloe y vitamina E', 'Unidad', 'x100ml', NULL, 1, '9.570', '11.010', '15.05', '1', '2016-08-08 12:05:04'),
(434, NULL, '7790010581813', 6, 18, 'Recien Nacido', 'Unidad', 'x100ml', NULL, 1, '0.000', '11.000', '15.00', '1', '2016-02-20 00:00:00'),
(435, NULL, '7702031734628', 6, 18, 'Par antes de Dormir', 'Unidad', 'x100ml', NULL, 1, '9.570', '11.000', '14.94', '1', '2016-08-08 12:05:18'),
(436, NULL, '7501086454181', 82, 13, 'Doble Accion Profile Duro', 'Pack', 'x2und', NULL, 1, '5.050', '8.000', '58.42', '1', '2016-08-08 12:02:10'),
(437, NULL, '7501006731132', 15, 13, 'Pro Salud antibac/90 dias prot', 'Pack', 'x2und', NULL, 1, '9.650', '11.500', '19.17', '1', '2016-08-10 10:18:14'),
(438, NULL, '', 10, 13, '360° Antibacterial', 'Pack', 'x2und', NULL, 1, '10.210', '13.000', '27.33', '1', '2016-02-22 00:00:00'),
(439, NULL, '7501086472055', 82, 13, 'Doble Accion Profile Duro', 'Unidad', 'x1und', NULL, 1, '4.510', '5.200', '15.30', '1', '2016-08-08 16:31:46'),
(440, NULL, '3014260823320', 15, 13, 'Pro Salud 90 Dias de Proteccio', 'Unidad', 'x1und', NULL, 1, '6.360', '7.500', '17.92', '1', '2016-02-22 00:00:00'),
(441, NULL, '7702010130342', 10, 13, '360° Sensitive Pro Alivio', 'Unidad', 'x1und', NULL, 1, '11.560', '13.300', '15.05', '1', '2016-02-22 00:00:00'),
(442, NULL, '7501065012227', 9, 13, 'Clean & Flex firm', 'Unidad', 'x1und', NULL, 1, '5.960', '7.000', '17.45', '1', '2016-02-22 00:00:00'),
(443, NULL, '7501086494644', 82, 13, 'Niños Suave', 'Unidad', 'x1und', NULL, 1, '4.310', '5.000', '16.01', '1', '2016-02-22 00:00:00'),
(444, NULL, '3014260318130', 15, 13, 'Indicator Plus Suave 40', 'Unidad', 'x1und', NULL, 1, '4.310', '5.000', '16.01', '1', '2016-02-22 00:00:00'),
(445, NULL, '3014260279264', 15, 13, 'Pro Salud Stages 5-7 años', 'Unidad', 'x1und', NULL, 1, '6.360', '7.500', '17.92', '1', '2016-02-22 00:00:00'),
(446, NULL, '3014260279288', 15, 13, 'Pro Salud Stages 2-4 años', 'Unidad', 'x1und', NULL, 1, '6.650', '8.450', '27.12', '1', '2016-06-16 00:00:00'),
(447, NULL, '3014260278939', 15, 13, 'Pro Salud Stages 4-24 meses', 'Unidad', 'x1und', NULL, 1, '5.900', '7.500', '27.12', '1', '2016-02-22 00:00:00'),
(448, NULL, '7794640171321', 9, 13, 'Baby Teeth 0-2 años', 'Unidad', 'x1und', NULL, 1, '6.000', '6.800', '13.33', '1', '2016-02-22 00:00:00'),
(449, NULL, '7794640171345', 9, 13, 'My Big Teeth 6+ años', 'Unidad', 'x1und', NULL, 1, '5.480', '7.000', '27.74', '1', '2016-02-22 00:00:00'),
(450, NULL, '6934741705211', 83, 13, 'Kids Soft', 'Unidad', 'x1und', NULL, 1, '0.000', '3.500', '15.00', '1', '2016-02-22 00:00:00'),
(451, NULL, '7591083011104', 10, 13, 'Niños 5+ años', 'Unidad', 'x1und', NULL, 1, '7.500', '8.630', '15.07', '1', '2016-08-08 18:17:21'),
(452, NULL, '7793100151231', 10, 13, 'Niños 5+ años Infantil', 'Unidad', 'x1und', NULL, 1, '0.000', '3.500', '15.00', '1', '2016-03-12 00:00:00'),
(453, NULL, '7591083011098', 10, 13, 'Niños 2-5 años Barbie', 'Unidad', 'x1und', NULL, 1, '7.500', '9.000', '20.00', '1', '2016-08-08 18:10:33'),
(454, NULL, '7793100151224', 10, 13, 'Niños 2+ años Infantil', 'Unidad', 'x1und', NULL, 1, '0.000', '3.500', '15.00', '1', '2016-03-12 00:00:00'),
(455, NULL, '3014260806767', 15, 13, '3D White Advantage Medio40', 'Unidad', 'x1und', NULL, 1, '10.160', '11.700', '15.16', '1', '2016-02-22 00:00:00'),
(456, NULL, '7591083011081', 10, 13, 'Niños 0-2 años ', 'Unidad', 'x1und', NULL, 1, '7.497', '8.700', '16.05', '1', '2016-05-28 00:00:00'),
(457, NULL, '3014260278922', 15, 13, 'Pro Salud Stages 8+ Años', 'Unidad', 'x1und', NULL, 1, '6.360', '7.500', '17.92', '1', '2016-02-22 00:00:00'),
(458, NULL, '6934741703200', 83, 13, 'Kids Soft 3+ años', 'Unidad', 'x1und', NULL, 1, '0.000', '3.500', '15.00', '1', '2016-02-22 00:00:00'),
(459, NULL, '', 84, 71, 'Classic Germany', 'Estuche', '', NULL, 1, '0.000', '12.500', '15.00', '1', '2016-02-22 00:00:00'),
(460, NULL, '7509552909166', 71, 52, 'Elvive Oleo Extraordinario', 'Caja', 'x3amp', NULL, 3, '0.000', '22.500', '15.00', '1', '2016-03-16 00:00:00'),
(461, NULL, '7752999002178', 60, 45, 'Orlox 60vol', 'Unidad', 'x60ml', NULL, 1, '0.000', '3.500', '15.00', '1', '2016-03-16 00:00:00'),
(462, NULL, '', 60, 52, 'Neutr Cremo +Permanente huevo', 'Pack', 'x114', NULL, 1, '0.000', '13.500', '15.00', '1', '2016-02-22 00:00:00'),
(463, NULL, '7752999001904', 60, 52, 'Protective CPS2', 'Unidad', 'x13ml', NULL, 1, '0.000', '3.000', '15.00', '1', '2016-02-22 00:00:00'),
(464, NULL, '', 12, 21, 'Una aplicacion', 'Unidad', '', NULL, 1, '0.000', '23.000', '15.00', '1', '2016-02-22 00:00:00'),
(465, NULL, '', 12, 21, 'Duo Pack', 'Unidad', '', NULL, 1, '17.190', '19.800', '15.18', '1', '2016-06-30 00:00:00'),
(466, NULL, '7909189001255', 59, 52, 'Advance Tech Alisado Extend', 'Unidad', 'x30ml', NULL, 1, '11.170', '20.000', '79.05', '1', '2016-02-23 00:00:00'),
(467, NULL, '7909189001231', 59, 52, 'Advance Tech Restaur Intensiva', 'Unidad', 'x30ml', NULL, 1, '11.170', '20.000', '79.05', '1', '2016-02-23 00:00:00'),
(468, NULL, '7899089444071', 59, 7, 'ClearSkin deep Cleansing', 'Unidad', 'x90gr', NULL, 1, '10.420', '16.000', '53.55', '1', '2016-02-23 00:00:00'),
(469, NULL, '7909189026630', 59, 3, 'Disney Princess Blanca Nieves', 'Unidad', 'x150ml', NULL, 1, '9.900', '15.000', '51.52', '1', '2016-08-12 09:37:06'),
(470, NULL, '7909189026548', 59, 3, 'Disney Princess Bella', 'Unidad', 'x150ml', NULL, 1, '9.970', '16.000', '60.48', '1', '2016-02-23 00:00:00'),
(471, NULL, '7909189011872', 59, 72, 'Care Aloe Vera', 'Unidad', 'x1lt', NULL, 1, '19.950', '30.000', '50.38', '1', '2016-02-23 00:00:00'),
(472, NULL, '7909189014552', 59, 72, 'Care Triple Accion', 'Unidad', 'x1lt', NULL, 1, '19.950', '30.000', '50.38', '1', '2016-02-23 00:00:00'),
(473, NULL, '7899089476621', 59, 2, 'Naturals Cab Maxima Hidratacio', 'Unidad', 'x300ml', NULL, 1, '7.450', '14.000', '87.92', '1', '2016-02-23 00:00:00'),
(474, NULL, '7899089476829', 59, 2, 'Naturals Cab Hidratacion y Vit', 'Unidad', 'x300ml', NULL, 1, '7.450', '14.000', '87.92', '1', '2016-02-23 00:00:00'),
(475, NULL, '7899089476805', 59, 9, 'Naturals Cab Completa Reparaci', 'Unidad', 'x300gr', NULL, 1, '7.450', '14.000', '87.92', '1', '2016-02-23 00:00:00'),
(476, NULL, '7899089476720', 59, 9, 'Naturals Cab Hidratacion y Vit', 'Unidad', 'x300gr', NULL, 1, '7.450', '14.000', '87.92', '1', '2016-02-23 00:00:00'),
(477, NULL, '7899089476737', 59, 9, 'Naturals Cab Maxima Hidratacio', 'Unidad', 'x300gr', NULL, 1, '7.450', '14.000', '87.92', '1', '2016-02-23 00:00:00'),
(478, NULL, '7899089473569', 59, 31, 'On Duty cool confidence', 'Unidad', 'x50ml', NULL, 1, '4.100', '6.500', '58.54', '1', '2016-02-23 00:00:00'),
(479, NULL, '7899089486880', 59, 31, 'On Duty Invisible', 'Unidad', 'x50ml', NULL, 1, '4.100', '6.500', '58.54', '1', '2016-02-23 00:00:00'),
(480, NULL, '7899089473552', 59, 31, 'On Duty Pink Spirit', 'Unidad', 'x50ml', NULL, 1, '4.100', '6.500', '58.54', '1', '2016-02-23 00:00:00'),
(481, NULL, '48958', 59, 31, 'Skin So Soft Soft & smooth', 'Unidad', 'x50ml', NULL, 1, '4.100', '6.500', '58.54', '1', '2016-02-23 00:00:00'),
(482, NULL, '17831', 59, 31, 'Skin So Soft Soft & white', 'Unidad', 'x50ml', NULL, 1, '4.100', '6.500', '58.54', '1', '2016-02-23 00:00:00'),
(483, NULL, '59750', 59, 31, 'Skin So Soft Signature silk', 'Unidad', 'x50ml', NULL, 1, '4.100', '6.500', '58.54', '1', '2016-02-23 00:00:00'),
(484, NULL, '7899089473750', 59, 31, 'On Duty Men Invisible', 'Unidad', 'x50ml', NULL, 1, '4.100', '6.500', '58.54', '1', '2016-02-23 00:00:00'),
(485, NULL, '7899089479585', 59, 31, 'On Duty Men max', 'Unidad', 'x50ml', NULL, 1, '4.100', '6.500', '58.54', '1', '2016-02-23 00:00:00'),
(486, NULL, '7899089487535', 59, 31, 'Exclusive', 'Unidad', 'x50ml', NULL, 1, '3.450', '6.500', '88.41', '1', '2016-08-12 10:37:13'),
(487, NULL, '42088', 59, 31, 'Musk for men', 'Unidad', 'x50ml', NULL, 1, '3.690', '6.500', '76.15', '1', '2016-02-23 00:00:00'),
(488, NULL, '7899089484336', 59, 3, 'Exclusive', 'Unidad', 'x100ml', NULL, 1, '26.840', '40.000', '49.03', '1', '2016-08-12 09:52:14'),
(489, NULL, '42086', 59, 3, 'Musk for men', 'Unidad', 'x100ml', NULL, 1, '18.450', '30.000', '62.60', '1', '2016-02-23 00:00:00'),
(490, NULL, '7909189015573', 59, 3, 'Black Suede', 'Unidad', 'x100ml', NULL, 1, '17.430', '30.000', '72.12', '1', '2016-02-23 00:00:00'),
(491, NULL, '58695', 59, 72, 'Skin So Soft Blossoming petals', 'Unidad', 'x250ml', NULL, 1, '12.450', '15.600', '25.30', '1', '2016-02-23 00:00:00'),
(492, NULL, '58696', 59, 3, 'Skin So Soft Blossoming petals', 'Unidad', 'x120ml', NULL, 1, '12.450', '15.600', '25.30', '1', '2016-02-23 00:00:00'),
(493, NULL, '66226262', 59, 4, 'Musk for men', 'Unidad', 'x100gr', NULL, 1, '7.380', '10.000', '35.50', '1', '2016-02-23 00:00:00'),
(494, NULL, '66271156', 59, 4, 'Black Suede', 'Unidad', 'x100gr', NULL, 1, '6.980', '10.000', '43.27', '1', '2016-02-23 00:00:00'),
(495, NULL, '', 13, 21, 'Cor Intensa', 'Unidad', '', NULL, 1, '7.770', '10.000', '28.70', '1', '2016-02-23 00:00:00'),
(496, NULL, '', 13, 21, 'Nutrisser Mascara Nutricolor', 'Unidad', '', NULL, 1, '0.000', '17.500', '15.00', '1', '2016-02-23 00:00:00'),
(497, NULL, '', 71, 21, 'Excellence Creme', 'Unidad', '', NULL, 1, '23.250', '26.500', '13.98', '1', '2016-08-11 17:25:09'),
(498, NULL, '', 71, 21, 'Excellence Casting', 'Unidad', '', NULL, 1, '22.870', '26.000', '13.69', '1', '2016-02-23 00:00:00'),
(499, NULL, '', 85, 21, 'Coloracion en crema sachet', 'Unidad', '', NULL, 1, '2.850', '3.500', '22.81', '1', '2016-02-23 00:00:00'),
(500, NULL, '7899089435536', 59, 73, 'ColorTrend Rosa Intenso', 'Unidad', 'x7gr', NULL, 1, '0.000', '15.000', '15.00', '1', '2016-02-23 00:00:00'),
(501, NULL, '7702626363042', 86, 74, 'Blanco', 'Unidad', 'x60ml', NULL, 1, '7.700', '8.900', '15.58', '1', '2016-02-23 00:00:00'),
(502, NULL, '628814000018', 59, 13, 'Cepillo 4 en 1', 'Unidad', '', NULL, 1, '0.000', '13.500', '15.00', '1', '2016-02-23 00:00:00'),
(503, NULL, '7591005574014', 87, 75, '45 noches Protecc zancud', 'Unidad', 'x32.9ml', NULL, 1, '0.000', '15.000', '15.00', '1', '2016-03-16 00:00:00'),
(504, NULL, '7591005677791', 87, 76, 'Unidad Electrica + pastillas', 'Unidad', 'x4past', NULL, 1, '0.000', '13.800', '15.00', '1', '2016-02-23 00:00:00'),
(505, NULL, '041333431482', 88, 22, 'AAA ', 'Unidad', 'x2und', NULL, 1, '2.990', '4.500', '50.50', '1', '2016-02-23 00:00:00'),
(506, NULL, '847610008749', 89, 77, 'Colageno', 'Unidad', '', NULL, 1, '0.000', '18.000', '15.00', '1', '2016-02-23 00:00:00'),
(507, NULL, '8809389036202', 90, 77, 'Hydrogel', 'Unidad', '', NULL, 1, '0.000', '15.000', '15.00', '1', '2016-02-23 00:00:00'),
(508, NULL, '650240009693', 16, 79, 'Beige Mate polvo', 'Unidad', 'x10gr', NULL, 1, '27.200', '31.300', '15.07', '1', '2016-08-08 16:01:26'),
(509, NULL, '650240009709', 16, 79, 'Natural Mate', 'Unidad', 'x10gr', NULL, 1, '27.200', '31.300', '15.07', '1', '2016-08-08 16:02:06'),
(510, NULL, '650240009686', 16, 79, 'Bronce Mate', 'Unidad', 'x10gr', NULL, 1, '27.200', '31.300', '15.07', '1', '2016-08-08 16:01:42'),
(511, NULL, '650240010576', 16, 155, 'Claro Mate', 'Unidad', 'x10gr', NULL, 1, '27.200', '31.300', '15.07', '1', '2016-08-08 16:01:57'),
(512, NULL, '7501056332686', 91, 80, 'Rejuveness', 'Unidad', 'x12gr', NULL, 1, '0.000', '9.000', '15.03', '1', '2016-02-23 00:00:00'),
(513, NULL, '7506306226678', 91, 80, 'Clarant B3', 'Unidad', 'x12gr', NULL, 1, '8.050', '9.000', '11.80', '1', '2016-06-30 00:00:00'),
(514, NULL, '7506306226661', 91, 80, 'Angel Face', 'Unidad', 'x12gr', NULL, 1, '8.050', '9.000', '11.80', '1', '2016-06-30 00:00:00'),
(515, NULL, '7501056344672', 91, 80, 'Oil Control', 'Unidad', 'x12gr', NULL, 1, '0.000', '9.000', '15.03', '1', '2016-02-23 00:00:00'),
(516, NULL, '7751257016322', 23, 81, 'Extra Gruesas 2paqx100und', 'Unidad', '', NULL, 3, '17.590', '19.500', '10.86', '1', '2016-03-12 00:00:00'),
(517, NULL, '7290000720814', 23, 81, 'Extra Gruesas', 'Unidad', 'x72und', NULL, 1, '0.000', '8.500', '15.00', '1', '2016-02-23 00:00:00'),
(518, NULL, '7751257014861', 23, 81, 'Extra Gruesas', 'Unidad', 'x100und', NULL, 1, '0.000', '10.000', '15.00', '1', '2016-03-12 00:00:00'),
(519, NULL, '7759598002929', 92, 81, 'Flip Top', 'Unidad', 'x60und', NULL, 1, '0.000', '6.800', '15.00', '1', '2016-02-23 00:00:00'),
(520, NULL, '7759598004589', 92, 81, 'Flip Top', 'Unidad', 'x120und', NULL, 1, '0.000', '0.000', '15.00', '1', '2016-02-23 00:00:00'),
(521, NULL, '7759598004688', 92, 81, 'Flip Top Tamaño familiar', 'Unidad', 'x100und', NULL, 1, '0.000', '0.000', '15.00', '1', '2016-02-23 00:00:00'),
(522, NULL, '4015400636496', 21, 81, 'Sensitive', 'Unidad', 'x12und', NULL, 1, '1.720', '2.000', '16.28', '1', '2016-02-23 00:00:00'),
(523, NULL, '', 21, 81, 'Fresh Clean', 'Unidad', 'x64und', NULL, 1, '7.450', '8.500', '14.09', '1', '2016-02-25 00:00:00'),
(524, NULL, '4015400550440', 21, 81, 'Locion con Vit E', 'Unidad', 'x64und', NULL, 1, '7.450', '8.500', '14.09', '1', '2016-02-25 00:00:00'),
(525, NULL, '7702031258056', 6, 17, 'Sin Alcohol', 'Unidad', 'x70und', NULL, 1, '6.100', '7.000', '14.75', '1', '2016-03-16 00:00:00'),
(526, NULL, '7861078304253', 31, 81, 'Aloe', 'Unidad', 'x48und', NULL, 1, '0.000', '7.500', '15.00', '1', '2016-02-23 00:00:00'),
(527, NULL, '7751257016889', 93, 81, 'Extragruesas Aloe Vera', 'Unidad', 'x60und', NULL, 1, '3.920', '4.500', '14.80', '1', '2016-03-15 00:00:00'),
(528, NULL, '036000188400', 22, 81, 'Natural Care Sof Sensitive', 'Unidad', 'x16und', NULL, 1, '0.000', '6.500', '15.00', '1', '2016-02-23 00:00:00'),
(529, NULL, '7891010936624', 6, 81, 'Hora de jugar', 'Unidad', 'x25und', NULL, 1, '7.060', '8.500', '20.40', '1', '2016-08-10 09:47:51'),
(530, NULL, '7800018173658', 94, 81, 'Dermocare', 'Unidad', 'x60und', NULL, 1, '0.000', '8.000', '15.00', '1', '2016-02-23 00:00:00'),
(531, NULL, '7800018174624', 94, 81, 'Aloecare', 'Unidad', 'x50und', NULL, 1, '0.000', '7.500', '15.00', '1', '2016-02-25 00:00:00'),
(532, NULL, '7861078302358', 95, 82, 'con Aloe Calendula', 'Unidad', 'x50und', NULL, 1, '14.280', '16.500', '15.55', '1', '2016-02-23 00:00:00'),
(533, NULL, '7891040137985', 96, 83, 'Ponjita Esp de Celulosa', 'Unidad', '', NULL, 1, '0.000', '13.600', '15.00', '1', '2016-02-23 00:00:00'),
(534, NULL, '7891040137961', 96, 83, 'CURAUA Naturals', 'Unidad', '', NULL, 1, '9.880', '11.500', '16.40', '1', '2016-02-23 00:00:00'),
(535, NULL, '7891040141418', 96, 83, 'CURAUA Naturals Con Espuma', 'Unidad', '', NULL, 1, '10.400', '12.000', '15.38', '1', '2016-02-23 00:00:00'),
(536, NULL, '7891040118649', 96, 83, 'Ponjita Disney Princesa', 'Unidad', '', NULL, 1, '0.000', '15.000', '15.38', '1', '2016-03-16 00:00:00'),
(537, NULL, '207481542757', 97, 84, 'Professional Grade', 'Unidad', '', NULL, 1, '11.650', '14.500', '24.46', '1', '2016-02-23 00:00:00'),
(538, NULL, '4007669243669', 98, 84, '10cm', 'Unidad', '', NULL, 1, '24.350', '30.000', '23.20', '1', '2016-02-23 00:00:00'),
(539, NULL, '4894285000338', 59, 85, 'Disney Princesas minicep', 'Unidad', '', NULL, 1, '0.000', '7.000', '15.00', '1', '2016-02-23 00:00:00'),
(540, NULL, '', 99, 86, 'Accesorio Profesional', 'Unidad', '', NULL, 1, '0.000', '3.500', '15.00', '1', '2016-02-23 00:00:00'),
(541, NULL, '6901000139841', 100, 87, 'Ladies Manicure', 'Unidad', '', NULL, 1, '0.000', '15.000', '15.00', '1', '2016-03-15 00:00:00'),
(542, NULL, '7702035430090', 75, 38, 'Control Calculo/Sarro', 'Unidad', 'x180ml', NULL, 1, '8.240', '9.500', '15.29', '1', '2016-08-08 11:19:07'),
(543, NULL, '7702031587637', 75, 38, 'Zero', 'Unidad', 'x180ml', NULL, 1, '7.740', '9.000', '16.28', '1', '2016-02-23 00:00:00'),
(544, NULL, '7702035833815', 75, 38, 'Cuidado Total', 'Unidad', 'x180ml', NULL, 1, '9.220', '10.600', '15.00', '1', '2016-08-08 11:19:29'),
(545, NULL, '7506295307754', 15, 38, '3D White Brillante fresh', 'Unidad', '', NULL, 1, '8.070', '9.500', '17.72', '1', '2016-02-23 00:00:00'),
(546, NULL, '7891024130940', 10, 38, 'Plax Soft Mint', 'Unidad', '', NULL, 1, '0.000', '10.000', '15.00', '1', '2016-02-23 00:00:00'),
(547, NULL, '7891024131077', 10, 38, 'Plax Complete Care', 'Unidad', 'x250ml', NULL, 1, '9.900', '11.500', '16.16', '1', '2016-02-23 00:00:00'),
(548, NULL, '7750215635087', 78, 88, 'QuitaEsmalte Limon', 'Unidad', 'x30ml', NULL, 1, '1.230', '1.500', '21.95', '1', '2016-02-23 00:00:00'),
(549, NULL, '7750215635070', 78, 88, 'QuitaEsmalte Fresa', 'Unidad', 'x30ml', NULL, 1, '1.230', '1.500', '21.95', '1', '2016-02-23 00:00:00'),
(550, NULL, '7750215635032', 78, 88, 'QuitaEsmalte Fresa', 'Unidad', 'x70ml', NULL, 1, '2.010', '2.500', '24.38', '1', '2016-02-23 00:00:00'),
(551, NULL, '7750215635049', 78, 88, 'QuitaEsmalte Limon', 'Unidad', 'x70ml', NULL, 1, '2.010', '2.500', '24.38', '1', '2016-02-23 00:00:00'),
(552, NULL, '7750215228623', 78, 88, 'QuitaEsmalte Limon', 'Unidad', 'x175ml', NULL, 1, '3.800', '4.500', '18.42', '1', '2016-02-23 00:00:00'),
(553, NULL, '7750215635056', 78, 88, 'QuitaEsmalte Fresa', 'Unidad', 'x175ml', NULL, 1, '3.800', '4.500', '18.42', '1', '2016-02-23 00:00:00'),
(554, NULL, '7501015903315', 101, 88, 'Original', 'Unidad', 'x50ml', NULL, 1, '4.850', '5.600', '15.46', '1', '2016-02-23 00:00:00'),
(555, NULL, '7501015903322', 101, 88, 'Endurecedor', 'Unidad', 'x50ml', NULL, 1, '4.850', '5.600', '15.46', '1', '2016-02-23 00:00:00'),
(556, NULL, '7501015903339', 101, 88, 'Extra Humectante', 'Unidad', 'x50ml', NULL, 1, '4.850', '5.600', '15.46', '1', '2016-02-23 00:00:00'),
(557, NULL, '7501015903407', 101, 88, 'Extra Humectante', 'Unidad', 'x100ml', NULL, 1, '6.350', '7.300', '14.96', '1', '2016-02-23 00:00:00'),
(558, NULL, '7501015903353', 101, 88, 'Endurecedor', 'Unidad', 'x100ml', NULL, 1, '6.350', '7.300', '14.96', '1', '2016-02-23 00:00:00'),
(559, NULL, '7501015903346', 101, 88, 'Original', 'Unidad', 'x100ml', NULL, 1, '6.350', '7.300', '14.96', '1', '2016-02-23 00:00:00'),
(560, NULL, '', 102, 52, 'Tricopherous', 'Unidad', 'x100ml', NULL, 1, '0.000', '4.500', '15.00', '1', '2016-02-23 00:00:00'),
(561, NULL, '', 102, 52, 'Tricopherous', 'Unidad', 'x220ml', NULL, 1, '0.000', '6.000', '15.00', '1', '2016-02-23 00:00:00'),
(562, NULL, '', 102, 52, 'Tricopherous Fortificado', 'Unidad', 'x100ml', NULL, 1, '0.000', '6.500', '15.00', '1', '2016-02-23 00:00:00'),
(563, NULL, '7702354934606', 61, 9, 'Sabila y miel', 'Unidad', 'x275ml', NULL, 1, '8.250', '12.000', '45.45', '1', '2016-08-08 11:53:33'),
(564, NULL, '7506339334357', 8, 10, 'Pretobarba3 verde', 'Unidad', '', NULL, 1, '0.000', '3.500', '15.00', '1', '2016-02-23 00:00:00'),
(565, NULL, '7702027040252', 18, 89, 'Natural Buenas Noches', 'Unidad', 'x10und', NULL, 1, '5.210', '6.000', '15.16', '1', '2016-08-08 11:16:10'),
(566, NULL, '7702027040467', 18, 89, 'Invisible Rapigel', 'Unidad', 'x10und', NULL, 1, '3.380', '4.000', '18.34', '1', '2016-08-08 16:07:37'),
(567, NULL, '7702027041587', 18, 89, 'Buenas Noches Invis Rapisec', 'Unidad', 'x10und', NULL, 1, '5.210', '6.000', '15.16', '1', '2016-08-08 11:17:47'),
(568, NULL, '7702027494512', 18, 89, 'Natural Invisible Clasic ', 'Unidad', 'x10und', NULL, 1, '2.900', '3.500', '20.69', '1', '2016-02-25 00:00:00'),
(569, NULL, '7702027041556', 18, 89, 'Natural Invisible ', 'Unidad', 'x14und', NULL, 1, '6.210', '7.500', '20.77', '1', '2016-08-08 16:13:24'),
(570, NULL, '7702027436802', 18, 89, 'Frescura Extrema', 'Unidad', 'x8und', NULL, 1, '4.700', '5.500', '17.02', '1', '2016-02-25 00:00:00'),
(571, NULL, '7702027419454', 18, 89, 'Natural Plus ', 'Unidad', 'x14und', NULL, 1, '4.940', '5.680', '14.98', '1', '2016-08-08 16:17:54'),
(572, NULL, '7702027040917', 18, 89, 'Plus Rapisec', 'Unidad', 'x16und', NULL, 1, '5.250', '6.000', '14.29', '1', '2016-02-25 00:00:00'),
(573, NULL, '7702027042942', 18, 89, 'Ultra invisible Algod', 'Unidad', 'x8und', NULL, 1, '4.270', '5.000', '17.10', '1', '2016-06-30 00:00:00'),
(574, NULL, '7702027416880', 18, 89, 'Natural Invisible Algodon', 'Unidad', 'x8und', NULL, 1, '3.880', '4.500', '15.98', '1', '2016-08-08 16:14:30'),
(575, NULL, '6910021007206', 10, 13, 'Premier Clean', 'Unidad', '', NULL, 1, '0.000', '1.800', '15.00', '1', '2016-02-25 00:00:00'),
(576, NULL, '7501086454617', 82, 13, 'Multiple Accion', 'Pack', 'x2und', NULL, 1, '5.480', '7.000', '27.74', '1', '2016-08-10 09:46:44'),
(577, NULL, '7509546008370', 10, 13, 'Zig Zag', 'Unidad', 'x2und', NULL, 1, '5.530', '6.500', '17.54', '1', '2016-08-09 17:26:38'),
(578, NULL, '7506295383123', 103, 89, 'Platinum Collection Nocturna', 'Unidad', 'x8und', NULL, 1, '4.750', '5.500', '15.79', '1', '2016-08-10 11:28:14'),
(579, NULL, '7501001169374', 103, 89, 'Noches Tranquilas Flexi Alas', 'Unidad', 'x8und', NULL, 1, '4.340', '5.000', '15.21', '1', '2016-08-10 11:19:59'),
(580, NULL, '7501065922724', 103, 89, 'Proteccion Total dia', 'Unidad', 'x8und', NULL, 1, '4.350', '5.000', '15.00', '1', '2016-02-25 00:00:00'),
(581, NULL, '7506295383130', 103, 89, 'Platinum Collection Ultrafino', 'Unidad', 'x8und', NULL, 1, '4.210', '5.000', '18.76', '1', '2016-08-10 11:29:18'),
(582, NULL, '7590002012383', 103, 89, 'Noches Tranquilas utrafin flex', 'Unidad', 'x8und', NULL, 1, '5.240', '6.020', '14.94', '1', '2016-08-10 11:22:50'),
(583, NULL, '7506195129838', 103, 89, 'Pink Proteccion Total norm', 'Unidad', 'x8und', NULL, 1, '3.720', '4.500', '20.97', '1', '2016-08-10 11:16:35'),
(584, NULL, '7506339337464', 103, 89, 'Suave Super Proteccion', 'Unidad', 'x8und', NULL, 1, '2.590', '3.000', '15.83', '1', '2016-08-10 11:16:01'),
(585, NULL, '7501065922755', 103, 89, 'Ultra Active ultrafino', 'Unidad', 'x8und', NULL, 1, '4.870', '5.600', '15.00', '1', '2016-08-10 11:21:41'),
(586, NULL, '7702027434020', 18, 89, 'Diarios Normal Algo PH balan', 'Unidad', 'x15und', NULL, 1, '2.380', '2.740', '15.13', '1', '2016-08-08 16:17:12'),
(587, NULL, '7702027048548', 18, 89, 'Diarios Desod Normal', 'Unidad', 'x15und', NULL, 1, '2.110', '2.500', '18.48', '1', '2016-02-25 00:00:00'),
(588, NULL, '7702027444685', 18, 89, 'Diarios Multiestilo', 'Unidad', 'x15und', NULL, 1, '2.250', '2.600', '15.56', '1', '2016-02-25 00:00:00'),
(589, NULL, '7702027444562', 18, 89, 'Diarios Dobles 2en1', 'Unidad', 'x50und', NULL, 1, '7.510', '8.700', '15.85', '1', '2016-08-08 16:07:09'),
(590, NULL, '7702031500605', 104, 89, 'Desodorante', 'Unidad', 'x15und', NULL, 1, '2.750', '3.200', '16.36', '1', '2016-02-25 00:00:00'),
(591, NULL, '7702031500377', 104, 89, 'Diario Desodorante', 'Unidad', 'x15und', NULL, 1, '2.750', '3.200', '16.36', '1', '2016-05-28 00:00:00'),
(592, NULL, '7702031501398', 104, 89, 'Diario Brisa', 'Unidad', 'x15und', NULL, 1, '2.750', '3.200', '16.36', '1', '2016-05-28 00:00:00'),
(593, NULL, '7702027482694', 18, 89, 'Normal Algodon PH balan', 'Unidad', 'x100und', NULL, 1, '12.060', '14.000', '16.09', '1', '2016-08-08 16:29:44'),
(594, NULL, '7702031954507', 104, 89, 'Largo', 'Unidad', 'x40und', NULL, 1, '6.390', '7.500', '17.37', '1', '2016-02-25 00:00:00'),
(595, NULL, '7702031504382', 104, 89, 'Brisa', 'Unidad', 'x40und', NULL, 1, '6.390', '7.500', '17.37', '1', '2016-02-25 00:00:00'),
(596, NULL, '7702031502548', 104, 89, 'Original', 'Unidad', 'x40und', NULL, 1, '6.390', '7.500', '17.37', '1', '2016-02-25 00:00:00'),
(597, NULL, '7702027482908', 18, 89, 'Diarios Desodorante Normal', 'Unidad', 'x60und', NULL, 1, '7.120', '8.500', '19.38', '1', '2016-03-09 00:00:00'),
(598, NULL, '7702027435409', 18, 90, 'Sin aplicador Digital 5+5 Super', 'Pack', '', NULL, 1, '0.000', '6.700', '15.00', '1', '2016-03-09 00:00:00'),
(599, NULL, '7759307245845', 105, 75, 'Repelente de Insectos', 'Unidad', 'x100ml', NULL, 1, '0.000', '12.800', '15.00', '1', '2016-03-16 00:00:00'),
(600, NULL, '7759307114585', 106, 75, 'Repelente de Insectos', 'Unidad', 'x55ml', NULL, 1, '9.210', '10.600', '15.09', '1', '2016-02-25 00:00:00'),
(601, NULL, '7751851004190', 107, 75, 'Repelente de Insectos', 'Unidad', 'x90ml', NULL, 1, '5.830', '6.700', '15.00', '1', '2016-02-25 00:00:00'),
(602, NULL, '7591005004917', 108, 75, 'Repelente de Insectos', 'Unidad', 'x127gr', NULL, 1, '12.220', '14.050', '14.98', '1', '2016-02-25 00:00:00'),
(603, NULL, '7501059316805', 109, 46, 'Firme y Natural', 'Unidad', 'x200gr', NULL, 1, '5.360', '6.200', '15.67', '1', '2016-02-25 00:00:00'),
(604, NULL, '7501059312227', 109, 46, 'Fijador For Men', 'Unidad', 'x400gr', NULL, 1, '8.210', '9.500', '15.71', '1', '2016-02-25 00:00:00'),
(605, NULL, '7752999003113', 60, 46, 'Lano.Brill Lan Styl x100g+x260g', 'Pack', '', NULL, 1, '11.500', '15.000', '30.43', '1', '2016-08-11 11:42:59'),
(606, NULL, '7702354931216', 77, 46, 'Extreme Max', 'Unidad', 'x100gr', NULL, 1, '2.340', '3.000', '28.21', '1', '2016-02-25 00:00:00'),
(607, NULL, '7702354931209', 77, 46, 'Extreme Max', 'Unidad', 'x220gr', NULL, 1, '6.450', '7.420', '15.04', '1', '2016-03-15 00:00:00'),
(608, NULL, '7702354936082', 77, 46, 'Black cool', 'Unidad', 'x100gr', NULL, 1, '2.340', '3.000', '28.21', '1', '2016-02-25 00:00:00'),
(609, NULL, '7702354936099', 77, 46, 'Black cool', 'Unidad', 'x220gr', NULL, 1, '5.830', '7.000', '20.07', '1', '2016-02-25 00:00:00'),
(610, NULL, '7702354936105', 77, 46, 'Black cool', 'Unidad', 'x505gr', NULL, 1, '10.800', '12.500', '15.74', '1', '2016-06-30 00:00:00'),
(611, NULL, '7702354931193', 77, 46, 'Extreme Max', 'Unidad', 'x500gr', NULL, 1, '11.580', '13.500', '16.58', '1', '2016-06-30 00:00:00'),
(612, NULL, '7751370000697', 23, 91, 'Para bebes', 'Unidad', 'x300und', NULL, 1, '7.070', '8.500', '20.23', '1', '2016-02-25 00:00:00'),
(613, NULL, '7891010032937', 6, 91, 'Cotonetes', 'Unidad', 'x150und', NULL, 1, '8.370', '9.700', '15.89', '1', '2016-08-08 12:08:53'),
(614, NULL, '7751370000475', 110, 91, 'Buds', 'Unidad', 'x300und', NULL, 1, '5.350', '6.500', '21.50', '1', '2016-02-25 00:00:00'),
(615, NULL, '7891010560737', 6, 91, 'Cotonetes', 'Unidad', 'x75und', NULL, 1, '5.960', '6.900', '15.77', '1', '2016-08-08 12:08:28'),
(616, NULL, '7891010047764', 6, 91, 'Cotonetes', 'Unidad', 'x300und', NULL, 1, '10.940', '12.580', '14.99', '1', '2016-08-08 12:07:57'),
(617, NULL, '7702425546059', 111, 17, 'Classic', 'Unidad', 'x10und', NULL, 1, '0.000', '1.000', '15.00', '1', '2016-03-16 00:00:00'),
(618, NULL, '46061160', 10, 12, 'Smiles 2-5 años Barbie', 'Unidad', 'x75ml', NULL, 1, '7.990', '9.500', '18.90', '1', '2016-08-09 16:45:30'),
(619, NULL, '7509546003122', 10, 12, 'Smiles 6+ años Barbie', 'Unidad', 'x75ml', NULL, 1, '7.990', '9.500', '18.90', '1', '2016-08-09 16:45:47'),
(620, NULL, '7759307789851', 112, 33, 'Crema Nocturna', 'Unidad', 'x100ml', NULL, 1, '0.000', '17.300', '15.00', '1', '2016-02-25 00:00:00'),
(621, NULL, '7898487301566', 113, 92, 'CHRONOS', 'Unidad', 'x15gr', NULL, 1, '0.000', '70.000', '15.00', '1', '2016-03-14 00:00:00'),
(622, NULL, '7898487302068', 113, 33, 'CHRONOS', 'Unidad', 'x50gr', NULL, 1, '0.000', '65.000', '15.00', '1', '2016-03-14 00:00:00'),
(623, NULL, '', 58, 33, 'Concentre Total', 'Unidad', 'x50gr', NULL, 1, '0.000', '209.000', '15.00', '1', '2016-03-16 00:00:00'),
(624, NULL, '', 58, 33, 'Concentre Total Yeux', 'Unidad', 'x15gr', NULL, 1, '0.000', '207.000', '15.00', '1', '2016-03-16 00:00:00'),
(625, NULL, '26248', 59, 33, 'Naturals face extra hum rosa m', 'Unidad', 'x75gr', NULL, 1, '0.000', '8.500', '15.00', '1', '2016-02-25 00:00:00'),
(626, NULL, '4005900030887', 4, 33, 'Aclarado Radiante de noche', 'Unidad', 'x50ml', NULL, 1, '0.000', '26.000', '15.00', '1', '2016-02-25 00:00:00'),
(627, NULL, '7750215228555', 78, 8, 'Concha de Nacar', 'Unidad', 'x120gr', NULL, 1, '0.000', '12.000', '15.00', '1', '2016-02-25 00:00:00'),
(628, NULL, '', 58, 33, 'Concentre total REPUESTO', 'Unidad', 'x50gr', NULL, 1, '0.000', '0.000', '15.00', '1', '2016-03-16 00:00:00'),
(629, NULL, '7702027444548', 18, 89, 'Diarios Dobles 2en1', 'Unidad', 'x100und', NULL, 1, '0.000', '16.000', '15.00', '1', '2016-03-11 00:00:00'),
(630, NULL, '7702031787563', 114, 89, 'Especial Suave con Alas Adapt', 'Unidad', 'x10und', NULL, 1, '2.700', '3.200', '18.52', '1', '2016-02-25 00:00:00'),
(631, NULL, '7702031787570', 114, 89, 'Especial Suave con Alas Normal', 'Unidad', 'x10und', NULL, 1, '2.700', '3.200', '18.52', '1', '2016-02-25 00:00:00'),
(632, NULL, '7891010025878', 114, 89, 'Max Suave Nocturma', 'Unidad', 'x8und', NULL, 1, '5.300', '6.000', '13.21', '1', '2016-03-16 00:00:00'),
(633, NULL, '7702027042935', 18, 89, 'Extra Proteccion Suavesec', 'Unidad', 'x8und', NULL, 1, '4.060', '4.670', '15.02', '1', '2016-02-25 00:00:00'),
(634, NULL, '7702027419126', 18, 89, 'Natural Plus Algodon', 'Unidad', 'x8und', NULL, 1, '3.050', '3.510', '15.08', '1', '2016-02-25 00:00:00'),
(635, NULL, '7759307006538', 115, 93, 'Men azul', 'Unidad', 'x75gr', NULL, 1, '11.120', '12.790', '15.00', '1', '2016-02-25 00:00:00'),
(636, NULL, '7759307624657', 115, 93, 'Rojo', 'Unidad', 'x36gr', NULL, 1, '6.220', '7.200', '15.76', '1', '2016-06-30 00:00:00'),
(637, NULL, '7759307006545', 115, 93, 'Men', 'Unidad', 'x36gr', NULL, 1, '6.220', '7.200', '15.76', '1', '2016-06-30 00:00:00'),
(638, NULL, '7759307624688', 115, 93, 'Rojo', 'Unidad', 'x75gr', NULL, 1, '11.120', '12.790', '15.00', '1', '2016-02-25 00:00:00'),
(639, NULL, '7751851014052', 116, 93, 'Sport con aloe', '', 'x80gr', NULL, 1, '0.000', '6.000', '15.00', '1', '2016-02-25 00:00:00'),
(640, NULL, '7501056330484', 91, 33, 'Rejuveness', 'Unidad', 'x50gr', NULL, 1, '12.530', '15.000', '19.71', '1', '2016-08-10 09:29:35'),
(641, NULL, '7501056330491', 91, 33, 'Rejuveness', 'Unidad', 'x100gr', NULL, 1, '18.830', '21.500', '14.18', '1', '2016-06-30 00:00:00'),
(642, NULL, '7501056330255', 91, 33, 'Clarant B3 Seca', 'Unidad', 'x50gr', NULL, 1, '10.990', '12.640', '15.00', '1', '2016-08-08 11:15:13'),
(643, NULL, '7501056330262', 91, 33, 'Clarant B3', 'Unidad', 'x100gr', NULL, 1, '16.730', '19.500', '16.56', '1', '2016-06-30 00:00:00'),
(644, NULL, '7501056326142', 91, 33, 'Crema S', 'Unidad', 'x100gr', NULL, 1, '12.180', '15.000', '23.15', '1', '2016-02-25 00:00:00'),
(645, NULL, '7501056325442', 91, 33, 'Crema S', 'Unidad', 'x50gr', NULL, 1, '6.930', '8.000', '15.44', '1', '2016-02-25 00:00:00'),
(646, NULL, '7501056325176', 91, 33, 'Crema C', 'Unidad', 'x95gr', NULL, 1, '12.180', '14.010', '15.02', '1', '2016-02-25 00:00:00'),
(647, NULL, '7501056325169', 91, 33, 'Crema C', 'Unidad', 'x45gr', NULL, 1, '7.140', '8.200', '14.85', '1', '2016-03-31 00:00:00'),
(648, NULL, '7506195148686', 5, 2, 'Limpieza Renovadora', 'Unidad', 'x90ml', NULL, 1, '3.980', '4.500', '13.07', '1', '2016-02-26 00:00:00'),
(649, NULL, '7506339346022', 5, 2, 'Alivio instantaneo', 'Unidad', 'x200ml', NULL, 1, '10.160', '11.500', '13.19', '1', '2016-02-26 00:00:00'),
(650, NULL, '7501001133306', 5, 2, 'Humectacion Instantanea', 'Unidad', 'x400ml', NULL, 1, '15.580', '17.500', '12.32', '1', '2016-02-26 00:00:00'),
(651, NULL, '7501001244262', 5, 2, 'Proteccion Caida', 'Unidad', 'x400ml', NULL, 1, '15.580', '17.500', '12.32', '1', '2016-02-26 00:00:00'),
(652, NULL, '7891058018665', 117, 94, 'Pro bio Breeze', 'Unidad', 'x200ml', NULL, 1, '15.870', '18.500', '16.57', '1', '2016-02-26 00:00:00'),
(653, NULL, '7891058018634', 117, 94, 'Pro bio Delicata', 'Unidad', 'x200ml', NULL, 1, '14.210', '16.500', '16.12', '1', '2016-02-26 00:00:00'),
(654, NULL, '7891058003906', 117, 11, 'Infantil', 'Unidad', 'x200ml', NULL, 1, '0.000', '18.000', '15.00', '1', '2016-02-26 00:00:00'),
(655, NULL, '7751257013680', 118, 94, 'Gel con Acido Lactico', 'Unidad', 'x300ml', NULL, 1, '13.710', '16.000', '16.70', '1', '2016-02-26 00:00:00'),
(656, NULL, '7750235000322', 119, 95, 'Ultra Personal', 'Unidad', 'x30gr', NULL, 1, '0.000', '11.500', '15.00', '1', '2016-02-26 00:00:00'),
(657, NULL, '7752902007795', 119, 94, 'Femenino', 'Unidad', 'x150ml', NULL, 1, '0.000', '0.000', '15.00', '1', '2016-02-26 00:00:00'),
(658, NULL, '7898532694520', 113, 94, 'Higeia', 'Unidad', 'x200ml', NULL, 1, '0.000', '21.000', '15.00', '1', '2016-03-14 00:00:00'),
(659, NULL, '7804955038216', 3, 40, 'Piel Sensible', 'Unidad', 'x250ml', NULL, 1, '54.590', '63.000', '15.41', '1', '2016-02-26 00:00:00'),
(660, NULL, '4005800040566', 3, 2, 'Dermo Capillaire', 'Unidad', 'x250ml', NULL, 1, '46.110', '53.000', '14.94', '1', '2016-02-26 00:00:00'),
(661, NULL, '4005800061585', 3, 2, 'Baby Baño y shampoo', 'Unidad', 'x250ml', NULL, 1, '34.840', '40.000', '14.81', '1', '2016-02-26 00:00:00'),
(662, NULL, '7702027435751', 18, 94, 'Natural ', 'Unidad', 'x50ml', NULL, 1, '0.000', '5.000', '15.00', '1', '2016-02-26 00:00:00'),
(663, NULL, '7751495001289', 121, 94, 'Con manzanilla', 'Unidad', 'x200ml', NULL, 1, '0.000', '29.600', '15.00', '1', '2016-02-26 00:00:00'),
(664, NULL, '650240010088', 122, 96, 'Nueva formula', 'Unidad', 'x200ml', NULL, 1, '28.950', '33.500', '15.72', '1', '2016-06-30 00:00:00'),
(665, NULL, '7751257014649', 118, 94, 'Hipoalergenico', 'Unidad', 'x120ml', NULL, 1, '7.540', '9.000', '19.36', '1', '2016-02-26 00:00:00'),
(666, NULL, '8413600511609', 123, 97, 'Piel Normal', 'Unidad', 'x20und', NULL, 1, '16.650', '19.000', '14.11', '1', '2016-02-26 00:00:00'),
(667, NULL, '7752902002561', 39, 39, 'Pieles Normales 3en1', 'Unidad', 'x150ml', NULL, 1, '0.000', '21.000', '15.00', '1', '2016-02-26 00:00:00'),
(668, NULL, '7752902008143', 39, 98, 'Con Aloe Vera', 'Unidad', 'x200ml', NULL, 1, '19.500', '22.500', '15.38', '1', '2016-02-26 00:00:00'),
(669, NULL, '7791520065503', 109, 99, 'Fijacion Flexible', 'Unidad', 'x412ml', NULL, 1, '11.510', '13.500', '17.29', '1', '2016-02-26 00:00:00'),
(670, NULL, '7791520065497', 109, 99, 'Fijacion Extra', 'Unidad', 'x412ml', NULL, 1, '11.510', '13.500', '17.29', '1', '2016-02-26 00:00:00'),
(671, NULL, '022400210261', 109, 100, 'Extra Cuerpo', 'Unidad', 'x212ml', NULL, 1, '11.150', '13.000', '16.59', '1', '2016-02-26 00:00:00'),
(672, NULL, '022400210254', 109, 100, 'Fijacion Extra', 'Unidad', 'x212ml', NULL, 1, '11.150', '13.000', '16.59', '1', '2016-02-26 00:00:00'),
(673, NULL, '7753572161084', 124, 2, 'For Baby Manzanilla', 'Unidad', 'x450ml', NULL, 1, '0.000', '19.000', '15.00', '1', '2016-03-09 00:00:00'),
(674, NULL, '7753572001847', 124, 2, 'Natural Manzanilla Cab Liso', 'Unidad', 'x400ml', NULL, 1, '16.060', '18.500', '15.19', '1', '2016-06-30 00:00:00'),
(675, NULL, '7753572003926', 124, 101, 'Orig Sh450ml+Sh400ml+Talco60g ', 'Pack', '', NULL, 1, '21.900', '25.000', '14.16', '1', '2016-02-26 00:00:00'),
(676, NULL, '7753572003933', 124, 101, 'Manz Sh450ml+Sh400ml+Talco60g ', 'Pack', '', NULL, 1, '21.900', '25.180', '15.00', '1', '2016-02-26 00:00:00'),
(677, NULL, '7794626922701', 22, 26, 'Primeros 100 dias RN', 'Unidad', 'x20und', NULL, 1, '0.000', '11.000', '15.00', '1', '2016-02-26 00:00:00'),
(678, NULL, '42277736', 4, 33, 'Cuidado Antiarrugas', 'Unidad', 'x100ml', NULL, 1, '14.450', '16.700', '15.57', '1', '2016-02-26 00:00:00'),
(679, NULL, '42277699', 4, 33, 'Cuidado Nutritivo', 'Unidad', 'x100ml', NULL, 1, '14.450', '16.700', '15.57', '1', '2016-02-26 00:00:00'),
(680, NULL, '42277682', 4, 33, 'Cuidado Nutritivo', 'Unidad', 'x50ml', NULL, 1, '7.080', '10.000', '41.24', '1', '2016-08-09 19:08:20'),
(681, NULL, '42277729', 4, 33, 'Cuidado Antiarrugas', 'Unidad', 'x50ml', NULL, 1, '11.740', '14.500', '23.51', '1', '2016-08-09 19:09:33'),
(682, NULL, '7702027044168', 18, 89, 'Diarios Normal Algod PH balan', 'Unidad', 'x120und', NULL, 1, '12.680', '14.580', '14.98', '1', '2016-08-08 16:24:25'),
(683, NULL, '7702027044571', 18, 89, 'Diarios Natural Respirable', 'Unidad', 'x150und', NULL, 1, '14.970', '17.500', '16.90', '1', '2016-02-26 00:00:00'),
(684, NULL, '7702027044199', 18, 89, 'Diarios Normal Algod PH balan', 'Unidad', 'x150und', NULL, 1, '15.160', '17.500', '15.44', '1', '2016-08-08 16:25:19'),
(685, NULL, '7702027044014', 18, 102, 'Lacti Respirable', 'Unidad', 'x40und', NULL, 1, '14.270', '17.000', '19.13', '1', '2016-02-26 00:00:00'),
(686, NULL, '7891010030544', 6, 2, 'Cabello Claro', 'Unidad', 'x750ml', NULL, 1, '28.160', '32.500', '15.41', '1', '2016-02-27 00:00:00'),
(687, NULL, '7702031589686', 6, 2, 'Fragancia Prolongada', 'Unidad', 'x750ml', NULL, 1, '28.160', '32.500', '15.41', '1', '2016-02-27 00:00:00'),
(688, NULL, '7702031031598', 6, 2, 'Cabello Liso', 'Unidad', 'x750ml', NULL, 1, '28.160', '32.500', '15.41', '1', '2016-02-27 00:00:00'),
(689, NULL, '7702031587620', 6, 2, 'Hidratacion Intensa', 'Unidad', 'x750ml', NULL, 1, '28.160', '32.500', '15.41', '1', '2016-02-27 00:00:00'),
(690, NULL, '7702031030423', 6, 2, 'Cabello Oscuro', 'Unidad', 'x750ml', NULL, 1, '28.160', '32.500', '15.41', '1', '2016-02-27 00:00:00'),
(691, NULL, '7891010030940', 6, 2, 'suavidad ojos y cabello', 'Unidad', 'x750ml', NULL, 1, '23.850', '27.500', '15.30', '1', '2016-02-27 00:00:00'),
(692, NULL, '7750021007559', 6, 103, 'Original shx750ml + Talcx100gr', 'Unidad', '', NULL, 1, '23.850', '27.500', '15.30', '1', '2016-02-27 00:00:00'),
(693, NULL, '7702031998150', 6, 2, 'Fragancia Prolongada', 'Unidad', 'x400ml', NULL, 1, '18.110', '21.000', '15.96', '1', '2016-08-08 09:35:31'),
(694, NULL, '7702031604082', 6, 2, 'Gotas de Brillo', 'Unidad', 'x400ml', NULL, 1, '18.110', '21.000', '15.96', '1', '2016-08-08 12:25:48'),
(695, NULL, '7702031031581', 6, 2, 'Cabello Liso', 'Unidad', 'x400ml', NULL, 1, '16.900', '21.000', '24.26', '1', '2016-08-08 12:25:58'),
(696, NULL, '7891010030551', 6, 20, 'Original suavidad para el cab', 'Unidad', 'x400ml', NULL, 1, '16.050', '21.000', '30.84', '1', '2016-02-27 00:00:00'),
(697, NULL, '7702027478703', 30, 26, 'Slip Large', 'Unidad', 'x9und', NULL, 1, '31.360', '36.060', '14.99', '1', '2016-02-27 00:00:00'),
(698, NULL, '7753572003216', 124, 104, 'Casita Colx100ml+talcx60g+jabx80gr', 'Estuche', '', NULL, 1, '14.770', '17.000', '15.10', '1', '2016-02-27 00:00:00'),
(699, NULL, '7753572003223', 124, 105, 'Bus Shx112ml+talcx60g+jabx80gr', 'Unidad', '', NULL, 1, '13.630', '15.900', '16.65', '1', '2016-06-30 00:00:00'),
(700, NULL, '7502221185052', 124, 4, 'Manzanilla Baby', 'Unidad', 'x250gr', NULL, 1, '12.330', '14.200', '15.17', '1', '2016-06-30 00:00:00'),
(701, NULL, '7502221185021', 124, 4, 'Original Baby', 'Unidad', 'x250gr', NULL, 1, '12.330', '14.200', '15.17', '1', '2016-06-30 00:00:00'),
(702, NULL, '7502221185045', 124, 4, 'Manzanilla Baby', 'Unidad', 'x125gr', NULL, 1, '7.400', '8.600', '16.22', '1', '2016-06-30 00:00:00'),
(703, NULL, '7502221185014', 124, 4, 'Original Baby', 'Unidad', 'x125gr', NULL, 1, '7.400', '8.600', '16.22', '1', '2016-02-27 00:00:00'),
(704, NULL, '7753572014533', 124, 3, 'Para niña colx200ml+colx100ml', 'Pack', '', NULL, 1, '19.080', '23.000', '20.55', '1', '2016-02-27 00:00:00'),
(705, NULL, '7753572412155', 124, 3, 'Para niño colx200ml+colx100ml', 'Pack', '', NULL, 1, '19.090', '22.000', '15.24', '1', '2016-06-30 00:00:00'),
(706, NULL, '077443110047', 125, 18, 'Baby Oil Moisturizing', 'Unidad', 'x118ml', NULL, 1, '5.600', '6.500', '16.07', '1', '2016-02-27 00:00:00'),
(707, NULL, '077443120220', 125, 4, 'Baby Powder Soft&Silky', 'Unidad', 'x100gr', NULL, 1, '2.600', '5.000', '92.31', '1', '2016-08-11 19:11:05'),
(708, NULL, '077443120220', 125, 4, 'Baby Powder Soft&Silky', 'Unidad', 'x623gr', NULL, 1, '5.550', '9.000', '62.16', '1', '2016-08-11 19:04:06'),
(709, NULL, '7891010037260', 6, 4, 'Proteccion Pura', 'Unidad', 'x600gr', NULL, 1, '19.930', '23.000', '15.40', '1', '2016-06-30 00:00:00'),
(710, NULL, '7702031878452', 6, 9, 'Hidratacion Intensa', 'Unidad', 'x200ml', NULL, 1, '10.460', '12.000', '14.72', '1', '2016-02-27 00:00:00'),
(711, NULL, '7702031604075', 6, 2, 'Gotas Brillo', 'Unidad', 'x200ml', NULL, 1, '11.540', '13.500', '16.98', '1', '2016-08-08 09:45:35'),
(712, NULL, '7702031604501', 6, 20, 'Gotas Brillo', 'Unidad', 'x200ml', NULL, 1, '11.700', '13.500', '15.38', '1', '2016-03-15 00:00:00'),
(713, NULL, '7750045186094', 25, 106, 'Avengers Marvel colx250ml+shx250ml', 'Unidad', '', NULL, 1, '20.800', '24.000', '15.38', '1', '2016-02-27 00:00:00'),
(714, NULL, '7702031038207', 6, 4, 'Para antes de dormir', 'Unidad', 'x200gr', NULL, 1, '10.680', '12.500', '17.04', '1', '2016-02-27 00:00:00'),
(715, NULL, '7702031712879', 6, 4, 'Milk', 'Unidad', 'x200gr', NULL, 1, '10.680', '12.500', '17.04', '1', '2016-02-27 00:00:00'),
(716, NULL, '7891010032241', 6, 4, 'Proteccion Pura', 'Unidad', 'x200gr', NULL, 1, '10.680', '12.500', '17.04', '1', '2016-02-27 00:00:00'),
(717, NULL, '7891010030087', 6, 2, 'Original', 'Unidad', 'x100ml', NULL, 1, '4.190', '7.000', '67.06', '1', '2016-03-11 00:00:00'),
(718, NULL, '7891010035617', 6, 107, 'Crema liquida rosada', 'Unidad', 'x100ml', NULL, 1, '0.000', '11.000', '15.00', '1', '2016-02-27 00:00:00');
INSERT INTO `producto` (`id_producto`, `codigo_producto`, `codigo_barra`, `id_marca`, `id_tipo_producto`, `descripcion`, `presentacion`, `contenido`, `unidad_medida`, `fraccion`, `ult_precio_compra`, `ult_precio_venta`, `utilidad`, `estado`, `ult_modificacion`) VALUES
(719, NULL, '7891010037253', 6, 4, 'Proteccion Pura', 'Unidad', 'x400gr', NULL, 1, '15.280', '17.600', '15.18', '1', '2016-02-27 00:00:00'),
(720, NULL, '7891010099961', 6, 4, 'Para antes de dormir', 'Unidad', 'x400gr', NULL, 1, '15.280', '17.600', '15.18', '1', '2016-08-08 15:05:28'),
(721, NULL, '7702031712886', 6, 4, 'Milk', 'Unidad', 'x400gr', NULL, 1, '15.280', '17.600', '15.18', '1', '2016-02-27 00:00:00'),
(722, NULL, '7891010037208', 6, 4, 'De almidon fecula maiz', 'Unidad', 'x400gr', NULL, 1, '15.280', '17.600', '15.18', '1', '2016-02-27 00:00:00'),
(723, NULL, '7751658016815', 34, 108, 'Special Edition colx50ml+deox150ml', 'Unidad', '', NULL, 1, '0.000', '63.500', '15.00', '1', '2016-02-27 00:00:00'),
(724, NULL, '7751658017034', 34, 108, 'Victory League colx50ml+deox150ml', 'Unidad', '', NULL, 1, '0.000', '63.500', '15.00', '1', '2016-02-27 00:00:00'),
(725, NULL, '7751658019175', 34, 108, 'Dynamic Pulse colx50ml+deox150ml', 'Unidad', '', NULL, 1, '42.350', '55.000', '29.87', '1', '2016-08-11 12:16:22'),
(726, NULL, '7751658019182', 34, 108, 'Extreme Power colx50ml+deox150ml', 'Unidad', '', NULL, 1, '42.350', '55.000', '29.87', '1', '2016-08-11 12:15:15'),
(727, NULL, '7751658019168', 34, 108, 'Ice Dive colx50ml+deox150ml', 'Unidad', '', NULL, 1, '42.350', '55.000', '29.87', '1', '2016-08-11 12:16:02'),
(728, NULL, '7751658019458', 34, 109, 'Ice Effect Deox150ml+Gel Bañox250ml', 'Estuche', '', NULL, 1, '19.700', '25.000', '26.90', '1', '2016-02-27 00:00:00'),
(729, NULL, '7754326001762', 126, 3, 'Tabaco for men', 'Unidad', 'x50ml', NULL, 1, '0.000', '15.000', '15.00', '1', '2016-03-09 00:00:00'),
(730, NULL, '7751658019465', 34, 109, 'Dry power deox150ml+Gel bañox250ml', 'Estuche', '', NULL, 1, '19.700', '25.000', '26.90', '1', '2016-02-29 00:00:00'),
(731, NULL, '7751658019717', 127, 110, 'Leather colx200ml+loc afeitx200ml', 'Estuche', '', NULL, 1, '65.350', '82.500', '26.24', '1', '2016-02-29 00:00:00'),
(732, NULL, '8411061808078', 128, 110, 'The Secret Mag Colx100ml +Locx100ml', 'Estuche', '', NULL, 1, '78.770', '91.000', '15.53', '1', '2016-02-29 00:00:00'),
(733, NULL, '7751658014316', 127, 110, 'Leather colx100ml+loc afeitx100ml', 'Estuche', '', NULL, 1, '48.400', '60.500', '25.00', '1', '2016-08-11 08:14:48'),
(734, NULL, '7753572004428', 129, 111, 'Sport Colx100ml+Esp Afex210ml', 'Estuche', '', NULL, 1, '25.980', '30.000', '15.47', '1', '2016-02-29 00:00:00'),
(735, NULL, '7757266004756', 130, 112, 'Colx60ml + Jabon x90gr', 'Estuche', '', NULL, 1, '19.050', '22.000', '15.49', '1', '2016-02-29 00:00:00'),
(736, NULL, '7753572004268', 129, 113, 'Classic espx210ml+Deo roll onx50gr', 'Estuche', '', NULL, 1, '12.680', '15.000', '18.30', '1', '2016-02-29 00:00:00'),
(737, NULL, '827755071051', 129, 3, '1964 Limited Edition', 'Unidad', 'x88ml', NULL, 1, '22.490', '26.000', '15.61', '1', '2016-02-29 00:00:00'),
(738, NULL, '7502221183171', 129, 3, 'Classic', 'Unidad', 'x100ml', NULL, 1, '22.500', '26.010', '15.60', '1', '2016-02-29 00:00:00'),
(739, NULL, '7753572004046', 129, 114, 'Clas Espx210ml+Adiction Shavex100ml', 'Estuche', '', NULL, 1, '25.980', '30.000', '15.47', '1', '2016-02-29 00:00:00'),
(740, NULL, '7753572002974', 129, 114, 'Classic Espx210ml+After shavex100ml', 'Estuche', '', NULL, 1, '25.980', '30.000', '15.47', '1', '2016-02-29 00:00:00'),
(741, NULL, '7759307945950', 106, 4, 'Con Almidon de Maiz', 'Unidad', 'x100gr', NULL, 1, '6.400', '7.500', '17.19', '1', '2016-02-29 00:00:00'),
(742, NULL, '7759307946001', 106, 3, 'Extra Suave', 'Unidad', 'x200ml', NULL, 1, '18.170', '21.000', '15.58', '1', '2016-02-29 00:00:00'),
(743, NULL, '7759307946025', 106, 18, 'Vitamina E y aloe vera', 'Unidad', 'x110ml', NULL, 1, '8.720', '10.500', '20.41', '1', '2016-08-08 10:08:40'),
(744, NULL, '7750215015445', 78, 18, 'Bebe acaricia & humecta', 'Unidad', 'x120ml', NULL, 1, '5.450', '6.500', '19.27', '1', '2016-02-29 00:00:00'),
(745, NULL, '7759307945998', 106, 3, 'Extra Suave', 'Unidad', 'x100ml', NULL, 1, '11.240', '13.000', '15.66', '1', '2016-02-29 00:00:00'),
(746, NULL, '7759307945929', 106, 2, 'Natural', 'Unidad', 'x100ml', NULL, 1, '6.130', '7.500', '22.35', '1', '2016-02-29 00:00:00'),
(747, NULL, '7757709187473', 131, 112, 'Col x250ml + Jabon x100gr', 'Estuche', '', NULL, 1, '0.000', '19.000', '15.00', '1', '2016-02-29 00:00:00'),
(748, NULL, '7759307945905', 106, 2, 'Manzanilla', 'Unidad', 'x200ml', NULL, 1, '12.100', '14.000', '15.70', '1', '2016-02-29 00:00:00'),
(749, NULL, '7759307945967', 106, 4, 'Con Almidon de Maiz', 'Unidad', 'x200gr', NULL, 1, '9.580', '11.000', '14.82', '1', '2016-02-29 00:00:00'),
(750, NULL, '7759307945974', 106, 4, 'Con Almidon de Maiz', 'Unidad', 'x400gr', NULL, 1, '14.400', '17.000', '18.06', '1', '2016-02-29 00:00:00'),
(751, NULL, '7791274003431', 132, 2, 'Batman', 'Unidad', 'x400ml', NULL, 1, '0.000', '13.000', '15.00', '1', '2016-02-29 00:00:00'),
(752, NULL, '7759307945899', 106, 2, 'Manzanilla', 'Unidad', 'x100ml', NULL, 1, '6.130', '7.500', '22.35', '1', '2016-02-29 00:00:00'),
(753, NULL, '7759307945943', 106, 2, 'Natural', 'Unidad', 'x400ml', NULL, 1, '16.990', '20.000', '17.72', '1', '2016-02-29 00:00:00'),
(754, NULL, '7759307945912', 106, 2, 'Manzanilla', 'Unidad', 'x400ml', NULL, 1, '16.990', '20.000', '17.72', '1', '2016-02-29 00:00:00'),
(755, NULL, '7759307004435', 106, 2, 'Original', 'Unidad', 'x100ml', NULL, 1, '6.130', '7.500', '22.35', '1', '2016-02-29 00:00:00'),
(756, NULL, '7759307004428', 106, 2, 'Original', 'Unidad', 'x200ml', NULL, 1, '12.130', '14.000', '15.42', '1', '2016-02-29 00:00:00'),
(757, NULL, '037836050534', 51, 11, 'Neutro', 'Unidad', 'x250ml', NULL, 1, '9.110', '10.480', '15.04', '1', '2016-02-29 00:00:00'),
(758, NULL, '7753572003186', 124, 103, 'Manzanilla shamx200ml+talcx125gr', 'Unidad', '', NULL, 1, '0.000', '15.000', '15.00', '1', '2016-02-29 00:00:00'),
(759, NULL, '', 56, 3, 'Agu Pequeñas Aventuras', 'Unidad', 'x1lt', NULL, 1, '26.910', '38.000', '41.21', '1', '2016-03-04 00:00:00'),
(760, NULL, '', 56, 2, 'Agu Mañanas Felices', 'Unidad', 'x1lt', NULL, 1, '17.900', '28.000', '56.42', '1', '2016-03-04 00:00:00'),
(761, NULL, '7750215575826', 27, 24, 'SPF45 sachet x10ml', 'Caja', 'x20und', NULL, 20, '17.570', '30.000', '70.75', '1', '2016-03-02 00:00:00'),
(762, NULL, '7750215005194', 27, 24, 'Faces SPF90 Sachetx10ml', 'Unidad', 'x20und', NULL, 20, '25.130', '40.000', '59.17', '1', '2016-03-02 00:00:00'),
(763, NULL, '7750215013502', 27, 24, 'Cool Gel Aloe vera', 'Unidad', 'x240gr', NULL, 1, '11.020', '15.000', '36.12', '1', '2016-03-02 00:00:00'),
(764, NULL, '7750215013519', 27, 24, 'Cool Gel Aloe vera', 'Unidad', 'x90gr', NULL, 1, '7.580', '10.500', '38.52', '1', '2016-03-02 00:00:00'),
(765, NULL, '7750215728185', 78, 115, 'ReumaFrost pote', 'Unidad', 'x100gr', NULL, 1, '9.530', '12.000', '25.92', '1', '2016-03-04 00:00:00'),
(766, NULL, '7750215103586', 78, 115, 'ReumaFrost pote', 'Unidad', 'x30gr', NULL, 1, '4.730', '5.500', '16.28', '1', '2016-03-04 00:00:00'),
(767, NULL, '7750215008935', 78, 115, 'ReumaFrost lata', 'Unidad', 'x15gr', NULL, 1, '3.350', '4.000', '19.40', '1', '2016-03-04 00:00:00'),
(768, NULL, '7750215016299', 78, 115, 'MultiFrost pote', 'Unidad', 'x100gr', NULL, 1, '12.260', '14.000', '14.19', '1', '2016-03-04 00:00:00'),
(769, NULL, '7750215006016', 78, 115, 'MultiFrost Arnica pote', 'Unidad', 'x100gr', NULL, 1, '9.550', '13.000', '36.13', '1', '2016-03-04 00:00:00'),
(770, NULL, '7750215016305', 78, 115, 'MultiFrost pote', 'Unidad', 'x60gr', NULL, 1, '8.760', '10.000', '14.16', '1', '2016-03-04 00:00:00'),
(771, NULL, '7750215016305', 78, 115, 'MultiFrost pote', 'Unidad', 'x60gr', NULL, 1, '8.760', '10.000', '14.16', '0', '2016-03-04 00:00:00'),
(772, NULL, '7750215604267', 78, 116, 'Bicarbonato de sodio pote', 'Unidad', 'x100gr', NULL, 1, '2.180', '3.000', '37.61', '1', '2016-03-04 00:00:00'),
(773, NULL, '7750215012987', 78, 116, 'Bicarbonato de sodio sobre', 'Unidad', 'x50gr', NULL, 1, '0.600', '1.600', '166.67', '1', '2016-03-04 00:00:00'),
(774, NULL, '7750215013007', 78, 116, 'Acido Borico bolsa', 'Unidad', 'x60gr', NULL, 1, '1.062', '2.000', '88.32', '1', '2016-03-04 00:00:00'),
(775, NULL, '7750215103623', 78, 1, 'Tintura de Arnica', 'Unidad', 'x30ml', NULL, 1, '0.820', '1.500', '82.93', '1', '2016-03-04 00:00:00'),
(776, NULL, '7750215161470', 78, 67, 'Lipsaliv Mantequilla de cacao', 'Unidad', 'x100past', NULL, 1, '14.970', '25.000', '67.00', '1', '2016-03-04 00:00:00'),
(777, NULL, '7750215054017', 78, 1, 'Nitrato de Plata 320mg', 'Unidad', 'x12lapi', NULL, 1, '31.640', '45.000', '42.23', '1', '2016-03-04 00:00:00'),
(778, NULL, '7702031200314', 6, 105, 'Baby Estuche sh+talc+jb', 'Estuche', 'x3und', NULL, 1, '12.330', '14.500', '17.60', '1', '2016-08-08 12:38:29'),
(779, NULL, '7702031872900', 6, 118, 'Baby Estuche ac+col+sh+talc+jb', 'Estuche', 'x5und', NULL, 1, '31.030', '36.000', '16.02', '1', '2016-08-08 12:38:47'),
(780, NULL, '7891010037024', 6, 18, 'Puro', 'Unidad', 'x300ml', NULL, 1, '18.730', '21.540', '15.00', '1', '2016-08-08 12:06:09'),
(781, NULL, '7759307443531', 106, 11, 'Manzanilla +Esponja', 'Pack', 'x300ml', NULL, 1, '15.870', '18.500', '16.57', '1', '2016-03-04 00:00:00'),
(782, NULL, '7791293051123', 133, 4, 'Efficient', 'Unidad', 'x100gr', NULL, 1, '5.760', '6.700', '16.32', '1', '2016-08-08 12:12:27'),
(783, NULL, '7791293051130', 133, 4, 'Efficient', 'Unidad', 'x200gr', NULL, 1, '8.970', '11.000', '22.63', '1', '2016-08-08 12:12:41'),
(784, NULL, '7759307001861', 106, 105, 'Estuche ', 'Estuche', 'x3und', NULL, 1, '15.620', '18.000', '15.24', '1', '2016-03-04 00:00:00'),
(785, NULL, '650240004278', 16, 7, 'Herbal', 'Unidad', 'x100gr', NULL, 1, '7.830', '9.000', '15.00', '1', '2016-06-30 00:00:00'),
(786, NULL, '7702031998143', 6, 2, 'Fragancia Prolongada', 'Unidad', 'x200ml', NULL, 1, '11.540', '13.500', '16.98', '1', '2016-08-08 09:44:22'),
(787, NULL, '7891010030094', 6, 2, 'Original', 'Unidad', 'x200ml', NULL, 1, '11.540', '13.500', '16.98', '1', '2016-08-08 09:45:19'),
(788, NULL, '650240009556', 16, 80, 'Beige Mate', 'Unidad', 'x10gr', NULL, 1, '27.200', '31.300', '15.07', '1', '2016-06-30 00:00:00'),
(789, NULL, '650240010583', 16, 80, 'Claro Mate', 'Unidad', 'x10gr', NULL, 1, '27.200', '31.300', '15.07', '1', '2016-06-30 00:00:00'),
(790, NULL, '650240009549', 16, 80, 'Natural Mate', 'Unidad', 'x10gr', NULL, 1, '26.270', '30.210', '15.00', '1', '2016-05-28 00:00:00'),
(791, NULL, '7891010030933', 6, 2, 'Original', 'Unidad', 'x400ml', NULL, 1, '18.110', '21.000', '15.96', '1', '2016-08-08 09:36:09'),
(792, NULL, '7891010030537', 6, 2, 'Manzanilla', 'Unidad', 'x400ml', NULL, 1, '18.110', '21.000', '15.96', '1', '2016-08-08 12:26:12'),
(793, NULL, '7750021001502', 6, 103, 'Original Shx100ml+talcx100gr', 'Estuche', '', NULL, 1, '10.080', '12.000', '19.05', '1', '2016-03-04 00:00:00'),
(794, NULL, '7751658016143', 134, 7, 'Mellizos 2und', 'Pack', 'x118gr', NULL, 2, '0.000', '18.000', '15.00', '1', '2016-03-04 00:00:00'),
(795, NULL, '7751658019557', 134, 112, 'Col x240ml + Jab x25gr', 'Unidad', '', NULL, 1, '0.000', '21.500', '15.00', '1', '2016-03-04 00:00:00'),
(796, NULL, '7751658018758', 134, 119, 'Eau x50ml + Talcox100gr', 'Estuche', '', NULL, 1, '32.700', '37.600', '15.00', '1', '2016-05-25 00:00:00'),
(797, NULL, '7751658018796', 134, 119, 'BolsoBody Splas x240ml +Talcox100gr', 'Estuche', '', NULL, 1, '23.000', '29.000', '26.09', '1', '2016-08-11 10:15:27'),
(798, NULL, '8411061806807', 135, 108, 'Eaus sprayx50ml + Deospray x150ml', 'Unidad', '', NULL, 1, '0.000', '72.500', '15.00', '1', '2016-03-05 00:00:00'),
(799, NULL, '7751741016579', 71, 120, 'Pack Trio HT5 Antimanchas con Gel', 'Estuche', '', NULL, 1, '0.000', '52.000', '15.00', '1', '2016-03-05 00:00:00'),
(800, NULL, '082984258196', 136, 3, 'For Men 23', 'Unidad', 'x100ml', NULL, 1, '0.000', '20.000', '15.00', '1', '2016-03-05 00:00:00'),
(801, NULL, '082984258158', 136, 3, 'For Men 19', '', 'x100ml', NULL, 1, '0.000', '20.000', '15.00', '1', '2016-03-05 00:00:00'),
(802, NULL, '082984258318', 136, 3, 'For Men 45', 'Unidad', 'x100ml', NULL, 1, '0.000', '20.000', '15.00', '1', '2016-03-05 00:00:00'),
(803, NULL, '082984258165', 136, 3, 'For Men 20', 'Unidad', 'x100ml', NULL, 1, '0.000', '20.000', '15.00', '1', '2016-03-08 00:00:00'),
(804, NULL, '7506195182338', 21, 26, 'Juegos y Sueños XG', 'Paquete', 'x54und', NULL, 54, '42.270', '49.000', '15.92', '1', '2016-08-08 11:37:16'),
(805, NULL, '7702027047244', 30, 26, 'Basic Medium', 'Unidad', 'x8und', NULL, 8, '0.000', '0.000', '15.00', '1', '2016-03-08 00:00:00'),
(806, NULL, '7751493001199', 22, 26, 'Active Sec XXG', 'Paquete', 'x14und', NULL, 14, '0.000', '16.500', '15.00', '1', '2016-03-10 00:00:00'),
(807, NULL, '7509546060781', 10, 12, 'Kids Sin Fluor 0-2años', 'Unidad', 'x50gr', NULL, 1, '12.500', '14.500', '16.00', '1', '2016-08-08 17:50:16'),
(808, NULL, '7506339390964', 15, 37, '3D White Cremax75ml + Cepillo', 'Pack', '', NULL, 1, '12.370', '14.500', '17.22', '1', '2016-08-10 09:40:50'),
(809, NULL, '7794640171154', 9, 12, 'Baby Teeth 3-24 meses', 'Unidad', 'x42.5gr', NULL, 1, '8.920', '10.300', '15.47', '1', '2016-06-30 00:00:00'),
(810, NULL, '7751851002523', 137, 12, 'Dentito chicha morada', 'Unidad', 'x90gr', NULL, 1, '2.130', '2.500', '17.37', '1', '2016-03-09 00:00:00'),
(811, NULL, '7702010111464', 10, 12, 'Triple Accion Menta Original', 'Unidad', 'x22ml', NULL, 1, '1.350', '1.550', '14.81', '1', '2016-03-15 00:00:00'),
(812, NULL, '7702027044090', 18, 89, 'Diarios Largos', 'Paquete', 'x80und', NULL, 80, '12.130', '14.000', '15.42', '1', '2016-03-09 00:00:00'),
(813, NULL, '7794640171819', 9, 12, 'Triple Proteccion soft mint', 'Unidad', 'x85gr', NULL, 1, '4.770', '5.500', '15.30', '1', '2016-03-31 00:00:00'),
(814, NULL, '7506195130957', 15, 12, ' 1.2.3 ', 'Unidad', 'x50ml', NULL, 1, '1.870', '2.200', '17.65', '1', '2016-03-09 00:00:00'),
(815, NULL, '7506195167113', 15, 12, 'Complete menta fresh', 'Unidad', 'x50ml', NULL, 1, '0.000', '2.800', '15.00', '1', '2016-03-09 00:00:00'),
(816, NULL, '7506339392982', 15, 12, 'Crem Complete x90gr + Sh H&Sx12ml', 'Pack', '', NULL, 1, '3.640', '4.190', '15.00', '1', '2016-03-09 00:00:00'),
(817, NULL, '7506295388487', 15, 12, '3D White Brillante fresh', 'Unidad', 'x70gr', NULL, 1, '3.930', '4.520', '15.01', '1', '2016-03-09 00:00:00'),
(818, NULL, '7509546063331', 10, 12, 'Triple Accion Menta Original', 'Unidad', 'x150ml', NULL, 1, '6.700', '8.000', '19.40', '1', '2016-08-08 17:29:59'),
(819, NULL, '7509546044248', 10, 12, 'Total 12 Professional Whitening', 'Unidad', 'x75ml', NULL, 1, '0.000', '9.700', '15.00', '1', '2016-03-09 00:00:00'),
(820, NULL, '7509546058030', 10, 12, 'Luminous White Advanced', 'Unidad', 'x70gr', NULL, 1, '13.920', '16.010', '15.01', '1', '2016-08-08 17:45:58'),
(821, NULL, '7501035911376', 10, 12, 'Total 12 Clean Mint', 'Unidad', 'x150ml', NULL, 1, '12.320', '14.500', '17.69', '1', '2016-08-09 16:49:45'),
(822, NULL, '7702027485473', 18, 89, 'Nostras Diarios Desod Normal', 'Unidad', 'x100und', NULL, 1, '11.980', '13.780', '15.00', '1', '2016-03-09 00:00:00'),
(823, NULL, '7702027044502', 18, 89, 'Diarios Normal Algod PH balan', 'Unidad', 'x60und', NULL, 1, '7.220', '8.500', '17.73', '1', '2016-08-08 16:26:35'),
(824, NULL, '7702027435300', 18, 90, 'Sin aplicador Digital 5+5 Regular', 'Paquete', '', NULL, 1, '5.710', '6.700', '17.34', '1', '2016-03-09 00:00:00'),
(825, NULL, '7509546028897', 38, 5, 'Double Defense Active Fresh', 'Unidad', 'x165ml', NULL, 1, '0.000', '12.500', '15.00', '1', '2016-03-09 00:00:00'),
(826, NULL, '7509546060552', 38, 5, 'Aclarado Natural + vitamina', 'Unidad', 'x165ml', NULL, 1, '10.720', '12.500', '16.60', '1', '2016-08-08 18:51:06'),
(827, NULL, '7509546059761', 38, 5, 'Cool', 'Unidad', 'x165ml', NULL, 1, '0.000', '12.500', '15.00', '1', '2016-03-09 00:00:00'),
(828, NULL, '037000203681', 138, 29, 'Scent Expressions cocoa', 'Unidad', 'x45gr', NULL, 1, '12.970', '15.000', '15.65', '1', '2016-08-08 09:38:25'),
(829, NULL, '037000808176', 138, 29, 'Outlast sport fresh', 'Unidad', 'x45gr', NULL, 1, '0.000', '13.000', '15.00', '1', '2016-03-09 00:00:00'),
(830, NULL, '037000280293', 138, 29, 'Scent Expressions so very', 'Unidad', 'x45gr', NULL, 1, '0.000', '13.000', '15.00', '1', '2016-03-09 00:00:00'),
(831, NULL, '037000808725', 138, 29, 'Scent Expres lavander', 'Unidad', 'x45gr', NULL, 1, '12.970', '15.000', '15.65', '1', '2016-08-08 09:42:30'),
(832, NULL, '037000809951', 138, 29, 'Outlast complete clean', 'Unidad', 'x45gr', NULL, 1, '12.970', '15.000', '15.65', '1', '2016-08-08 09:42:51'),
(833, NULL, '037000124429', 138, 29, 'Powder Fresh', 'Unidad', 'x48gr', NULL, 1, '7.700', '9.000', '16.88', '1', '2016-03-09 00:00:00'),
(834, NULL, '037000124405', 138, 31, 'Powder Fresh', 'Unidad', 'x65ml', NULL, 1, '0.000', '9.000', '15.00', '1', '2016-03-09 00:00:00'),
(835, NULL, '037000711087', 138, 5, 'Powder Fresh', 'Unidad', 'x170gr', NULL, 1, '0.000', '13.000', '15.00', '1', '2016-03-09 00:00:00'),
(836, NULL, '037000329299', 138, 5, 'Spring Breeze', 'Unidad', 'x170gr', NULL, 1, '0.000', '13.000', '15.00', '1', '2016-03-09 00:00:00'),
(837, NULL, '7751851013338', 116, 5, 'Xtreme Sexy', 'Unidad', 'x160ml', NULL, 1, '0.000', '6.800', '15.00', '1', '2016-03-09 00:00:00'),
(838, NULL, '7751851016018', 116, 5, 'Xtreme Audaz', 'Unidad', 'x160ml', NULL, 1, '0.000', '6.800', '15.00', '1', '2016-03-09 00:00:00'),
(839, NULL, '7751851975582', 116, 5, 'Xtreme Sensual', 'Unidad', 'x160ml', NULL, 1, '0.000', '6.800', '15.00', '1', '2016-03-09 00:00:00'),
(840, NULL, '7751851944281', 116, 5, 'Xtreme Citron', 'Unidad', 'x160ml', NULL, 1, '0.000', '6.800', '15.00', '1', '2016-03-09 00:00:00'),
(841, NULL, '7751851944274', 116, 5, 'Xtreme Elegant', 'Unidad', 'x160ml', NULL, 1, '0.000', '6.800', '15.00', '1', '2016-03-09 00:00:00'),
(842, NULL, '7751851013314', 116, 5, 'Xtreme Atomik', 'Unidad', 'x160ml', NULL, 1, '0.000', '6.800', '15.00', '1', '2016-03-09 00:00:00'),
(843, NULL, '4005808539864', 4, 68, 'Silver Protect', 'Unidad', 'x200ml', NULL, 1, '19.600', '23.000', '17.35', '1', '2016-08-09 16:39:35'),
(844, NULL, '4005808616282', 4, 68, 'Sensitive Cero Alcohol', 'Unidad', 'x200ml', NULL, 1, '19.600', '23.000', '17.35', '1', '2016-08-09 16:35:18'),
(845, NULL, '4005808222551', 4, 121, 'Originals ', 'Unidad', 'x200ml', NULL, 1, '14.870', '17.100', '15.00', '1', '2016-03-09 00:00:00'),
(846, NULL, '', 57, 121, 'Trax Coolture', 'Unidad', 'x200ml', NULL, 1, '0.000', '0.000', '15.00', '1', '2016-03-09 00:00:00'),
(847, NULL, '8412300813006', 4, 122, 'Originals Hidratante', 'Unidad', 'x100ml', NULL, 1, '0.000', '24.800', '15.00', '1', '2016-03-10 00:00:00'),
(848, NULL, '7804955010533', 4, 123, 'Sesnsitive Balsx100ml + Esp x200ml', 'Estuche', '', NULL, 1, '25.620', '30.000', '17.10', '1', '2016-03-10 00:00:00'),
(849, NULL, '20376', 66, 31, 'Glacier Ice', 'Unidad', 'x50ml', NULL, 1, '0.000', '10.000', '15.00', '1', '2016-03-10 00:00:00'),
(850, NULL, '19640', 66, 31, 'Flamboyant', 'Unidad', 'x50ml', NULL, 1, '0.000', '10.000', '15.00', '1', '2016-03-10 00:00:00'),
(851, NULL, '13861', 66, 31, 'Glacier', 'Unidad', 'x50ml', NULL, 1, '0.000', '10.000', '15.00', '1', '2016-03-16 00:00:00'),
(852, NULL, '7751851005982', 139, 124, 'Lavanda Silvestre', 'Unidad', 'x360ml', NULL, 1, '4.780', '5.500', '15.06', '1', '2016-03-10 00:00:00'),
(853, NULL, '7751851006026', 139, 124, 'Antiabaco', 'Unidad', 'x360ml', NULL, 1, '4.780', '5.500', '15.06', '1', '2016-03-10 00:00:00'),
(854, NULL, '7751851006002', 139, 124, 'Jardin de Rosas', 'Unidad', 'x360ml', NULL, 1, '4.780', '5.500', '15.06', '1', '2016-03-10 00:00:00'),
(855, NULL, '30046', 66, 31, 'Volare', 'Unidad', 'x50ml', NULL, 1, '0.000', '10.000', '15.00', '1', '2016-03-10 00:00:00'),
(856, NULL, '', 58, 77, 'Ligne Experte nocturna', 'Unidad', 'x125ml', NULL, 1, '0.000', '15.000', '15.00', '1', '2016-03-10 00:00:00'),
(857, NULL, '7751851005999', 139, 124, 'Potpourri de Flores', 'Unidad', 'x360ml', NULL, 1, '4.780', '5.500', '15.06', '1', '2016-03-10 00:00:00'),
(858, NULL, '775851006033', 139, 124, 'Bouquet de Jazmin', 'Unidad', 'x360ml', NULL, 1, '4.780', '5.500', '15.06', '1', '2016-03-10 00:00:00'),
(859, NULL, '7790520982100', 87, 125, 'Mata Cucarachas y Arañas', 'Unidad', 'x304gr', NULL, 1, '11.000', '12.650', '15.00', '1', '2016-03-10 00:00:00'),
(860, NULL, '7591005003439', 140, 125, 'Verder Contra cucarachas e insectos', 'Unidad', 'x155gr', NULL, 1, '0.000', '8.500', '15.00', '1', '2016-03-14 00:00:00'),
(861, NULL, '7509546045313', 37, 29, 'Xtreme Tech ultra48h', 'Unidad', 'x50gr', NULL, 1, '7.440', '8.560', '15.05', '1', '2016-03-10 00:00:00'),
(862, NULL, '7509546059792', 37, 29, 'Cool 48hr', 'Unidad', 'x50gr', NULL, 1, '7.440', '8.560', '15.05', '1', '2016-03-10 00:00:00'),
(863, NULL, '7509546052755', 37, 29, 'X5 Active 48hrs', 'Unidad', 'x50gr', NULL, 1, '7.440', '8.560', '15.05', '1', '2016-03-10 00:00:00'),
(864, NULL, '7509546029139', 37, 30, '24/7 Cool Night', 'Unidad', 'x85gr', NULL, 1, '15.900', '18.500', '16.35', '1', '2016-03-10 00:00:00'),
(865, NULL, '7509546045337', 37, 5, 'Xtreme Tech ultra48h', 'Unidad', 'x165ml', NULL, 1, '10.740', '12.500', '16.39', '1', '2016-03-10 00:00:00'),
(866, NULL, '7509546052564', 37, 5, 'X5 Multiproteccion Active48h', 'Unidad', 'x165ml', NULL, 1, '10.740', '12.500', '16.39', '1', '2016-03-10 00:00:00'),
(867, NULL, '7509546059747', 37, 5, 'Cool 48hr', 'Unidad', 'x165ml', NULL, 1, '10.740', '12.500', '16.39', '1', '2016-03-10 00:00:00'),
(868, NULL, '7506309824260', 8, 5, 'Endurance Sensitive s/ alcohol', 'Unidad', 'x150ml', NULL, 1, '10.310', '12.000', '16.39', '1', '2016-03-10 00:00:00'),
(869, NULL, '7702018913664', 8, 30, 'Endurance Cool Wave', 'Unidad', 'x82gr', NULL, 1, '16.530', '19.010', '15.00', '1', '2016-03-10 00:00:00'),
(870, NULL, '7702018913954', 8, 31, 'Endurance Cool Wave', 'Unidad', 'x57ml', NULL, 1, '6.200', '7.200', '16.13', '1', '2016-03-10 00:00:00'),
(871, NULL, '7791293022574', 133, 5, 'Men tuning', 'Unidad', 'x150ml', NULL, 1, '10.170', '11.700', '15.04', '1', '2016-08-10 10:03:53'),
(872, NULL, '75047856', 133, 29, 'Antibacterial protection', 'Unidad', 'x50gr', NULL, 1, '7.260', '8.500', '17.08', '1', '2016-03-10 00:00:00'),
(873, NULL, '78912144', 133, 29, 'Extreme', 'Unidad', 'x50gr', NULL, 1, '7.260', '8.500', '17.08', '1', '2016-03-10 00:00:00'),
(874, NULL, '75043278', 133, 29, 'Aquashield', 'Unidad', 'x50gr', NULL, 1, '7.260', '8.500', '17.08', '1', '2016-03-10 00:00:00'),
(875, NULL, '7791293022536', 133, 5, 'Men Sensitive', 'Unidad', 'x150ml', NULL, 1, '0.000', '11.500', '15.00', '1', '2016-03-10 00:00:00'),
(876, NULL, '7791293022635', 133, 5, 'Men Invisible', 'Unidad', 'x150ml', NULL, 1, '10.170', '11.700', '15.04', '1', '2016-08-10 10:05:55'),
(877, NULL, '7791293022529', 133, 5, 'Men Quantum', 'Unidad', 'x150ml', NULL, 1, '0.000', '11.500', '15.00', '1', '2016-03-10 00:00:00'),
(878, NULL, '7791293022543', 133, 5, 'Men Sport Fan', 'Unidad', 'x150ml', NULL, 1, '10.170', '11.700', '15.04', '1', '2016-08-10 10:01:09'),
(879, NULL, '7791293022604', 133, 5, 'Men Extreme', 'Unidad', 'x150ml', NULL, 1, '10.170', '11.700', '15.00', '1', '2016-08-10 10:01:38'),
(880, NULL, '7791293022628', 133, 5, 'Men Aquashield', 'Unidad', 'x150ml', NULL, 1, '0.000', '11.500', '15.00', '1', '2016-03-10 00:00:00'),
(881, NULL, '7791293026947', 133, 5, 'Women Calming', 'Unidad', 'x175ml', NULL, 1, '9.940', '11.500', '15.69', '1', '2016-03-10 00:00:00'),
(882, NULL, '7791293784465', 133, 5, 'Women Cotton', 'Unidad', 'x175ml', NULL, 1, '9.940', '11.500', '15.69', '1', '2016-03-10 00:00:00'),
(883, NULL, '7791293991054', 133, 5, 'Women Crystal', 'Unidad', 'x175ml', NULL, 1, '10.170', '11.700', '15.00', '1', '2016-07-28 00:00:00'),
(884, NULL, '78925472', 133, 31, 'Men Invisible', 'Unidad', 'x50ml', NULL, 1, '6.230', '7.500', '20.39', '1', '2016-08-08 16:53:17'),
(885, NULL, '78929395', 133, 31, 'Men Xtracool', 'Unidad', 'x50ml', NULL, 1, '6.230', '7.500', '20.39', '1', '2016-08-08 15:23:06'),
(886, NULL, '78923416', 133, 31, 'Men Quantum', 'Unidad', 'x50ml', NULL, 1, '6.230', '7.500', '20.39', '1', '2016-08-08 16:55:42'),
(887, NULL, '7791293004310', 133, 5, 'Women Active Emotion', 'Unidad', 'x175ml', NULL, 1, '0.000', '11.500', '15.00', '1', '2016-03-10 00:00:00'),
(888, NULL, '7791293884592', 133, 5, 'Women Bamboo', 'Unidad', 'x175ml', NULL, 1, '0.000', '11.500', '15.00', '1', '2016-03-10 00:00:00'),
(889, NULL, '7791293848341', 133, 5, 'Women Nutritive', 'Unidad', 'x175ml', NULL, 1, '0.000', '11.500', '15.00', '1', '2016-03-10 00:00:00'),
(890, NULL, '78924321', 133, 31, 'Women Crystal', 'Unidad', 'x50ml', NULL, 1, '6.230', '7.500', '20.39', '1', '2016-08-08 15:18:14'),
(891, NULL, '78924352', 133, 31, 'Women Cotton', 'Unidad', 'x50ml', NULL, 1, '6.230', '7.500', '20.39', '1', '2016-08-08 16:52:50'),
(892, NULL, '75026646', 133, 29, 'Women Crystal', 'Unidad', 'x50gr', NULL, 1, '7.260', '8.500', '17.08', '1', '2016-07-28 00:00:00'),
(893, NULL, '78004498', 133, 29, 'Women Bamboo', 'Unidad', 'x50gr', NULL, 1, '0.000', '8.500', '15.00', '1', '2016-03-10 00:00:00'),
(894, NULL, '7791293290102', 133, 5, 'Women Cotton compac', 'Unidad', 'x108ml', NULL, 1, '0.000', '5.000', '15.00', '1', '2016-03-10 00:00:00'),
(895, NULL, '7751851020916', 116, 5, 'Fantasy con Vitamina E', 'Unidad', 'x170ml', NULL, 1, '6.540', '7.520', '14.98', '1', '2016-03-10 00:00:00'),
(896, NULL, '7751851020930', 116, 5, 'Sensitive con extracto de manz', 'Unidad', 'x170ml', NULL, 1, '6.540', '7.520', '14.98', '1', '2016-03-10 00:00:00'),
(897, NULL, '', 104, 5, 'Trax Mysterious', 'Unidad', 'x150ml', NULL, 1, '13.900', '16.500', '18.71', '1', '2016-03-10 00:00:00'),
(898, NULL, '', 57, 5, 'Trax Make Out', 'Unidad', 'x150ml', NULL, 1, '13.900', '16.500', '18.71', '1', '2016-03-10 00:00:00'),
(899, NULL, '7791293013084', 141, 5, 'Into Glamour', 'Unidad', 'x81ml', NULL, 1, '0.000', '10.000', '15.00', '1', '2016-03-10 00:00:00'),
(900, NULL, '7899089447492', 59, 5, 'Passion Gitana', 'Unidad', 'x75ml', NULL, 1, '0.000', '10.000', '15.00', '1', '2016-03-11 00:00:00'),
(901, NULL, '7899089448390', 59, 5, 'Far Away', 'Unidad', 'x75ml', NULL, 1, '0.000', '10.000', '15.00', '1', '2016-03-11 00:00:00'),
(902, NULL, '7899089448468', 59, 5, 'Imari', 'Unidad', 'x75ml', NULL, 1, '0.000', '10.000', '15.00', '1', '2016-03-11 00:00:00'),
(903, NULL, '7899089447485', 59, 5, 'Treselle', 'Unidad', 'x75ml', NULL, 1, '0.000', '10.000', '15.00', '1', '2016-03-11 00:00:00'),
(904, NULL, '75048105', 142, 31, 'Seco Black', 'Unidad', 'x50ml', NULL, 1, '6.070', '7.000', '15.32', '1', '2016-08-10 09:56:14'),
(905, NULL, '7791293025889', 142, 5, 'Seco Dark Temptation', 'Unidad', 'x152ml', NULL, 1, '10.180', '12.500', '22.79', '1', '2016-06-30 00:00:00'),
(906, NULL, '7791293025773', 142, 5, 'BodySpray Anarchy', 'Unidad', 'x150ml', NULL, 1, '10.580', '12.500', '18.15', '1', '2016-03-11 00:00:00'),
(907, NULL, '7791293023199', 142, 5, 'Random Limited Edition', 'Unidad', 'x160ml', NULL, 1, '10.350', '12.500', '20.77', '1', '2016-03-11 00:00:00'),
(908, NULL, '7791293025896', 142, 5, 'Seco Apollo', 'Unidad', 'x152ml', NULL, 1, '10.180', '12.500', '22.79', '1', '2016-06-30 00:00:00'),
(909, NULL, '7791293025872', 142, 5, 'Seco Peace', 'Unidad', 'x152ml', NULL, 1, '0.000', '12.500', '15.00', '1', '2016-03-11 00:00:00'),
(910, NULL, '7791293028774', 142, 5, 'Seco Black', 'Unidad', 'x152ml', NULL, 1, '0.000', '12.500', '15.00', '1', '2016-03-11 00:00:00'),
(911, NULL, '75045470', 142, 29, 'Seco Peace', 'Unidad', 'x50gr', NULL, 1, '7.160', '8.500', '18.72', '1', '2016-06-30 00:00:00'),
(912, NULL, '75038977', 142, 29, 'Seco Anarchy', 'Unidad', 'x50gr', NULL, 1, '0.000', '8.500', '15.00', '1', '2016-03-16 00:00:00'),
(913, NULL, '7506309864754', 143, 28, 'Pure Sport', 'Unidad', 'x150ml', NULL, 1, '9.630', '11.070', '15.00', '1', '2016-08-08 10:44:02'),
(914, NULL, '7506295304241', 143, 29, 'Showtime', 'Unidad', 'x50gr', NULL, 1, '7.460', '8.500', '13.94', '1', '2016-03-11 00:00:00'),
(915, NULL, '7501001309077', 143, 29, 'V.I.P Antitranspirante', 'Unidad', 'x50gr', NULL, 1, '7.460', '8.600', '15.28', '1', '2016-07-28 00:00:00'),
(916, NULL, '020800307659', 143, 29, 'Pure Sport', 'Unidad', 'x50gr', NULL, 1, '7.460', '8.580', '15.00', '1', '2016-08-08 10:36:14'),
(917, NULL, '7506309839172', 143, 31, 'Wolfthorn', 'Unidad', 'x50ml', NULL, 1, '6.700', '7.700', '15.00', '1', '2016-08-08 10:36:43'),
(918, NULL, '7501001164003', 143, 29, 'Pure Sport', 'Unidad', 'x50gr', NULL, 1, '7.460', '8.600', '15.28', '1', '2016-07-28 00:00:00'),
(919, NULL, '7506309839202', 143, 29, 'Wolfthorn', 'Unidad', 'x50gr', NULL, 1, '7.460', '8.580', '15.00', '1', '2016-08-08 10:38:08'),
(920, NULL, '7702018998807', 143, 29, 'Champion', 'Unidad', 'x50gr', NULL, 1, '7.460', '8.600', '15.28', '1', '2016-08-08 10:35:43'),
(921, NULL, '7506295304227', 143, 29, 'Showtime', 'Unidad', 'x50gr', NULL, 1, '7.460', '8.500', '13.94', '1', '2016-03-11 00:00:00'),
(922, NULL, '7501001163983', 143, 29, 'Fresh', 'Frasco', 'x50gr', NULL, 1, '7.460', '8.580', '15.00', '1', '2016-08-08 10:33:42'),
(923, NULL, '7502221184772', 129, 29, 'Addiction', 'Unidad', 'x70gr', NULL, 1, '9.320', '11.000', '18.03', '1', '2016-06-30 00:00:00'),
(924, NULL, '7502221181641', 129, 29, 'Classic', 'Unidad', 'x65gr', NULL, 1, '10.830', '12.500', '15.42', '1', '2016-06-30 00:00:00'),
(925, NULL, '7502221184239', 129, 29, 'Affection', 'Unidad', 'x70gr', NULL, 1, '9.320', '11.000', '18.03', '1', '2016-06-30 00:00:00'),
(926, NULL, '7502221184222', 129, 31, 'Affection', 'Unidad', 'x50gr', NULL, 1, '4.570', '5.500', '20.35', '1', '2016-06-30 00:00:00'),
(927, NULL, '7502221181115', 129, 31, 'Classic', 'Unidad', 'x50gr', NULL, 1, '4.570', '5.500', '20.35', '1', '2016-06-30 00:00:00'),
(928, NULL, '7618280909000', 144, 126, 'Deo Icex150ml+ Energy Gelx240ml', 'Unidad', '', NULL, 1, '0.000', '34.900', '15.00', '1', '2016-03-11 00:00:00'),
(929, NULL, '7502221184246', 129, 5, 'Affection', 'Unidad', 'x210ml', NULL, 1, '0.000', '15.500', '15.00', '1', '2016-03-11 00:00:00'),
(930, NULL, '7899089448796', 59, 5, '300km/h Intense', 'Unidad', 'x150ml', NULL, 1, '0.000', '14.000', '15.00', '1', '2016-03-11 00:00:00'),
(931, NULL, '7899089450973', 59, 5, 'Exclusive', 'Unidad', 'x150ml', NULL, 1, '0.000', '14.000', '15.00', '1', '2016-03-16 00:00:00'),
(932, NULL, '7891010037246', 6, 4, 'Proteccion Pura', 'Unidad', 'x100gr', NULL, 1, '6.070', '6.980', '14.99', '1', '2016-03-11 00:00:00'),
(933, NULL, '21905', 66, 127, 'Feet up', 'Unidad', 'x150ml', NULL, 1, '0.000', '25.000', '15.00', '1', '2016-03-11 00:00:00'),
(934, NULL, '7752902316576', 41, 4, '3Triple accion', 'Unidad', 'x140gr', NULL, 1, '0.000', '7.500', '15.00', '1', '2016-03-11 00:00:00'),
(935, NULL, '7752902690805', 41, 4, '3Triple accion', 'Unidad', 'x60gr', NULL, 1, '0.000', '5.000', '15.00', '1', '2016-03-11 00:00:00'),
(936, NULL, '7791293895062', 133, 127, 'Efficient', 'Unidad', 'x117ml', NULL, 1, '11.180', '13.000', '16.28', '1', '2016-03-11 00:00:00'),
(937, NULL, '', 56, 11, 'Tropical Maracuya', 'Unidad', 'x200ml', NULL, 1, '0.000', '12.000', '15.00', '1', '2016-03-11 00:00:00'),
(938, NULL, '8901030203244', 145, 11, 'Antibacteriano', 'Unidad', 'x225ml', NULL, 1, '0.000', '7.800', '15.00', '1', '2016-03-11 00:00:00'),
(939, NULL, '7891150023222', 145, 11, 'Total Antibacteriano', 'Unidad', 'x220ml', NULL, 1, '4.870', '5.600', '14.99', '1', '2016-03-11 00:00:00'),
(940, NULL, '3059943015050', 146, 124, 'Rocio de la mañana', 'Unidad', 'x345ml', NULL, 1, '0.000', '10.000', '15.00', '1', '2016-03-11 00:00:00'),
(941, NULL, '7751851008945', 116, 11, 'Fresco Eucalipto', 'Unidad', 'x400ml', NULL, 1, '0.000', '6.500', '15.00', '1', '2016-03-11 00:00:00'),
(942, NULL, '7751851015288', 116, 11, 'Pasion Citrica', 'Unidad', 'x400ml', NULL, 1, '0.000', '6.500', '15.00', '1', '2016-03-11 00:00:00'),
(943, NULL, '7751851008914', 116, 11, 'Petalos de Rosa', 'Unidad', 'x400ml', NULL, 1, '3.990', '4.590', '15.00', '1', '2016-06-07 00:00:00'),
(944, NULL, '7751851015271', 116, 11, 'Frutos Rojos', 'Unidad', 'x400ml', NULL, 1, '0.000', '6.500', '15.00', '1', '2016-03-11 00:00:00'),
(945, NULL, '7702027494529', 18, 89, 'Dispensador Alas tela gel', 'Unidad', 'x42und', NULL, 1, '0.000', '12.500', '15.00', '1', '2016-03-11 00:00:00'),
(946, NULL, '7752902006880', 43, 11, 'Lavanda', 'Unidad', 'x400ml', NULL, 1, '5.590', '6.500', '16.28', '1', '2016-08-10 08:28:34'),
(947, NULL, '7757709000086', 147, 11, 'Manzana', 'Unidad', 'x275ml', NULL, 1, '0.000', '3.500', '15.00', '1', '2016-03-11 00:00:00'),
(948, NULL, '7757709000086', 147, 11, 'Manzana', 'Unidad', 'x275ml', NULL, 1, '0.000', '3.500', '15.00', '0', '2016-03-11 00:00:00'),
(949, NULL, '7757709000185', 147, 11, 'Rosas', 'Unidad', 'x275ml', NULL, 1, '0.000', '3.500', '15.00', '1', '2016-03-11 00:00:00'),
(950, NULL, '7757709000116', 147, 11, 'Lemongras', 'Unidad', 'x275ml', NULL, 1, '0.000', '3.500', '15.00', '1', '2016-03-11 00:00:00'),
(951, NULL, '7751851008921', 116, 11, 'Limon fresco', 'Unidad', 'x400ml', NULL, 1, '3.990', '4.590', '15.00', '1', '2016-06-07 00:00:00'),
(952, NULL, '7791130003933', 146, 124, 'Frescura Citrica', 'Unidad', 'x346ml', NULL, 1, '0.000', '6.000', '15.00', '1', '2016-03-11 00:00:00'),
(953, NULL, '7751851019224', 139, 124, 'Brisa Marina', 'Unidad', 'x396ml', NULL, 1, '0.000', '6.000', '15.00', '1', '2016-03-11 00:00:00'),
(954, NULL, '7702027478741', 30, 26, 'Slip Large', 'Unidad', 'x1und', NULL, 1, '0.000', '3.000', '15.00', '1', '2016-03-11 00:00:00'),
(955, NULL, '7909189003839', 59, 3, 'Naturals Sorprendeme Violeta y Lich', 'Unidad', 'x200ml', NULL, 1, '8.920', '15.000', '68.16', '1', '2016-08-12 08:49:12'),
(956, NULL, '7909189003792', 59, 3, 'Naturals Vibrame Orquidea y Blue', 'Unidad', 'x200ml', NULL, 1, '8.920', '15.000', '68.16', '1', '2016-08-12 08:48:38'),
(957, NULL, '7909189004744', 59, 3, 'Naturals Divina Rosas roj y alba', 'Unidad', 'x200ml', NULL, 1, '8.920', '15.000', '68.16', '1', '2016-08-12 08:49:01'),
(958, NULL, '7899089448512', 59, 94, 'Manzanilla', 'Unidad', 'x250ml', NULL, 1, '19.420', '25.000', '28.73', '1', '2016-03-11 00:00:00'),
(959, NULL, '7899089448505', 59, 94, 'Te Blanco', 'Unidad', 'x250ml', NULL, 1, '19.420', '25.000', '28.73', '1', '2016-03-11 00:00:00'),
(960, NULL, '7899089473606', 59, 94, 'Floral', 'Unidad', 'x250ml', NULL, 1, '19.420', '25.000', '28.73', '1', '2016-03-11 00:00:00'),
(961, NULL, '7702027043512', 18, 81, 'Natural', 'Paquete', 'x16und', NULL, 1, '0.000', '6.500', '15.00', '1', '2016-03-11 00:00:00'),
(962, NULL, '7909189017874', 59, 59, 'Ultra matte red supreme', 'Unidad', 'x3.6gr', NULL, 1, '9.900', '15.000', '51.52', '1', '2016-03-11 00:00:00'),
(963, NULL, '7899089476652', 59, 2, 'Naturals Aloe y Macadamia', 'Unidad', 'x1ltr', NULL, 1, '14.900', '18.630', '25.03', '1', '2016-03-11 00:00:00'),
(964, NULL, '05640595', 59, 5, 'Wild Country', 'Unidad', 'x195ml', NULL, 1, '0.000', '14.000', '15.00', '1', '2016-03-11 00:00:00'),
(965, NULL, '05612440', 59, 5, 'Blue Blazer', 'Unidad', 'x195ml', NULL, 1, '0.000', '14.000', '15.00', '1', '2016-03-11 00:00:00'),
(966, NULL, '26076', 59, 31, 'Wild Country', 'Unidad', 'x50ml', NULL, 1, '3.410', '6.500', '90.62', '1', '2016-08-12 10:36:48'),
(967, NULL, '26088', 59, 31, 'Black Suede', 'Unidad', 'x50ml', NULL, 1, '0.000', '6.500', '15.00', '1', '2016-03-11 00:00:00'),
(968, NULL, '26339', 59, 31, 'Far Away', 'Unidad', 'x50ml', NULL, 1, '0.000', '6.500', '15.00', '1', '2016-03-11 00:00:00'),
(969, NULL, '', 57, 128, 'Be sexy revive', 'Unidad', 'x110ml', NULL, 1, '0.000', '15.000', '15.00', '1', '2016-03-12 00:00:00'),
(970, NULL, '7891150017344', 73, 9, 'Oleo Nutricion', 'Unidad', 'x200ml', NULL, 1, '9.610', '11.000', '14.46', '1', '2016-08-08 09:18:28'),
(971, NULL, '7891037013629', 73, 9, 'reconstruccion completa', 'Unidad', 'x200ml', NULL, 1, '9.610', '11.000', '14.46', '1', '2016-08-08 09:18:11'),
(972, NULL, '7752999002376', 60, 62, 'Lan Cream Placenta', 'Unidad', 'x300gr', NULL, 1, '8.500', '11.000', '29.41', '1', '2016-08-10 18:14:19'),
(973, NULL, '7501059316829', 109, 46, 'Control Extremo', 'Unidad', 'x200gr', NULL, 1, '5.360', '6.500', '21.27', '1', '2016-03-12 00:00:00'),
(974, NULL, '7790778071212', 109, 46, 'Fijacion Extra', 'Unidad', 'x200gr', NULL, 1, '6.310', '7.500', '18.86', '1', '2016-03-12 00:00:00'),
(975, NULL, '7790778071229', 109, 46, 'Fijacion Flexible', 'Unidad', 'x200gr', NULL, 1, '6.310', '7.500', '18.86', '1', '2016-03-12 00:00:00'),
(976, NULL, '650240004803', 16, 35, 'Para puntos negros Antiacnil', 'Unidad', 'x150ml', NULL, 1, '17.520', '20.500', '17.01', '1', '2016-08-08 15:59:33'),
(977, NULL, '7891150017702', 67, 129, 'Liso Perfecto', 'Unidad', 'x150ml', NULL, 1, '0.000', '10.000', '15.00', '1', '2016-03-12 00:00:00'),
(978, NULL, '7501001170080', 7, 9, 'Rizos Definidos', 'Unidad', 'x300ml', NULL, 1, '13.690', '16.000', '16.87', '1', '2016-08-08 11:30:51'),
(979, NULL, '7501001170073', 7, 9, 'Liso Extremo', 'Unidad', 'x300ml', NULL, 1, '13.690', '16.000', '16.87', '1', '2016-08-08 11:25:15'),
(980, NULL, '7506195110195', 74, 9, 'Prolongalo', 'Unidad', 'x300ml', NULL, 1, '0.000', '10.000', '15.00', '1', '2016-03-12 00:00:00'),
(981, NULL, '7506195155462', 74, 100, 'Alborotalos', 'Unidad', 'x227gr', NULL, 1, '9.190', '10.570', '15.02', '1', '2016-03-12 00:00:00'),
(982, NULL, '0004656', 55, 107, 'BodySpa Uña de Gato', 'Unidad', 'x400ml', NULL, 1, '0.000', '38.000', '15.00', '1', '2016-03-12 00:00:00'),
(983, NULL, '037836040085', 52, 107, 'Concha Nacar', 'Unidad', 'x400ml', NULL, 1, '0.000', '19.500', '15.00', '1', '2016-03-12 00:00:00'),
(984, NULL, '7759307007399', 148, 107, 'Piel Seca', 'Unidad', 'x250ml', NULL, 1, '0.000', '13.500', '15.00', '1', '2016-03-12 00:00:00'),
(985, NULL, '7759307007405', 148, 107, 'Piel Normal', 'Unidad', 'x250ml', NULL, 1, '0.000', '13.500', '15.00', '1', '2016-03-16 00:00:00'),
(986, NULL, '8412300001175', 4, 33, 'Leche Limpiadora Facial piel normal', 'Unidad', 'x200ml', NULL, 1, '18.580', '21.550', '15.96', '1', '2016-05-26 00:00:00'),
(987, NULL, '7751658018222', 134, 3, 'Body splash', 'Unidad', 'x240ml', NULL, 1, '0.000', '17.000', '15.00', '1', '2016-03-12 00:00:00'),
(988, NULL, '7751851011990', 116, 70, 'Ocean Hidratante', 'Unidad', 'x120ml', NULL, 1, '0.000', '4.500', '15.00', '1', '2016-03-12 00:00:00'),
(989, NULL, '7751851008792', 116, 24, 'Sun Fps 60 uva/uvb', 'Unidad', 'x20ml', NULL, 1, '0.000', '3.500', '15.00', '1', '2016-07-20 00:00:00'),
(990, NULL, '7751851010924', 116, 24, 'Sun Kids Color sandia y uva', 'Unidad', 'x20ml', NULL, 1, '0.000', '3.800', '15.00', '1', '2016-03-12 00:00:00'),
(991, NULL, '', 58, 24, 'Defense Total FPS50+uva/uvb', 'Unidad', 'x80ml', NULL, 1, '0.000', '50.000', '15.00', '1', '2016-03-12 00:00:00'),
(992, NULL, '7751257014854', 23, 81, 'Extragruesas Aloe Vera', 'Paquete', 'x60und', NULL, 1, '0.000', '6.000', '15.00', '1', '2016-03-12 00:00:00'),
(993, NULL, '4891138919649', 149, 131, 'Llavero', 'Unidad', '', NULL, 1, '6.400', '8.000', '25.00', '1', '2016-03-14 00:00:00'),
(994, NULL, '7804955010342', 4, 132, 'Crema antiarr dia y noche x50ml', 'Estuche', 'x2und', NULL, 1, '0.000', '70.000', '15.00', '1', '2016-03-12 00:00:00'),
(995, NULL, '7861001802320', 150, 26, 'Extra gruesos x10und +oferta x1und', 'Pack', '', NULL, 1, '0.000', '4.500', '15.00', '1', '2016-03-12 00:00:00'),
(996, NULL, '4005808336845', 4, 107, 'Soft Milk Piel Seca', 'Unidad', 'x400ml', NULL, 1, '0.000', '18.000', '15.00', '1', '2016-03-12 00:00:00'),
(997, NULL, '3014260318147', 15, 13, 'Indicator Plus medio 40', 'Unidad', '', NULL, 1, '0.000', '5.000', '15.00', '1', '2016-03-12 00:00:00'),
(998, NULL, '6946357179331', 151, 13, 'Wave Clean', 'Unidad', '', NULL, 1, '0.000', '3.500', '15.00', '1', '2016-03-12 00:00:00'),
(999, NULL, '7501086472017', 82, 13, 'Doble Accion Limp tradiciona', 'Unidad', '', NULL, 1, '4.680', '5.500', '17.52', '1', '2016-08-08 16:31:16'),
(1000, NULL, '7501056334956', 152, 107, 'Humectacion Restaurad', 'Unidad', 'x400ml', NULL, 1, '0.000', '14.500', '15.00', '1', '2016-03-12 00:00:00'),
(1001, NULL, '4005808321216', 4, 107, 'Body Piel Seca', 'Unidad', 'x250ml', NULL, 1, '11.370', '15.000', '31.93', '1', '2016-08-09 12:28:14'),
(1002, NULL, '4005808881512', 4, 8, 'Good Bye Celulitis', 'Unidad', 'x200ml', NULL, 1, '24.450', '29.000', '18.61', '1', '2016-03-12 00:00:00'),
(1003, NULL, '7804955010359', 4, 132, 'Crx200ml+Locx200ml+Crx50ml', 'Unidad', '', NULL, 1, '0.000', '43.000', '15.00', '1', '2016-03-12 00:00:00'),
(1004, NULL, '7804955009780', 4, 132, 'Limpiarax200ml+Cremax50ml', 'Estuche', '', NULL, 1, '0.000', '31.000', '15.00', '1', '2016-03-12 00:00:00'),
(1005, NULL, '079656540598', 26, 24, 'Aqua Protect Kids Fps 50', 'Unidad', 'x170gr', NULL, 1, '0.000', '51.000', '15.00', '1', '2016-03-12 00:00:00'),
(1006, NULL, '7750336000023', 153, 3, 'Original ', 'Unidad', 'x20ml', NULL, 1, '15.900', '20.000', '25.79', '1', '2016-08-10 18:07:49'),
(1007, NULL, '7750336000047', 153, 3, 'Natural', 'Unidad', 'x100ml', NULL, 1, '38.250', '48.500', '26.80', '1', '2016-08-10 19:27:40'),
(1008, NULL, '7750336000030', 153, 3, 'Original', 'Unidad', 'x45ml', NULL, 1, '25.500', '32.000', '25.49', '1', '2016-08-11 09:11:03'),
(1009, NULL, '7750336000078', 154, 3, 'Original', 'Unidad', 'x58ml', NULL, 1, '25.500', '33.500', '31.37', '1', '2016-08-10 19:46:00'),
(1010, NULL, '7757709379670', 147, 3, 'Cariño', 'Unidad', 'x50ml', NULL, 1, '0.000', '12.500', '15.00', '1', '2016-03-12 00:00:00'),
(1011, NULL, '7757709379687', 147, 3, 'Cariño', 'Unidad', 'x100ml', NULL, 1, '0.000', '19.000', '15.00', '1', '2016-03-12 00:00:00'),
(1012, NULL, '7757709379694', 147, 3, 'Cariño', 'Unidad', 'x195ml', NULL, 1, '0.000', '31.000', '15.00', '1', '2016-03-12 00:00:00'),
(1013, NULL, '7751493264723', 29, 26, 'Practipañal', 'Paquete', 'x10un', NULL, 1, '0.000', '4.500', '15.00', '1', '2016-03-12 00:00:00'),
(1014, NULL, '0004639', 55, 133, 'BodySpa Uña de Gato', 'Unidad', 'x100gr', NULL, 1, '0.000', '20.000', '15.00', '1', '2016-03-12 00:00:00'),
(1015, NULL, '7750215014950', 78, 132, 'Concha Nacar Crx120gr+Jab Florx80gr', 'Estuche', '', NULL, 1, '0.000', '17.500', '15.00', '1', '2016-03-15 00:00:00'),
(1016, NULL, '7759307009089', 155, 112, 'Colox250ml + jab liquidx300ml', 'Estuche', '', NULL, 1, '17.000', '25.000', '47.06', '1', '2016-03-12 00:00:00'),
(1017, NULL, '7898951850361', 156, 134, 'Exotic Romance ', 'Estuche', 'x50ml', NULL, 1, '0.000', '23.500', '15.00', '1', '2016-03-12 00:00:00'),
(1018, NULL, '7751658019984', 17, 112, 'Oringinal colx250ml+jabx85gr', 'Estuche', '', NULL, 1, '15.820', '20.000', '26.42', '1', '2016-03-12 00:00:00'),
(1019, NULL, '4015400550471', 21, 81, 'Fresh Clean 2x64und', 'Pack', '', NULL, 2, '12.910', '15.000', '16.19', '1', '2016-08-08 11:31:58'),
(1020, NULL, '4015400636434', 21, 81, 'Sensitive 3x56und =168und', 'Pack', '', NULL, 3, '0.000', '21.000', '15.00', '1', '2016-03-12 00:00:00'),
(1021, NULL, '7751257013185', 23, 81, 'Extragruesas 2 paq x72und', 'Estuche', '', NULL, 2, '13.190', '15.170', '15.01', '1', '2016-03-12 00:00:00'),
(1022, NULL, '7751257017053', 23, 81, 'Extragruesas 3paq x60und', 'Estuche', '', NULL, 3, '15.550', '18.000', '15.76', '1', '2016-03-12 00:00:00'),
(1023, NULL, '8850217000254', 24, 135, 'Limpia Biberon y Tetina', 'Unidad', '', NULL, 1, '7.680', '9.000', '17.19', '1', '2016-03-14 00:00:00'),
(1024, NULL, '048526055241', 157, 135, 'Limpia Facil Cepillo p/ biber y tet', 'Unidad', '', NULL, 1, '0.000', '19.500', '15.00', '1', '2016-03-14 00:00:00'),
(1025, NULL, '7750045222099', 25, 136, 'Con protector borde suave', 'Unidad', '', NULL, 1, '6.300', '7.500', '19.05', '1', '2016-03-14 00:00:00'),
(1026, NULL, '6930983980522', 158, 13, 'Niños', 'Unidad', '', NULL, 1, '0.000', '1.000', '15.00', '1', '2016-03-14 00:00:00'),
(1027, NULL, '7750045252225', 159, 136, 'Baby con sujetador', 'Unidad', '', NULL, 1, '9.000', '11.500', '27.78', '1', '2016-08-11 10:41:18'),
(1028, NULL, '8850217000308', 24, 13, 'Baby dent de silicona c/ estuc prot', 'Unidad', '', NULL, 1, '0.000', '7.000', '15.00', '1', '2016-03-14 00:00:00'),
(1029, NULL, '6955770801392', 160, 137, 'Teether', 'Unidad', '', NULL, 1, '0.000', '5.000', '15.00', '1', '2016-03-14 00:00:00'),
(1030, NULL, '8850217000155', 24, 15, 'Silicona de entrenamiento boca anch', 'Unidad', '', NULL, 1, '0.000', '4.500', '15.00', '1', '2016-03-14 00:00:00'),
(1031, NULL, '6937619301225', 161, 85, 'Cepillo para pelo', 'Unidad', '', NULL, 1, '0.000', '4.500', '15.00', '1', '2016-03-14 00:00:00'),
(1032, NULL, '7751257018722', 23, 15, 'Pro-Flo Flujo Medio 3m a 6m', 'Estuche', 'x2und', NULL, 1, '14.000', '16.000', '14.29', '1', '2016-03-31 00:00:00'),
(1033, NULL, '7751257018715', 23, 15, 'Pro-Flo Flujo Lento 0 a 3m', 'Estuche', 'x2und', NULL, 1, '14.000', '16.000', '14.29', '1', '2016-03-31 00:00:00'),
(1034, NULL, '', 162, 139, 'Color cosmetics', 'Estuche', '', NULL, 1, '0.000', '10.000', '15.00', '1', '2016-03-14 00:00:00'),
(1035, NULL, '7750045180436', 25, 140, 'Disney Winnie the pooh', 'Estuche', '', NULL, 1, '7.700', '9.000', '16.88', '1', '2016-03-14 00:00:00'),
(1036, NULL, '58300084', 32, 13, 'Cepillo para pies 4 en 1', 'Unidad', '', NULL, 1, '0.000', '4.000', '15.00', '1', '2016-03-14 00:00:00'),
(1037, NULL, '', 163, 141, 'Sonaja musical y con luz', 'Unidad', '', NULL, 1, '0.000', '9.500', '15.00', '1', '2016-03-14 00:00:00'),
(1038, NULL, '4891138941220', 149, 142, 'Manos Libres con pilas', 'Unidad', '', NULL, 1, '0.000', '23.900', '15.00', '1', '2016-03-14 00:00:00'),
(1039, NULL, '048526241705', 157, 143, 'Medical Kit 0m+', 'Estuche', '', NULL, 1, '0.000', '24.000', '15.00', '1', '2016-03-14 00:00:00'),
(1040, NULL, '7750045223324', 25, 141, 'Mordedor Llaves', 'Unidad', '', NULL, 1, '0.000', '14.500', '15.00', '1', '2016-03-14 00:00:00'),
(1041, NULL, '6922385515280', 164, 143, 'Lima + cortauña + tijera', 'Unidad', '', NULL, 1, '0.000', '5.000', '15.00', '1', '2016-03-14 00:00:00'),
(1042, NULL, '', 165, 141, 'Con sonido y luz', 'Unidad', '', NULL, 1, '0.000', '14.900', '15.00', '1', '2016-03-14 00:00:00'),
(1043, NULL, '041840000034', 166, 144, 'Con toalla', 'Estuche', 'x3und', NULL, 1, '0.000', '18.000', '15.00', '1', '2016-03-16 00:00:00'),
(1044, NULL, '7752902003360', 42, 3, 'Rosas', 'Unidad', 'x250ml', NULL, 1, '8.970', '10.500', '17.06', '1', '2016-08-10 08:23:45'),
(1045, NULL, '7752902000819', 42, 3, 'Herbal', 'Unidad', 'x250ml', NULL, 1, '8.970', '10.500', '17.06', '1', '2016-08-10 08:23:56'),
(1046, NULL, '7752902000789', 42, 3, 'Citrica', 'Unidad', 'x250ml', NULL, 1, '8.970', '10.500', '17.06', '1', '2016-08-10 08:20:34'),
(1047, NULL, '7752902005500', 42, 3, 'Lavanda', 'Unidad', 'x250ml', NULL, 1, '8.970', '10.500', '17.06', '1', '2016-08-10 08:24:08'),
(1048, NULL, '7757266001656', 167, 145, 'Splash 2und x250ml', 'Estuche', '', NULL, 1, '0.000', '24.500', '15.00', '1', '2016-03-14 00:00:00'),
(1049, NULL, '7752999002383', 60, 8, 'Barro Mineral', 'Unidad', '300gr', NULL, 1, '10.150', '13.000', '28.08', '1', '2016-08-10 18:19:41'),
(1050, NULL, '038949007033', 168, 80, 'Para el cuerpo', 'Unidad', 'x140gr', NULL, 1, '0.000', '21.000', '15.00', '1', '2016-03-14 00:00:00'),
(1051, NULL, '', 169, 4, 'Simply Sensual Dusting Powder', 'Unidad', 'x142gr', NULL, 1, '3.450', '7.000', '102.90', '1', '2016-08-11 09:36:53'),
(1052, NULL, '7750215015988', 170, 147, 'Aroma terapia', 'Estuche', 'x3und', NULL, 1, '0.000', '28.000', '15.00', '1', '2016-03-14 00:00:00'),
(1053, NULL, '7804955010755', 4, 148, 'Shower gelx250ml+aclaradox250ml', 'Estuche', '', NULL, 1, '17.200', '20.000', '16.28', '1', '2016-03-14 00:00:00'),
(1054, NULL, '7750215017272', 78, 149, 'cremax100gr+quitaemalx70ml+lima', 'Estuche', '', NULL, 1, '0.000', '7.500', '15.00', '1', '2016-03-14 00:00:00'),
(1055, NULL, '7750465004763', 65, 112, 'Coloniax250ml+Jab liqx400ml', 'Estuche', '', NULL, 1, '0.000', '23.000', '15.00', '1', '2016-03-14 00:00:00'),
(1056, NULL, '7759307007481', 155, 112, 'Agua de colx500ml+jabx150gr', 'Estuche', '', NULL, 1, '0.000', '21.000', '15.00', '1', '2016-03-14 00:00:00'),
(1057, NULL, '', 56, 4, 'Momento libertad', 'Unidad', 'x140gr', NULL, 1, '0.000', '13.500', '15.00', '1', '2016-03-14 00:00:00'),
(1058, NULL, '', 56, 4, 'Salvaje', 'Unidad', 'x140gr', NULL, 1, '0.000', '13.500', '15.00', '1', '2016-03-14 00:00:00'),
(1059, NULL, '', 56, 4, 'Fiori', 'Unidad', 'x140gr', NULL, 1, '0.000', '13.500', '15.00', '1', '2016-03-14 00:00:00'),
(1060, NULL, '7754326041010', 171, 4, 'Romeo y Julieta', 'Unidad', 'x100gr', NULL, 1, '4.600', '6.500', '41.30', '1', '2016-08-10 18:30:43'),
(1061, NULL, '7754326001434', 171, 4, 'Orchidee', 'Unidad', 'x100gr', NULL, 1, '4.600', '6.500', '41.30', '1', '2016-08-10 18:29:30'),
(1062, NULL, '22151', 66, 4, 'Ascendant', 'Unidad', 'x100gr', NULL, 1, '0.000', '10.000', '15.00', '1', '2016-03-14 00:00:00'),
(1063, NULL, '7899089434249', 59, 3, 'Charisma', 'Unidad', 'x150ml', NULL, 1, '0.000', '12.000', '15.00', '1', '2016-03-14 00:00:00'),
(1064, NULL, '67326', 59, 3, 'Sweet Honesty', 'Unidad', 'x150ml', NULL, 1, '7.900', '11.000', '39.24', '1', '2016-08-12 09:26:41'),
(1065, NULL, '67322', 59, 3, 'Sensual Musk', 'Unidad', 'x150ml', NULL, 1, '7.900', '11.000', '39.24', '1', '2016-08-12 09:45:15'),
(1066, NULL, '7899089434263', 59, 3, 'Passionel', 'Unidad', 'x150ml', NULL, 1, '0.000', '12.000', '15.00', '1', '2016-03-14 00:00:00'),
(1067, NULL, '7899089434256', 59, 3, 'Topaze', 'Unidad', 'x150ml', NULL, 1, '0.000', '12.000', '15.00', '1', '2016-03-14 00:00:00'),
(1068, NULL, '7791274001598', 159, 28, 'Independeny girl', 'Unidad', 'x135ml', NULL, 1, '0.000', '10.000', '15.00', '1', '2016-03-14 00:00:00'),
(1069, NULL, '', 56, 3, 'Men Fresh', 'Unidad', 'x200ml', NULL, 1, '0.000', '30.000', '15.00', '1', '2016-03-14 00:00:00'),
(1070, NULL, '', 57, 2, 'Berrylicious Sexy', 'Unidad', 'x375ml', NULL, 1, '0.000', '20.000', '15.00', '1', '2016-03-14 00:00:00'),
(1071, NULL, '', 56, 3, 'Berrylicious Sexy', 'Unidad', 'x200ml', NULL, 1, '0.000', '20.000', '15.00', '1', '2016-03-14 00:00:00'),
(1072, NULL, '', 56, 3, 'Berrylicious Exotic', 'Unidad', 'x200ml', NULL, 1, '0.000', '20.000', '15.00', '1', '2016-03-14 00:00:00'),
(1073, NULL, '', 56, 3, 'Berrylicious berry cocktail', 'Unidad', 'x200ml', NULL, 1, '0.000', '20.000', '15.00', '1', '2016-03-14 00:00:00');
INSERT INTO `producto` (`id_producto`, `codigo_producto`, `codigo_barra`, `id_marca`, `id_tipo_producto`, `descripcion`, `presentacion`, `contenido`, `unidad_medida`, `fraccion`, `ult_precio_compra`, `ult_precio_venta`, `utilidad`, `estado`, `ult_modificacion`) VALUES
(1074, NULL, '', 56, 3, 'Fruits Flowers trop maracuya', 'Unidad', 'x200ml', NULL, 1, '0.000', '18.000', '15.00', '1', '2016-03-14 00:00:00'),
(1075, NULL, '', 56, 3, 'Seducing Orchidea bouquet floral', 'Unidad', 'x200ml', NULL, 1, '0.000', '20.000', '15.00', '1', '2016-03-14 00:00:00'),
(1076, NULL, '7750908001755', 172, 108, 'Colox443ml+Hi&dri deo x44ml', 'Estuche', '', NULL, 1, '0.000', '33.500', '15.00', '1', '2016-03-14 00:00:00'),
(1077, NULL, '25443', 66, 4, 'Nature secrets tropical burst', 'Unidad', 'x400gr', NULL, 1, '0.000', '30.000', '15.00', '1', '2016-03-14 00:00:00'),
(1078, NULL, '', 56, 3, 'Mini chics tina dance', 'Unidad', 'x200ml', NULL, 1, '0.000', '14.000', '15.00', '1', '2016-03-14 00:00:00'),
(1079, NULL, '7757266005777', 167, 112, 'Col splashx250ml+jabx120gr', 'Estuche', '', NULL, 1, '15.850', '19.900', '25.55', '1', '2016-08-11 12:14:21'),
(1080, NULL, '7791274002960', 132, 3, 'Disney Violeta', 'Unidad', 'x200ml', NULL, 1, '0.000', '20.000', '15.00', '1', '2016-03-14 00:00:00'),
(1081, NULL, '7899563236994', 113, 7, 'Ekos Encanto de capitu', 'Unidad', 'x90gr', NULL, 1, '0.000', '10.000', '15.00', '1', '2016-03-14 00:00:00'),
(1082, NULL, '7898532709446', 113, 2, 'Ekos Castanha', 'Unidad', 'x300ml', NULL, 1, '0.000', '25.000', '15.00', '1', '2016-03-14 00:00:00'),
(1083, NULL, '7898548817159', 113, 2, 'Ekos Buriti', 'Unidad', 'x300ml', NULL, 1, '0.000', '25.000', '15.00', '1', '2016-03-14 00:00:00'),
(1084, NULL, '7501046110300', 50, 144, '3unsx150gr', 'Estuche', '', NULL, 1, '0.000', '20.000', '15.00', '1', '2016-03-14 00:00:00'),
(1085, NULL, '7899563201541', 113, 31, 'Tododia Sin perfume', 'Unidad', 'x70ml', NULL, 1, '24.000', '30.000', '25.00', '1', '2016-03-14 00:00:00'),
(1086, NULL, '7501027280657', 173, 2, 'Mango-Naranja', 'Unidad', 'x265ml', NULL, 1, '0.000', '14.800', '15.00', '1', '2016-03-14 00:00:00'),
(1087, NULL, '0002683', 55, 3, 'Alegria Petit pon pon ', 'Unidad', 'x400ml', NULL, 1, '0.000', '35.000', '15.00', '1', '2016-03-14 00:00:00'),
(1088, NULL, '7898460855260', 113, 150, 'Va para desodorante colonia', 'Unidad', '', NULL, 1, '0.000', '15.000', '15.00', '1', '2016-03-14 00:00:00'),
(1089, NULL, '', 56, 46, 'CComando Force', 'Unidad', 'x80gr', NULL, 1, '0.000', '12.000', '15.00', '1', '2016-03-14 00:00:00'),
(1090, NULL, '7898548819290', 113, 8, 'Ekos Pulpa Hidratante', 'Unidad', 'x100gr', NULL, 1, '0.000', '45.000', '0.00', '1', '2016-03-14 00:00:00'),
(1091, NULL, '7899563241806', 113, 11, 'Tododia orquidea', 'Unidad', 'x300ml', NULL, 1, '0.000', '25.000', '15.00', '1', '2016-03-14 00:00:00'),
(1092, NULL, '7899563201022', 113, 3, 'Ekos Pitanga', 'Unidad', 'x150ml', NULL, 1, '0.000', '75.000', '15.00', '1', '2016-03-14 00:00:00'),
(1093, NULL, '7898548805644', 113, 3, 'Kaiak femenino', 'Unidad', 'x100ml', NULL, 1, '0.000', '110.000', '15.00', '1', '2016-03-14 00:00:00'),
(1094, NULL, '7899089498753', 59, 8, 'Encanto Seduccion a flor de piel', 'Unidad', 'x75gr', NULL, 1, '0.000', '10.000', '15.00', '1', '2016-03-14 00:00:00'),
(1095, NULL, '', 58, 8, 'CC cream', 'Unidad', 'x40gr', NULL, 1, '0.000', '70.000', '15.00', '1', '2016-03-16 00:00:00'),
(1096, NULL, '21878', 66, 8, 'Dream cream', 'Unidad', 'x30ml', NULL, 1, '0.000', '5.000', '15.00', '1', '2016-03-14 00:00:00'),
(1097, NULL, '077043104736', 174, 8, 'Timeless Skin', 'Unidad', 'x283gr', NULL, 1, '0.000', '19.000', '15.00', '1', '2016-03-14 00:00:00'),
(1098, NULL, '', 57, 144, 'Jabon de tocador 2undx7.5gr', 'Estuche', '', NULL, 1, '0.000', '15.000', '15.00', '1', '2016-03-14 00:00:00'),
(1099, NULL, '', 56, 8, 'Triple accion max', 'Unidad', 'x240gr', NULL, 1, '0.000', '28.500', '15.00', '1', '2016-03-14 00:00:00'),
(1100, NULL, '7899563201046', 113, 3, 'Ekos Pitanga Amarela', 'Unidad', 'x150ml', NULL, 1, '0.000', '75.000', '15.00', '1', '2016-03-14 00:00:00'),
(1101, NULL, '7899563201121', 113, 3, 'Ekos Castanha', 'Unidad', 'x150ml', NULL, 1, '0.000', '75.000', '15.00', '1', '2016-03-14 00:00:00'),
(1102, NULL, '7899563201114', 113, 3, 'Ekos Maracuya', 'Unidad', 'x150ml', NULL, 1, '0.000', '75.000', '15.00', '1', '2016-03-14 00:00:00'),
(1103, NULL, '7899846000656', 113, 3, 'Aguas Flor de Lotus', 'Unidad', 'x150ml', NULL, 1, '0.000', '65.000', '15.00', '1', '2016-03-15 00:00:00'),
(1104, NULL, '7898532708395', 113, 144, 'Erva doce jabones de toca 4undx90gr', 'Estuche', '', NULL, 1, '0.000', '26.000', '15.00', '1', '2016-03-15 00:00:00'),
(1105, NULL, '7861078306400', 28, 26, 'Invisible Mediano', 'Paquete', 'x8und', NULL, 8, '16.600', '19.000', '14.46', '1', '2016-08-09 12:04:15'),
(1106, NULL, '7750215017326', 78, 144, 'Concha de Nacar Cr120gr+Jb80g+Jb80g', 'Estuche', '', NULL, 1, '0.000', '20.000', '15.00', '1', '2016-03-15 00:00:00'),
(1107, NULL, '', 56, 107, 'Aqua lotion piel lisa', 'Unidad', 'x1ltr', NULL, 1, '0.000', '35.000', '15.00', '1', '2016-03-15 00:00:00'),
(1108, NULL, '', 56, 107, 'Multicrem nutrients', 'Unidad', 'x1ltr', NULL, 1, '0.000', '35.000', '15.00', '1', '2016-03-15 00:00:00'),
(1109, NULL, '', 56, 107, 'Triple accion max', 'Unidad', 'x1ltr', NULL, 1, '0.000', '35.000', '15.00', '1', '2016-03-15 00:00:00'),
(1110, NULL, '7702045541410', 47, 2, 'Reparacion total RP19', 'Unidad', 'x375ml', NULL, 1, '0.000', '14.000', '15.00', '1', '2016-03-15 00:00:00'),
(1111, NULL, '7702045490633', 45, 2, 'Todo tipo de cabello', 'Unidad', 'x200ml', NULL, 1, '0.000', '8.500', '15.00', '1', '2016-03-15 00:00:00'),
(1112, NULL, '', 42, 119, 'Spring F colx250+Bel natur talx140g', 'Estuche', '', NULL, 1, '0.000', '17.000', '15.00', '1', '2016-03-15 00:00:00'),
(1113, NULL, '7750021004121', 175, 7, 'Avena ', 'Unidad', 'x75gr', NULL, 1, '0.000', '2.000', '15.00', '1', '2016-03-15 00:00:00'),
(1114, NULL, '7750021004886', 175, 7, 'Fresh', 'Unidad', 'x75gr', NULL, 1, '0.000', '2.000', '15.00', '1', '2016-03-15 00:00:00'),
(1115, NULL, '7750021004220', 175, 7, 'Extra Suave', 'Unidad', 'x75gr', NULL, 1, '0.000', '2.000', '15.00', '1', '2016-03-15 00:00:00'),
(1116, NULL, '7750021004541', 175, 7, 'Aloe', 'Unidad', 'x75gr', NULL, 1, '0.000', '2.000', '15.00', '1', '2016-03-15 00:00:00'),
(1117, NULL, '7750304008297', 176, 7, 'Clasico', 'Unidad', 'x80gr', NULL, 1, '0.000', '4.500', '15.00', '1', '2016-03-15 00:00:00'),
(1118, NULL, '7759185000277', 177, 151, 'Clasica', 'Unidad', 'x1rollo', NULL, 1, '0.000', '1.500', '15.00', '1', '2016-03-15 00:00:00'),
(1119, NULL, '7751493006378', 19, 19, 'Extra doble hoja', 'Paquete', 'x4rollos', NULL, 1, '0.000', '3.000', '15.00', '1', '2016-03-15 00:00:00'),
(1120, NULL, '7759307443524', 106, 11, 'Glicerina', 'Unidad', 'x300ml', NULL, 1, '0.000', '18.500', '15.00', '1', '2016-03-15 00:00:00'),
(1121, NULL, '7891038301800', 73, 7, 'Baby cream bar', 'Unidad', 'x75gr', NULL, 1, '0.000', '3.000', '15.00', '1', '2016-03-15 00:00:00'),
(1122, NULL, '7750021004527', 175, 7, 'Aloe', 'Unidad', 'x125gr', NULL, 1, '2.750', '3.160', '14.91', '1', '2016-03-15 00:00:00'),
(1123, NULL, '7750021004893', 175, 7, 'Fresh', 'Unidad', 'x125gr', NULL, 1, '2.750', '3.160', '14.91', '1', '2016-03-15 00:00:00'),
(1124, NULL, '7750021004169', 175, 7, 'Extra Proteccion', 'Unidad', 'x125gr', NULL, 1, '2.750', '3.160', '14.91', '1', '2016-03-15 00:00:00'),
(1125, NULL, '7891150019560', 73, 7, 'Delicious Care', 'Unidad', 'x90gr', NULL, 1, '0.000', '3.000', '15.00', '1', '2016-03-15 00:00:00'),
(1126, NULL, '7898422746759', 73, 7, 'Original', 'Unidad', 'x90gr', NULL, 1, '0.000', '3.000', '15.00', '1', '2016-03-15 00:00:00'),
(1127, NULL, '7702538111502', 17, 7, 'Antibacteriano', 'Unidad', 'x150gr', NULL, 1, '3.360', '4.000', '19.05', '1', '2016-08-09 08:18:47'),
(1128, NULL, '7753572001557', 124, 7, 'Manzanilla', 'Unidad', 'x80gr', NULL, 1, '0.000', '2.000', '15.00', '1', '2016-03-15 00:00:00'),
(1129, NULL, '7753572001564', 124, 7, 'Original', 'Unidad', 'x80gr', NULL, 1, '0.000', '2.000', '15.00', '1', '2016-03-15 00:00:00'),
(1130, NULL, '7753572001571', 124, 7, 'Milk', 'Unidad', 'x80gr', NULL, 1, '0.000', '2.000', '15.00', '1', '2016-03-15 00:00:00'),
(1131, NULL, '2050000515545', 178, 7, 'Antibacterial x90gr +H&S', 'Pack', '', NULL, 1, '0.000', '2.000', '15.00', '1', '2016-03-15 00:00:00'),
(1132, NULL, '7791293024189', 133, 7, 'Menta fresh', 'Unidad', 'x90gr', NULL, 1, '0.000', '2.000', '0.00', '1', '2016-03-15 00:00:00'),
(1133, NULL, '7791293024172', 133, 7, 'Sensible Fresh', 'Unidad', 'x90gr', NULL, 1, '0.000', '2.000', '0.00', '1', '2016-03-15 00:00:00'),
(1134, NULL, '7791293024196', 133, 7, 'Acqua Fresh', 'Unidad', 'x90gr', NULL, 1, '0.000', '2.000', '0.00', '1', '2016-03-15 00:00:00'),
(1135, NULL, '7891150031593', 179, 7, 'Encantame', 'Unidad', 'x90gr', NULL, 1, '0.000', '2.000', '15.00', '1', '2016-03-15 00:00:00'),
(1136, NULL, '7891038352109', 179, 7, 'Delicadeza Floral', 'Unidad', 'x90gr', NULL, 1, '0.000', '2.000', '15.00', '1', '2016-03-15 00:00:00'),
(1137, NULL, '2050000549083', 180, 7, 'Clasico', 'Unidad', 'x90gr', NULL, 1, '0.000', '1.500', '15.00', '1', '2016-03-15 00:00:00'),
(1138, NULL, '7501001281663', 180, 7, 'Romantic', 'Unidad', 'x90gr', NULL, 1, '0.000', '1.500', '15.00', '1', '2016-03-15 00:00:00'),
(1139, NULL, '7702031902997', 6, 7, 'Avena', 'Unidad', 'x75gr', NULL, 1, '0.000', '2.500', '15.00', '1', '2016-03-15 00:00:00'),
(1140, NULL, '7702031959571', 6, 7, 'Hora de Jugar', 'Unidad', 'x75gr', NULL, 1, '0.000', '2.500', '15.00', '1', '2016-03-15 00:00:00'),
(1141, NULL, '7702031997849', 6, 7, 'Avena y Aciete de almendras', 'Unidad', 'x75gr', NULL, 1, '0.000', '2.500', '15.00', '1', '2016-03-15 00:00:00'),
(1142, NULL, '7702031902607', 6, 7, 'Para antes de dormir', 'Unidad', 'x75gr', NULL, 1, '0.000', '2.500', '15.00', '1', '2016-03-15 00:00:00'),
(1143, NULL, '7702031902959', 6, 7, 'Piel delicada', 'Unidad', 'x75gr', NULL, 1, '0.000', '2.500', '15.00', '1', '2016-03-15 00:00:00'),
(1144, NULL, '7753282407359', 54, 56, 'Miel de abeja', 'Unidad', 'x90gr', NULL, 1, '0.000', '2.000', '15.00', '1', '2016-03-15 00:00:00'),
(1145, NULL, '7702031900917', 6, 7, 'Formula original', 'Unidad', 'x125gr', NULL, 1, '0.000', '3.500', '15.00', '1', '2016-03-15 00:00:00'),
(1146, NULL, '7702031874195', 6, 7, 'Crema de Vainilla y Macadamia', 'Unidad', 'x125gr', NULL, 1, '0.000', '3.500', '15.00', '1', '2016-03-15 00:00:00'),
(1147, NULL, '7702031874188', 6, 7, 'Te de Manzanilla y semillas', 'Unidad', 'x125gr', NULL, 1, '0.000', '3.500', '15.00', '1', '2016-03-15 00:00:00'),
(1148, NULL, '7702010410314', 181, 7, 'Sensacion Humectante', 'Unidad', 'x75gr', NULL, 1, '0.000', '1.500', '15.00', '1', '2016-03-15 00:00:00'),
(1149, NULL, '7702010410321', 181, 7, 'Exfoliacion Diaria', 'Unidad', 'x75gr', NULL, 1, '0.000', '1.500', '15.00', '1', '2016-03-15 00:00:00'),
(1150, NULL, '7702010420337', 36, 7, 'Avena', 'Unidad', 'x110gr', NULL, 1, '0.000', '3.000', '15.00', '1', '2016-03-15 00:00:00'),
(1151, NULL, '7702010420276', 36, 7, 'Herbal', 'Unidad', 'x130gr', NULL, 1, '0.000', '3.000', '15.00', '1', '2016-03-15 00:00:00'),
(1152, NULL, '7702010420788', 36, 7, 'Men Sport', 'Unidad', 'x130gr', NULL, 1, '2.330', '3.000', '28.76', '1', '2016-08-09 12:34:54'),
(1153, NULL, '7702010420269', 36, 7, 'Fresh', 'Unidad', 'x130gr', NULL, 1, '2.330', '3.000', '28.76', '1', '2016-08-09 12:35:34'),
(1154, NULL, '7702010420467', 36, 7, 'Limpieza Profunda', 'Unidad', 'x130gr', NULL, 1, '2.330', '3.000', '28.76', '1', '2016-08-09 12:36:24'),
(1155, NULL, '7702538249038', 182, 7, 'Humectante con algas', 'Unidad', 'x100gr', NULL, 1, '0.000', '2.000', '15.00', '1', '2016-03-15 00:00:00'),
(1156, NULL, '7702538249021', 182, 7, 'Nutritivo con leche y miel', 'Unidad', 'x100gr', NULL, 1, '1.750', '2.010', '15.00', '1', '2016-06-16 00:00:00'),
(1157, NULL, '7702538249007', 182, 7, 'Proteccion Forte', 'Unidad', 'x100gr', NULL, 1, '0.000', '2.000', '15.00', '1', '2016-03-15 00:00:00'),
(1158, NULL, '7501035912410', 36, 7, 'Fresh', 'Unidad', 'x75gr', NULL, 1, '1.730', '2.000', '15.61', '1', '2016-08-09 15:26:44'),
(1159, NULL, '7752999002321', 60, 52, 'Neutralizante Cremoso', 'Unidad', 'x500ml', NULL, 1, '0.000', '15.000', '15.00', '1', '2016-03-15 00:00:00'),
(1160, NULL, '', 58, 3, 'Seduttore', 'Unidad', 'x100ml', NULL, 1, '0.000', '80.000', '15.00', '1', '2016-03-15 00:00:00'),
(1161, NULL, '', 56, 3, 'Strong Musk', 'Unidad', 'x60ml', NULL, 1, '0.000', '50.000', '15.00', '1', '2016-03-16 00:00:00'),
(1162, NULL, '31199', 66, 3, 'Giordani', 'Unidad', 'x75ml', NULL, 1, '0.000', '57.000', '15.00', '1', '2016-03-15 00:00:00'),
(1163, NULL, '7753572000932', 124, 2, 'Germen de Trigo Cabello Rizado', 'Unidad', 'x200ml', NULL, 1, '10.990', '12.700', '15.56', '1', '2016-06-30 00:00:00'),
(1164, NULL, '7753572000987', 124, 20, 'Germen de Trigo', 'Unidad', 'x200ml', NULL, 1, '10.990', '12.700', '15.56', '1', '2016-06-30 00:00:00'),
(1165, NULL, '19639', 66, 3, 'Flamboyant', 'Unidad', 'x75ml', NULL, 1, '0.000', '55.000', '15.00', '1', '2016-03-15 00:00:00'),
(1166, NULL, '7753572000956', 124, 2, 'Manzanilla Cabello Rizado', 'Unidad', 'x200ml', NULL, 1, '11.000', '12.700', '15.45', '1', '2016-06-30 00:00:00'),
(1167, NULL, '7702027484803', 18, 89, 'Diarios desod ', 'Unidad', 'x5und', NULL, 1, '0.000', '1.000', '15.00', '1', '2016-03-15 00:00:00'),
(1168, NULL, '30540', 66, 3, 'Ascendant Aqua', 'Unidad', 'x75ml', NULL, 1, '0.000', '55.000', '15.00', '1', '2016-03-15 00:00:00'),
(1169, NULL, '', 57, 3, 'Advance', 'Unidad', 'x75ml', NULL, 1, '0.000', '0.000', '15.00', '1', '2016-03-15 00:00:00'),
(1170, NULL, '', 56, 3, 'Fogos', 'Unidad', 'x75ml', NULL, 1, '0.000', '40.000', '15.00', '1', '2016-03-15 00:00:00'),
(1171, NULL, '', 56, 3, 'Intrepid', 'Unidad', 'x100ml', NULL, 1, '0.000', '60.000', '15.00', '1', '2016-03-16 00:00:00'),
(1172, NULL, '', 57, 3, 'Ure nite', 'Unidad', 'x100ml', NULL, 1, '0.000', '0.000', '15.00', '1', '2016-03-15 00:00:00'),
(1173, NULL, '', 58, 3, 'Extreme Intense', 'Unidad', 'x100ml', NULL, 1, '0.000', '80.000', '15.00', '1', '2016-03-15 00:00:00'),
(1174, NULL, '', 56, 3, 'Victorius', 'Unidad', 'x75ml', NULL, 1, '0.000', '37.000', '15.00', '1', '2016-03-15 00:00:00'),
(1175, NULL, '0004002', 55, 3, 'Adrenaline for men', 'Unidad', 'x75ml', NULL, 1, '0.000', '75.000', '15.00', '1', '2016-03-15 00:00:00'),
(1176, NULL, '', 56, 3, 'Max', 'Unidad', 'x100ml', NULL, 1, '0.000', '40.000', '15.00', '1', '2016-03-15 00:00:00'),
(1177, NULL, '', 58, 3, 'Dantan', 'Unidad', 'x100ml', NULL, 1, '0.000', '80.000', '15.00', '1', '2016-03-15 00:00:00'),
(1178, NULL, '', 57, 3, 'Nitro', 'Unidad', 'x100ml', NULL, 1, '0.000', '50.000', '15.00', '1', '2016-03-16 00:00:00'),
(1179, NULL, '7501001169107', 7, 20, 'Rizos Definidos', 'Unidad', 'x200ml', NULL, 1, '0.000', '11.500', '15.00', '1', '2016-03-15 00:00:00'),
(1180, NULL, '7501001165314', 7, 2, 'Liso y Sedoso', 'Unidad', 'x400ml', NULL, 1, '0.000', '16.500', '15.00', '1', '2016-03-15 00:00:00'),
(1181, NULL, '7506195126325', 7, 2, 'Fusion Natraleza', 'Unidad', 'x400ml', NULL, 1, '0.000', '16.500', '15.00', '1', '2016-03-15 00:00:00'),
(1182, NULL, '', 56, 3, 'Eros for men', 'Unidad', 'x100ml', NULL, 1, '0.000', '65.000', '15.00', '1', '2016-03-15 00:00:00'),
(1183, NULL, '0004642', 55, 3, 'Xool 2.0 hombre', 'Unidad', '', NULL, 1, '0.000', '50.000', '15.00', '1', '2016-03-15 00:00:00'),
(1184, NULL, '7804902042136', 183, 60, ' Premium Collect Cartera + Colonia', 'Estuche', 'x50ml', NULL, 1, '0.000', '0.000', '15.00', '1', '2016-03-15 00:00:00'),
(1185, NULL, '', 58, 3, 'Courant', 'Unidad', 'x100ml', NULL, 1, '0.000', '80.000', '15.00', '1', '2016-03-15 00:00:00'),
(1186, NULL, '', 58, 3, 'Bleu intense', 'Unidad', 'x100ml', NULL, 1, '0.000', '80.000', '15.00', '1', '2016-03-15 00:00:00'),
(1187, NULL, '', 56, 3, 'Bravio Christian Meier', 'Unidad', 'x100ml', NULL, 1, '0.000', '75.000', '15.00', '1', '2016-03-15 00:00:00'),
(1188, NULL, '', 58, 3, 'Devos Magnetic', 'Unidad', 'x100ml', NULL, 1, '0.000', '80.000', '15.00', '1', '2016-03-15 00:00:00'),
(1189, NULL, '7750465004626', 65, 56, 'Natural', 'Unidad', 'x90gr', NULL, 1, '1.350', '2.000', '48.15', '1', '2016-08-10 08:50:06'),
(1190, NULL, '7750465004664', 65, 56, 'Bacterin', 'Unidad', 'x90gr', NULL, 1, '1.540', '2.000', '29.87', '1', '2016-08-10 08:50:57'),
(1191, NULL, '7750465005012', 65, 56, 'Ruda', 'Unidad', 'x90gr', NULL, 1, '1.350', '2.000', '48.15', '1', '2016-03-15 00:00:00'),
(1192, NULL, '7750465004640', 65, 56, 'Baby', 'Unidad', 'x90gr', NULL, 1, '1.540', '2.000', '29.87', '1', '2016-08-10 08:50:25'),
(1193, NULL, '7751257016896', 93, 81, 'Con aloe', 'Paquete', 'x100und', NULL, 1, '5.900', '7.000', '18.64', '1', '2016-03-15 00:00:00'),
(1194, NULL, '7750465004671', 65, 56, 'Aloe Vera', 'Unidad', 'x90gr', NULL, 1, '1.540', '2.000', '29.87', '1', '2016-08-10 08:51:12'),
(1195, NULL, '7750465004688', 65, 56, 'Rosa Mosqueta', 'Unidad', 'x90gr', NULL, 1, '1.540', '2.000', '29.87', '1', '2016-08-10 08:49:51'),
(1196, NULL, '7750465004657', 65, 56, 'Miel de abeja', 'Unidad', 'x90gr', NULL, 1, '1.540', '2.000', '29.87', '1', '2016-08-10 08:50:39'),
(1197, NULL, '7702035432117', 75, 38, 'Cool mint', 'Unidad', 'x180ml', NULL, 1, '8.100', '9.310', '14.94', '1', '2016-03-15 00:00:00'),
(1198, NULL, '7891010974336', 75, 38, 'Zero menta', 'Unidad', 'x500ml', NULL, 1, '16.600', '19.090', '15.00', '1', '2016-03-15 00:00:00'),
(1199, NULL, '7702031618737', 75, 38, 'Whitening extreme', 'Unidad', 'x236ml', NULL, 1, '12.400', '14.260', '15.00', '1', '2016-03-15 00:00:00'),
(1200, NULL, '7891010030889', 6, 2, 'Manzanilla', 'Unidad', 'x200ml', NULL, 1, '11.540', '13.500', '16.98', '1', '2016-08-08 09:45:04'),
(1201, NULL, '7750021007566', 6, 103, 'Manzanillax750ml+talcx100gr', 'Pack', '', NULL, 1, '25.200', '28.980', '15.00', '1', '2016-03-15 00:00:00'),
(1202, NULL, '7702031604143', 6, 129, 'Gotas de brillo', 'Unidad', 'x200ml', NULL, 1, '11.540', '13.500', '16.98', '1', '2016-08-08 12:03:53'),
(1203, NULL, '7702031998174', 6, 129, 'Fragancia Prolongada', 'Unidad', 'x200ml', NULL, 1, '11.540', '13.500', '16.98', '1', '2016-08-08 12:03:21'),
(1204, NULL, '7702031604099', 6, 2, 'Gotas de brillo', 'Unidad', 'x750ml', NULL, 1, '25.100', '29.000', '15.54', '1', '2016-03-15 00:00:00'),
(1205, NULL, '7750021004206', 175, 7, 'Extrasuave', 'Unidad', 'x125gr', NULL, 1, '2.750', '3.160', '14.91', '1', '2016-03-15 00:00:00'),
(1206, NULL, '7702010120015', 35, 12, 'Super blanco', 'Unidad', 'x22ml', NULL, 1, '1.210', '1.500', '23.97', '1', '2016-03-15 00:00:00'),
(1207, NULL, '7702031800828', 114, 89, 'Especial ultradelgada', 'Paquete', 'x12und', NULL, 1, '3.420', '4.000', '16.96', '1', '2016-03-15 00:00:00'),
(1208, NULL, '7702031800675', 114, 89, 'Especial Adapt', 'Paquete', 'x12und', NULL, 1, '2.820', '3.500', '24.11', '1', '2016-03-16 00:00:00'),
(1209, NULL, '7702031800682', 114, 89, 'Especial con Alas/ Normal', 'Paquete', 'x12und', NULL, 1, '2.975', '3.500', '17.65', '1', '2016-03-16 00:00:00'),
(1210, NULL, '7702035431271', 75, 38, 'Freshburst', 'Unidad', 'x180ml', NULL, 1, '7.300', '8.500', '16.44', '1', '2016-03-15 00:00:00'),
(1211, NULL, '7702354934507', 61, 2, 'Sabila nutricion y brillo', 'Unidad', 'x90ml', NULL, 1, '1.950', '2.500', '28.21', '1', '2016-03-15 00:00:00'),
(1212, NULL, '7702354934545', 61, 2, 'Sabila y Miel', 'Unidad', 'x530ml', NULL, 1, '11.240', '13.000', '15.66', '1', '2016-06-30 00:00:00'),
(1213, NULL, '7702354937089', 61, 20, 'Palta Y sabila', 'Unidad', 'x530ml', NULL, 1, '11.240', '13.000', '15.66', '1', '2016-08-08 11:51:44'),
(1214, NULL, '7891528039046', 35, 12, 'Herbal Original', 'Unidad', 'x90gr', NULL, 1, '1.900', '2.300', '21.05', '1', '2016-08-08 17:59:36'),
(1215, NULL, '7899026487031', 71, 2, 'Elvive kera liso', 'Unidad', 'x400ml', NULL, 1, '0.000', '16.000', '15.00', '1', '2016-03-15 00:00:00'),
(1216, NULL, '', 184, 62, 'Flexciream coco con kerati', 'Unidad', 'x110gr', NULL, 1, '0.000', '3.500', '15.00', '1', '2016-03-16 00:00:00'),
(1217, NULL, '7909189001194', 59, 52, 'Advance Tech nutricion comp', 'Unidad', 'x30ml', NULL, 1, '0.000', '20.000', '15.00', '1', '2016-03-16 00:00:00'),
(1218, NULL, '7751257016797', 23, 81, 'Pote + 60 toallas gratis', 'Pack', 'x350 toall', NULL, 1, '18.100', '20.800', '14.92', '1', '2016-03-16 00:00:00'),
(1219, NULL, '7751257016797', 23, 81, 'Pote + 60 toallas gratis', 'Pack', 'x350 toall', NULL, 1, '18.100', '20.800', '14.92', '0', '2016-03-16 00:00:00'),
(1220, NULL, '7891010960315', 75, 38, 'Whitening Blanquea y Fortalece', 'Frasco', 'x236ml', NULL, 1, '11.790', '13.600', '15.35', '1', '2016-06-30 00:00:00'),
(1221, NULL, '7702354937072', 61, 2, 'Palta Y sabila', 'Frasco', 'x530ml', NULL, 1, '11.240', '13.000', '15.66', '1', '2016-08-08 11:50:06'),
(1222, NULL, '7506339346008', 5, 2, 'Alivio Instantaneo', 'Sachet', 'x18ml', NULL, 12, '10.050', '11.600', '15.42', '1', '2016-03-21 00:00:00'),
(1223, NULL, '7501065922243', 5, 2, 'Suave y Manejable', 'Sachet', 'x18ml', NULL, 12, '10.050', '11.600', '15.42', '1', '2016-03-21 00:00:00'),
(1224, NULL, '7501007492568', 5, 2, 'Limpieza Renovadora', 'Sachet', 'x200ml', NULL, 12, '10.050', '11.600', '15.42', '1', '2016-06-30 00:00:00'),
(1225, NULL, '7506195122112', 21, 26, 'Juegos y Sueños XG Tripacks', 'Paquete', 'x8 Tripack', NULL, 8, '22.300', '26.000', '16.59', '1', '2016-08-08 11:06:45'),
(1226, NULL, '7506195122099', 21, 26, 'Juegos y Sueños T/M 3x12tripacks', 'Paquete', 'x36 unid', NULL, 12, '27.000', '31.050', '15.00', '1', '2016-08-08 11:06:09'),
(1227, NULL, '650240004216', 16, 81, '', 'Paquete', 'x25und', NULL, 1, '16.640', '19.200', '15.38', '1', '2016-06-30 00:00:00'),
(1228, NULL, '650240004223', 16, 81, '', 'Paquete', 'x10und', NULL, 1, '7.830', '9.000', '15.00', '1', '2016-06-30 00:00:00'),
(1229, NULL, '650240004223', 16, 81, '', 'Paquete', 'x10und', NULL, 1, '7.830', '9.000', '15.00', '0', '2016-06-30 00:00:00'),
(1230, NULL, '7800004000326', 186, 38, 'Menta Fresca', 'Frasco', 'x250ml', NULL, 1, '5.170', '6.000', '16.05', '1', '2016-03-28 00:00:00'),
(1231, NULL, '7501086453030', 15, 38, 'Comp Hierbabuena S/Alcohol', 'Frasco', 'x500ml', NULL, 1, '10.010', '11.510', '14.99', '1', '2016-08-08 11:58:02'),
(1232, NULL, '7896009419195', 187, 12, 'Blanqueador ', 'Caja', 'x50gr', NULL, 1, '8.560', '9.900', '15.65', '1', '2016-03-31 00:00:00'),
(1233, NULL, '7702018023813', 8, 29, 'Endurance', 'Frasco', 'x50g', NULL, 1, '7.220', '8.300', '15.00', '1', '2016-03-31 00:00:00'),
(1234, NULL, '7891010038908', 188, 14, 'Reach Menta', 'Paquete', '', NULL, 1, '7.680', '8.900', '15.89', '1', '2016-03-31 00:00:00'),
(1235, NULL, '7891010038892', 188, 14, 'Reach Expansion Plus', 'Pack', '', NULL, 1, '7.680', '8.900', '15.89', '1', '2016-03-31 00:00:00'),
(1236, NULL, '7891010884598', 188, 14, 'Reach Cuidado Total', 'Pack', '', NULL, 1, '7.680', '8.900', '15.89', '1', '2016-03-31 00:00:00'),
(1237, NULL, '7891010884598', 188, 14, 'Reach Cuidado Total', 'Pack', '', NULL, 1, '7.680', '8.900', '15.89', '0', '2016-03-31 00:00:00'),
(1238, NULL, '7891010884598', 188, 14, 'Reach Cuidado Total', 'Pack', '', NULL, 1, '7.680', '8.900', '15.89', '0', '2016-03-31 00:00:00'),
(1239, NULL, '7891010793289', 188, 14, 'Reach Whitening', 'Pack', '', NULL, 1, '7.680', '8.900', '15.89', '1', '2016-03-31 00:00:00'),
(1240, NULL, '7506195137093', 15, 14, 'pro salud', 'Unidad', '', NULL, 1, '6.340', '7.300', '15.14', '1', '2016-03-31 00:00:00'),
(1241, NULL, '7751257018739', 23, 15, 'Pro flo x 2und', 'Pack', 'x2', NULL, 1, '14.000', '16.000', '14.29', '1', '2016-03-31 00:00:00'),
(1242, NULL, '7752902002578', 39, 39, '3 en 1 Piel Sensible', 'Caja', 'x150ml', NULL, 1, '18.340', '21.100', '15.05', '1', '2016-04-05 00:00:00'),
(1243, NULL, '7752902002585', 39, 33, '3 en 1 facial', 'Caja', 'x90ml', NULL, 1, '10.985', '12.700', '15.61', '1', '2016-04-05 00:00:00'),
(1244, NULL, '7752902455183', 189, 8, 'Repelente crema', 'Frasco', 'x120ml', NULL, 1, '11.210', '14.000', '24.89', '1', '2016-08-09 15:34:02'),
(1245, NULL, '7752902001694', 189, 75, 'Repelente Spray', 'Frasco', 'x120ml', NULL, 1, '11.210', '14.000', '24.89', '1', '2016-08-09 15:35:21'),
(1246, NULL, '7752902296342', 190, 40, '', 'Caja', 'x250ml', NULL, 1, '8.630', '10.000', '15.87', '1', '2016-04-05 00:00:00'),
(1247, NULL, '7752902000796', 42, 3, 'Herbal', 'Frasco', 'x1000ml', NULL, 1, '20.740', '24.500', '18.13', '1', '2016-08-10 08:22:09'),
(1248, NULL, '7752902000772', 42, 3, 'Citrica', 'Frasco', 'x500ml', NULL, 1, '14.460', '16.630', '15.01', '1', '2016-08-10 08:19:44'),
(1249, NULL, '7752902000802', 42, 3, 'Herbal', 'Frasco', 'x500ml', NULL, 1, '14.460', '16.630', '15.01', '1', '2016-08-10 08:23:13'),
(1250, NULL, '', 65, 3, '', 'Frasco', 'x245ml', NULL, 1, '13.340', '15.500', '16.19', '1', '2016-04-05 00:00:00'),
(1251, NULL, '7752902003551', 65, 4, 'Deo', 'Pote', 'x140gr', NULL, 1, '7.623', '8.900', '16.75', '1', '2016-08-10 08:48:02'),
(1252, NULL, '7509546061085', 37, 5, 'Xtreme Tech', 'Frasco', 'x60g', NULL, 1, '5.200', '6.000', '15.38', '1', '2016-04-05 00:00:00'),
(1253, NULL, '7751219468831', 2, 4, 'Tri-Action Deo', 'Frasco', 'x120g', NULL, 1, '6.563', '8.000', '21.90', '1', '2016-08-09 15:47:58'),
(1254, NULL, '7751219468831', 2, 4, '', 'Frasco', 'x120g', NULL, 1, '6.563', '7.600', '15.80', '0', '2016-04-05 00:00:00'),
(1255, NULL, '4005808806423', 4, 7, 'Avena ', 'Unidad', 'x90gr', NULL, 1, '1.390', '1.900', '36.69', '1', '2016-04-05 00:00:00'),
(1256, NULL, '4005808806423', 4, 7, 'Avena ', 'Unidad', 'x90gr', NULL, 1, '1.390', '1.900', '36.69', '0', '2016-04-05 00:00:00'),
(1257, NULL, '3607345852676', 34, 5, 'Extreme Power', 'Frasco', 'x150ml', NULL, 1, '10.415', '12.000', '15.22', '1', '2016-04-05 00:00:00'),
(1258, NULL, '7509546045085', 10, 37, 'Cep 360 + CD Total 12', 'Pack', '', NULL, 1, '11.970', '14.000', '16.96', '1', '2016-08-09 17:23:34'),
(1259, NULL, '7702031571261', 6, 81, 'Original Sin alcohol (70+70)', 'Pack', 'x140 und', NULL, 1, '11.670', '13.500', '15.68', '1', '2016-08-08 12:35:49'),
(1260, NULL, '7759307001878', 106, 3, 'Sin alcohol ', 'Frasco', 'x60ml', NULL, 1, '7.510', '8.700', '15.85', '1', '2016-04-06 00:00:00'),
(1261, NULL, '7759307001885', 106, 3, 'Sin alcohol ', 'Frasco', 'x100ml', NULL, 1, '11.240', '13.000', '15.66', '1', '2016-04-06 00:00:00'),
(1262, NULL, '4005808352630', 4, 107, 'Hidratacion Express piel N/S', 'Frasco', 'x250ml', NULL, 1, '12.100', '13.910', '15.00', '1', '2016-04-09 00:00:00'),
(1263, NULL, '4005808315093', 4, 107, 'Milk Nutritiva piel E/S', 'Frasco', 'x250ml', NULL, 1, '12.100', '13.910', '15.00', '1', '2016-04-09 00:00:00'),
(1264, NULL, '7751319000047', 191, 152, 'Cabestrillo Ortopedico Acolchado L', 'Caja', '', NULL, 1, '21.000', '24.570', '17.00', '1', '2016-04-20 00:00:00'),
(1265, NULL, '7751319000757', 191, 152, 'Cabestrillo Ortopedico Acolchado XL', 'Caja', '', NULL, 1, '21.000', '24.570', '17.00', '1', '2016-04-20 00:00:00'),
(1266, NULL, '7751319000054', 191, 152, '', 'Caja', '', NULL, 1, '21.000', '24.570', '17.00', '1', '2016-04-20 00:00:00'),
(1267, NULL, '7751319000603', 191, 152, 'faja laboral talla L', 'Caja', '', NULL, 1, '33.650', '38.700', '15.00', '1', '2016-04-20 00:00:00'),
(1268, NULL, '7751319000597', 191, 152, 'faja laboral talla M', 'Caja', '', NULL, 1, '33.650', '38.700', '15.00', '1', '2016-04-20 00:00:00'),
(1269, NULL, '7751319000894', 191, 152, 'faja post operatoria talla S', 'Caja', '', NULL, 1, '43.240', '49.730', '15.00', '1', '2016-04-20 00:00:00'),
(1270, NULL, '7751319000900', 191, 152, 'faja post operatoria talla M', 'Caja', '', NULL, 1, '43.240', '49.730', '15.00', '1', '2016-04-20 00:00:00'),
(1271, NULL, '7751319000924', 191, 152, 'faja post operatoria talla XL', 'Caja', '', NULL, 1, '43.240', '49.730', '15.00', '1', '2016-04-20 00:00:00'),
(1272, NULL, '7751319000337', 191, 152, 'rodillera airprene talla L', 'Caja', '', NULL, 1, '19.220', '22.100', '15.00', '1', '2016-04-20 00:00:00'),
(1273, NULL, '7751319000825', 191, 152, 'muslera airprene talla L', 'Caja', '', NULL, 1, '19.220', '22.100', '15.00', '1', '2016-04-20 00:00:00'),
(1274, NULL, '7751319000818', 191, 152, 'muslera airprene talla M', 'Caja', '', NULL, 1, '19.220', '22.100', '15.00', '1', '2016-04-20 00:00:00'),
(1275, NULL, '7751319000801', 191, 152, 'muslera airprene talla S', 'Caja', '', NULL, 1, '19.220', '22.100', '15.00', '1', '2016-04-20 00:00:00'),
(1276, NULL, '7751319000368', 191, 152, 'tobillera airprene talla L', 'Caja', '', NULL, 1, '18.350', '21.100', '15.00', '1', '2016-04-20 00:00:00'),
(1277, NULL, '7751319000351', 191, 152, 'tobillera airprene talla M', 'Caja', '', NULL, 1, '18.350', '21.100', '15.00', '1', '2016-04-20 00:00:00'),
(1278, NULL, '048526004553', 157, 152, 'mordedor 3 llaves refrigerante', 'Unidad', '', NULL, 1, '20.090', '23.100', '14.98', '1', '2016-04-20 00:00:00'),
(1279, NULL, '2000406511702', 157, 152, 'Ñuby cepillo b/t limpia facil', 'Unidad', '', NULL, 1, '16.960', '19.500', '15.00', '1', '2016-04-20 00:00:00'),
(1280, NULL, '048526985678', 157, 152, 'Ñuby chupon mariposa', 'Unidad', '', NULL, 1, '11.700', '14.500', '23.93', '1', '2016-08-11 10:40:23'),
(1281, NULL, '048526983308', 157, 152, 'Ñuby chupon orthodontic', 'Unidad', '', NULL, 1, '9.200', '10.580', '15.00', '1', '2016-04-20 00:00:00'),
(1282, NULL, '048526012954', 157, 152, 'Ñuby vaso amtiderrames 600ml', 'Unidad', '', NULL, 1, '19.730', '22.690', '15.00', '1', '2016-04-20 00:00:00'),
(1283, NULL, '048526410057', 157, 152, 'Ñuby biberon fantasia princes', 'Unidad', '', NULL, 1, '11.070', '12.730', '15.00', '1', '2016-04-20 00:00:00'),
(1284, NULL, '048526417551', 157, 152, 'Ñuby biberon fantasia super kids', 'Unidad', '', NULL, 1, '11.070', '12.730', '15.00', '1', '2016-04-20 00:00:00'),
(1285, NULL, '048526012091', 157, 152, 'Ñuby botella deportiva 14 oz', 'Unidad', '', NULL, 1, '16.620', '19.110', '14.98', '1', '2016-04-20 00:00:00'),
(1286, NULL, '7702234734029', 49, 152, 'premier rubor compacto rose', 'Unidad', '', NULL, 1, '10.800', '12.420', '15.00', '1', '2016-04-20 00:00:00'),
(1287, NULL, '7702234734098', 49, 152, 'premier rubor compacto armony', 'Unidad', '', NULL, 1, '10.800', '12.420', '15.00', '1', '2016-04-20 00:00:00'),
(1288, NULL, '7702234734043', 49, 152, 'premier rubor compacto malva', 'Unidad', '', NULL, 1, '10.800', '12.420', '15.00', '1', '2016-04-20 00:00:00'),
(1289, NULL, '7702234734135', 192, 73, 'pink cheeks', 'Unidad', 'x3.5gr', NULL, 1, '10.900', '13.000', '19.27', '1', '2016-08-11 16:25:59'),
(1290, NULL, '7702234734074', 49, 152, 'premier rubor compacto terra', 'Unidad', '', NULL, 1, '10.800', '12.420', '15.00', '1', '2016-04-20 00:00:00'),
(1291, NULL, '7702234734111', 192, 73, 'Bronzing', 'Unidad', 'x3.5gr', NULL, 1, '10.900', '13.000', '19.27', '1', '2016-08-11 16:25:52'),
(1292, NULL, '7702234734012', 49, 152, 'premier rubor compacto tostado', 'Unidad', '', NULL, 1, '10.800', '12.420', '15.00', '1', '2016-04-20 00:00:00'),
(1293, NULL, '037836092473', 50, 3, 'body splash  flor de azhar', 'Frasco', '240ml', NULL, 1, '19.150', '22.020', '15.00', '1', '2016-05-24 00:00:00'),
(1294, NULL, '037836092800', 50, 3, 'body splash plum blossom', 'Frasco', '240ml', NULL, 1, '18.390', '21.150', '15.00', '1', '2016-05-24 00:00:00'),
(1295, NULL, '7751658019779', 127, 110, 'Colonia Sport 100ml+Locion Sp 100ml', 'Estuche', '100ml', NULL, 1, '51.500', '59.220', '15.00', '1', '2016-05-25 00:00:00'),
(1296, NULL, '7757266004619', 130, 110, 'Colonia 30ml+Locion 30ml', 'Estuche', '', NULL, 1, '18.600', '24.000', '29.03', '1', '2016-08-11 10:25:08'),
(1297, NULL, '7751658020409', 127, 110, 'Colonia 50ml+Locion 50ml ', 'Estuche', '50ml', NULL, 1, '35.570', '40.910', '15.00', '1', '2016-05-25 00:00:00'),
(1298, NULL, '7751658020416', 127, 110, 'Colonia 100ml+Locion 100ml', 'Estuche', '', NULL, 1, '51.500', '59.220', '15.00', '1', '2016-05-25 00:00:00'),
(1299, NULL, '7751658020430', 127, 110, 'Colonia 200ml+Locion 200ml', 'Estuche', '', NULL, 1, '71.300', '81.990', '15.00', '1', '2016-05-25 00:00:00'),
(1300, NULL, '8411061833391', 128, 110, 'Colon spray 100ml+After shave Balm ', 'Estuche', '', NULL, 1, '78.470', '90.240', '15.00', '1', '2016-05-25 00:00:00'),
(1301, NULL, '8411061834909', 128, 108, 'Colonia 50ml+Desod. Spray 150ml', 'Estuche', '', NULL, 1, '62.630', '72.020', '15.00', '1', '2016-05-25 00:00:00'),
(1302, NULL, '8411061807781', 128, 111, 'Colonia 50ml+After Shave Balm 100ml', 'Estuche', '', NULL, 1, '62.650', '72.050', '15.00', '1', '2016-05-25 00:00:00'),
(1303, NULL, '7751658019410', 34, 108, 'Team Five Col50ml+Deo Spray 150ml', 'Estuche', '', NULL, 1, '42.350', '55.000', '29.87', '1', '2016-08-11 12:17:25'),
(1304, NULL, '3412244310024', 34, 3, 'Colonia spray 50ml', 'Unidad', '', NULL, 1, '41.700', '47.950', '15.00', '1', '2016-05-26 00:00:00'),
(1305, NULL, '7702234738010', 192, 153, 'Base de Maquillaje 35g', 'Unidad', '', NULL, 1, '12.910', '14.850', '15.00', '1', '2016-05-26 00:00:00'),
(1306, NULL, '7702234738058', 192, 153, 'Base de Maquillaje Palo rosa 35g', 'Unidad', '', NULL, 1, '12.910', '14.850', '15.00', '1', '2016-05-26 00:00:00'),
(1307, NULL, '7702234738065', 192, 153, 'Base de Maquillaje Tropical Sun 35g', 'Unidad', '', NULL, 1, '12.910', '14.850', '15.00', '1', '2016-05-26 00:00:00'),
(1308, NULL, '7702234738027', 192, 153, 'Base de Maquillaje Mediano 35g', 'Unidad', '', NULL, 1, '12.910', '14.850', '15.00', '1', '2016-05-26 00:00:00'),
(1309, NULL, '7702234738041', 192, 153, 'Base de Maquillaje Arena 35g', 'Unidad', '', NULL, 1, '12.910', '14.850', '15.00', '1', '2016-05-26 00:00:00'),
(1310, NULL, '7702234739079', 192, 80, 'Palo de Rosa ', 'Unidad', 'x14g', NULL, 1, '12.500', '15.000', '20.00', '1', '2016-08-11 16:35:34'),
(1311, NULL, '7702234739017', 192, 80, 'Natural', 'Unidad', 'x14gr', NULL, 1, '12.500', '15.000', '20.00', '1', '2016-08-11 16:34:07'),
(1312, NULL, '7702234739086', 192, 80, 'Piel', 'Unidad', 'x14gr', NULL, 1, '12.500', '15.000', '20.00', '1', '2016-08-11 16:37:51'),
(1313, NULL, '7702234739024', 192, 80, 'Mediano', 'Unidad', 'x14gr', NULL, 1, '12.500', '15.000', '20.00', '1', '2016-08-11 16:32:36'),
(1314, NULL, '4005808041817', 4, 107, 'CC Hidratacion Express piel N/S', 'Unidad', '', NULL, 1, '7.270', '8.360', '15.00', '1', '2016-05-26 00:00:00'),
(1315, NULL, '4005808341757', 4, 107, 'CC Soft Milk piel seca', 'Unidad', '', NULL, 1, '7.270', '8.360', '15.00', '1', '2016-05-26 00:00:00'),
(1316, NULL, '4005808183043', 4, 36, 'Loc/Tonico Facial Matizante', 'Unidad', '', NULL, 1, '18.570', '21.360', '15.00', '1', '2016-05-26 00:00:00'),
(1317, NULL, '4005900143952', 4, 107, 'CC Piernas relajadas anticelulitis ', 'Unidad', '400ml', NULL, 1, '18.950', '21.790', '15.00', '1', '2016-05-26 00:00:00'),
(1318, NULL, '4005900143945', 4, 107, 'CC Piernas relajadas Modeladora', 'Unidad', '400ml', NULL, 1, '18.950', '21.790', '15.00', '1', '2016-05-26 00:00:00'),
(1319, NULL, '4005808315680', 4, 107, 'CC Milk Nutritiva piel extra seca', 'Unidad', '125ml', NULL, 1, '7.280', '8.370', '15.00', '1', '2016-05-26 00:00:00'),
(1320, NULL, '7501057504358', 17, 3, 'Agua de Colonia', 'Unidad', 'x500ml', NULL, 1, '21.400', '25.000', '16.82', '1', '2016-08-09 08:11:16'),
(1321, NULL, '7509546007083', 10, 12, 'Total 12 Clean mint', 'Tubo', 'x50ml', NULL, 1, '4.036', '4.700', '16.45', '1', '2016-05-28 00:00:00'),
(1322, NULL, '7509546028026', 10, 12, 'Total 12 Professional Clean', 'Tubo', 'x125ml', NULL, 1, '13.313', '15.300', '14.93', '1', '2016-05-28 00:00:00'),
(1323, NULL, '7861078301931', 150, 89, 'Postparto', 'Paquete', 'x10', NULL, 1, '2.740', '3.500', '27.74', '1', '2016-05-28 00:00:00'),
(1324, NULL, '650240003196', 193, 8, 'Cicatricure crema 60g', 'Tubo', '60g', NULL, 1, '59.410', '68.320', '15.00', '1', '2016-05-28 00:00:00'),
(1325, NULL, '7702027444647', 18, 89, 'Nosotras Diarios Multiestilo x 60', 'Caja', '', NULL, 1, '7.220', '8.300', '15.00', '1', '2016-05-28 00:00:00'),
(1326, NULL, '7702027444654', 18, 89, 'Nosotras Diarios Multiestilo x 150', 'Caja', '', NULL, 1, '15.200', '17.480', '15.00', '1', '2016-05-28 00:00:00'),
(1327, NULL, '7702027041648', 18, 89, 'Ultrainvisible rapigel ', 'Paquete', 'x10und', NULL, 1, '5.280', '6.100', '15.53', '1', '2016-08-08 11:18:34'),
(1328, NULL, '7702027040474', 18, 87, 'Plus Rapisec x 10', 'Unidad', '', NULL, 1, '3.480', '4.000', '15.00', '1', '2016-05-28 00:00:00'),
(1329, NULL, '7702027494499', 18, 89, 'Natural Alas Tela Gel x 10', 'Unidad', '', NULL, 1, '3.010', '3.500', '16.28', '1', '2016-06-30 00:00:00'),
(1330, NULL, '7702027440946', 18, 89, '', 'Unidad', '', NULL, 1, '7.110', '8.500', '19.55', '1', '2016-06-30 00:00:00'),
(1331, NULL, '7702027472459', 30, 26, 'Basic Medium x 20', 'Unidad', 'x 20', NULL, 1, '28.800', '33.120', '15.00', '1', '2016-05-28 00:00:00'),
(1332, NULL, '7702027472428', 30, 26, 'Basic Medium', 'Unidad', 'x 1', NULL, 1, '1.940', '2.230', '15.00', '1', '2016-05-28 00:00:00'),
(1333, NULL, '7702027479755', 30, 26, 'Basic Large', 'Unidad', 'x 1', NULL, 1, '2.190', '2.520', '15.00', '1', '2016-05-28 00:00:00'),
(1334, NULL, '650240009532', 16, 80, 'Bronce Mate', 'Unidad', 'x10', NULL, 1, '27.200', '31.300', '15.07', '1', '2016-06-30 00:00:00'),
(1335, NULL, '650240004643', 16, 7, 'Exfoliante ', 'Unidad', 'x100g', NULL, 1, '7.830', '9.000', '15.00', '1', '2016-08-08 16:00:19'),
(1336, NULL, '650240004292', 16, 7, 'Formula Forte', 'Unidad', 'x 100g', NULL, 1, '7.830', '9.000', '15.00', '1', '2016-08-08 16:00:30'),
(1337, NULL, '650240009563', 16, 7, 'Neutro', 'Unidad', 'x 100g', NULL, 1, '7.830', '9.000', '15.00', '1', '2016-06-30 00:00:00'),
(1338, NULL, '650240004001', 16, 35, 'Spot', 'Tubo', 'x 28g', NULL, 1, '18.380', '21.200', '15.34', '1', '2016-06-30 00:00:00'),
(1339, NULL, '650240004681', 16, 33, 'Camouflage', 'Tubo', 'x 28g', NULL, 1, '18.380', '21.200', '15.34', '1', '2016-08-08 15:59:55'),
(1340, NULL, '650240024689', 69, 20, 'Vitaminado prevencion caida', 'Frasco', 'x415ml', NULL, 1, '20.320', '23.370', '15.00', '1', '2016-05-28 00:00:00'),
(1341, NULL, '7591005004931', 188, 75, 'OFF crema Kids ', 'Tubo', '90g', NULL, 1, '13.150', '15.120', '15.00', '1', '2016-06-07 00:00:00'),
(1342, NULL, '7591005004924', 188, 75, 'OFF crema c/aloe', 'Frasco', '200g', NULL, 1, '15.180', '17.460', '15.00', '1', '2016-06-07 00:00:00'),
(1343, NULL, '7591005005556', 87, 125, 'Raid Jh/Doble accion ', 'Unidad', '222g', NULL, 1, '11.430', '13.140', '15.00', '1', '2016-06-07 00:00:00'),
(1344, NULL, '7750262281718', 194, 18, 'Aceite de Oliva Extra Virgen', 'Unidad', '200ml', NULL, 1, '8.920', '10.260', '15.00', '1', '2016-06-07 00:00:00'),
(1345, NULL, '7750262281701', 194, 18, 'Aceite de Oliva Virgen', 'Unidad', '200ml', NULL, 1, '7.600', '8.740', '15.00', '1', '2016-06-07 00:00:00'),
(1346, NULL, '7751851008891', 116, 11, 'Jabon de Tocador para manos ', 'Frasco', '400ml', NULL, 1, '3.990', '4.590', '15.00', '1', '2016-06-07 00:00:00'),
(1347, NULL, '7751851006750', 116, 99, 'Laca P/P Firme SP ', 'Unidad', '300ml', NULL, 1, '8.020', '9.220', '15.00', '1', '2016-06-07 00:00:00'),
(1348, NULL, '7751851013376', 137, 12, 'Dento 3 Triple Accion ', 'Unidad', '102g', NULL, 1, '2.250', '2.590', '15.00', '1', '2016-06-07 00:00:00'),
(1349, NULL, '7702027479595', 30, 26, 'Basic Large x 21', 'Paquete', '', NULL, 1, '48.250', '55.490', '15.00', '1', '2016-06-07 00:00:00'),
(1350, NULL, '7506195100943', 21, 26, 'New Baby R/Nac x 20u', 'Paquete', '', NULL, 1, '9.980', '11.500', '15.23', '1', '2016-06-30 00:00:00'),
(1351, NULL, '7791293007977', 73, 2, 'Color Duradero ', 'Frasco', 'x400ml', NULL, 1, '15.970', '17.500', '9.58', '1', '2016-08-08 12:30:19'),
(1352, NULL, '7791293005010', 73, 2, 'Reconstruccion Completa', 'Frasco', '400ml', NULL, 1, '15.970', '17.500', '9.58', '1', '2016-07-28 00:00:00'),
(1353, NULL, '78928503', 73, 31, 'Dermo Aclarant ', 'Unidad', '50ml', NULL, 1, '7.540', '8.700', '15.38', '1', '2016-08-08 09:30:48'),
(1354, NULL, '75042394', 73, 29, 'Pure Stick', 'Unidad', '50g', NULL, 1, '9.020', '10.500', '16.41', '1', '2016-08-08 11:20:34'),
(1355, NULL, '75027537', 73, 29, 'Invisible dry stick', 'Unidad', '50g', NULL, 1, '9.020', '10.500', '16.41', '1', '2016-08-08 11:20:12'),
(1356, NULL, '75027513', 73, 29, 'Original stick', 'Unidad', '50g', NULL, 1, '9.020', '10.500', '16.41', '1', '2016-08-08 11:20:24'),
(1357, NULL, '7891010010577', 188, 90, 'O.BTamp Original super ', 'Caja', 'x 10 u', NULL, 1, '6.900', '7.930', '15.00', '1', '2016-06-07 00:00:00'),
(1358, NULL, '7506195129128', 15, 13, '3D White ADV 40S x2u', 'Estuche', '', NULL, 1, '10.900', '12.540', '15.00', '1', '2016-06-07 00:00:00'),
(1359, NULL, '7506195167120', 15, 12, 'Complete Limp Prof.', 'Tubo', '75ml', NULL, 1, '4.050', '4.660', '15.00', '1', '2016-06-07 00:00:00'),
(1360, NULL, '3014260823368', 15, 13, 'Prosalud 40M', 'Unidad', '', NULL, 1, '9.650', '11.100', '15.00', '1', '2016-06-07 00:00:00'),
(1361, NULL, '7702018013326', 8, 121, 'Foamy P/Sens', 'Frasco', 'x175gr', NULL, 1, '12.050', '15.000', '24.48', '1', '2016-08-11 10:29:11'),
(1362, NULL, '3014260273910', 8, 121, 'Foamy Mentol', 'Frasco', '322ml', NULL, 1, '20.400', '25.500', '25.00', '1', '2016-08-11 10:29:39'),
(1363, NULL, '7501065904096', 74, 20, 'Curvas Peligrosas', 'Frasco', '300ml', NULL, 1, '9.865', '11.340', '15.00', '1', '2016-06-07 00:00:00'),
(1364, NULL, '7791293025780', 142, 156, 'Apollo', 'Unidad', '150ml', NULL, 1, '10.590', '12.500', '18.04', '1', '2016-06-30 00:00:00'),
(1365, NULL, '7751370000673', 23, 91, '', 'Estuche', '100', NULL, 1, '3.750', '4.310', '15.00', '1', '2016-06-16 00:00:00'),
(1366, NULL, '7751370000680', 23, 91, '200 unid', 'Caja', '', NULL, 1, '3.900', '5.000', '28.21', '1', '2016-06-30 00:00:00'),
(1367, NULL, '7702031514992', 188, 3, 'Baby sonrisas ', 'Frasco', '100ml', NULL, 1, '12.910', '14.850', '15.00', '1', '2016-06-16 00:00:00'),
(1368, NULL, '7702031515203', 188, 3, 'Baby sonrisas ', 'Frasco', '200ml', NULL, 1, '18.740', '21.550', '15.00', '1', '2016-06-16 00:00:00'),
(1369, NULL, '7891010037437', 188, 4, 'Baby polvo de almidon', 'Unidad', '200g', NULL, 1, '10.680', '12.300', '15.17', '1', '2016-06-16 00:00:00'),
(1370, NULL, '7702018913619', 8, 30, 'Antitranspirante Power Beads P/R', 'Frasco', '82g', NULL, 1, '12.500', '14.370', '15.00', '1', '2016-06-16 00:00:00'),
(1371, NULL, '7501056340117', 67, 9, 'Liso Perfecto', 'Frasco', 'x300 ml', NULL, 1, '10.590', '12.200', '15.20', '1', '2016-08-08 15:13:44'),
(1372, NULL, '7791293002910', 73, 20, 'Reconstruccion Completa', 'Frasco', 'x750ml', NULL, 1, '24.560', '29.000', '18.08', '1', '2016-06-30 00:00:00'),
(1373, NULL, '7591005003446', 140, 125, 'Verde cucarachas', 'Frasco', 'x 237g', NULL, 1, '10.590', '12.500', '18.04', '1', '2016-06-20 00:00:00'),
(1374, NULL, '7751851544191', 137, 12, 'Menta Natural Anticaries', 'Caja', 'x75ml', NULL, 1, '2.030', '2.500', '23.15', '1', '2016-06-20 00:00:00'),
(1375, NULL, '78924529', 73, 31, 'Invisible Dry', 'Frasco', 'x50ml', NULL, 1, '7.540', '8.700', '15.38', '1', '2016-08-08 09:31:15'),
(1376, NULL, '7702027435706', 18, 94, 'Natural', 'Frasco', 'x150ml', NULL, 1, '10.510', '12.500', '18.93', '1', '2016-08-08 15:57:46'),
(1377, NULL, '7791293004068', 133, 28, 'Women Happy ', 'Frasco', '175ml', NULL, 1, '10.170', '11.500', '13.08', '1', '2016-07-28 00:00:00'),
(1378, NULL, '7753572000970', 124, 20, 'Manzanilla Natural', 'Frasco', 'x200ml', NULL, 1, '10.990', '12.700', '15.56', '1', '2016-06-30 00:00:00'),
(1379, NULL, '7753572000963', 124, 2, 'Baby Germen Cab. Liso', 'Frasco', 'x200ml', NULL, 1, '10.990', '12.700', '15.56', '1', '2016-06-30 00:00:00'),
(1380, NULL, '7753572000949', 124, 2, 'Baby Manzanilla Cab Liso', 'Frasco', 'x200ml', NULL, 1, '10.990', '12.700', '15.56', '1', '2016-06-30 00:00:00'),
(1381, NULL, '7753572001823', 124, 2, 'Germen Cab Liso ', 'Frasco', 'x400ml', NULL, 1, '16.060', '18.500', '15.19', '1', '2016-06-30 00:00:00'),
(1382, NULL, '7753572001830', 124, 2, 'Germen Cab Rizado', 'Frasco', 'x400ml', NULL, 1, '16.060', '18.500', '15.19', '1', '2016-06-30 00:00:00'),
(1383, NULL, '7753572001854', 124, 2, 'Manzanilla Cab Rizado', 'Frasco', 'x400ml', NULL, 1, '16.060', '18.500', '15.19', '1', '2016-06-30 00:00:00'),
(1384, NULL, '3014260274399', 8, 121, 'Gel Piel Sensible', 'Frasco', 'x71g', NULL, 1, '5.970', '6.900', '15.58', '1', '2016-06-30 00:00:00'),
(1385, NULL, '7702018951185', 8, 121, 'Sensitive espuma', 'Frasco', 'x150g', NULL, 1, '9.490', '11.000', '15.91', '1', '2016-06-30 00:00:00'),
(1386, NULL, '047400241459', 8, 121, 'Foamy Piel Sensible', 'Frasco', 'x312g', NULL, 1, '20.400', '25.500', '25.00', '1', '2016-08-11 10:29:48'),
(1387, NULL, '7751257019583', 23, 15, 'S 0-4 MESES', 'Caja', 'X1UND', NULL, 1, '2.420', '2.900', '19.83', '1', '2016-06-30 00:00:00'),
(1388, NULL, '7751257019590', 23, 15, 'M  4-8MESES', 'Caja', 'X1UND', NULL, 1, '2.420', '2.900', '19.83', '1', '2016-06-30 00:00:00'),
(1389, NULL, '7751257019606', 23, 15, 'L  8-12 MESES', 'Caja', 'X1UND', NULL, 1, '2.420', '2.900', '19.83', '1', '2016-06-30 00:00:00'),
(1390, NULL, '7753572003209', 124, 103, 'NIÑA SH+TAL+COLO', 'Estuche', 'X3UND', NULL, 1, '20.990', '24.500', '16.72', '1', '2016-06-30 00:00:00'),
(1391, NULL, '7753572003193', 124, 119, 'NIÑO SH+TAL+COLO', 'Estuche', 'X3UND', NULL, 1, '20.990', '24.500', '16.72', '1', '2016-06-30 00:00:00'),
(1392, NULL, '7753572000444', 124, 2, 'SH. ORIG+ COLNIÑA 100ML', 'Pack', 'X675ML', NULL, 1, '18.870', '21.900', '16.06', '1', '2016-06-30 00:00:00'),
(1393, NULL, '7753572000468', 124, 2, 'MANZAN. SH+ COL NIÑA 100ML', 'Pack', 'X675ML', NULL, 1, '18.870', '21.900', '16.06', '1', '2016-06-30 00:00:00'),
(1394, NULL, '7753572004374', 124, 2, 'ORIGINAL+COLO ORIG 100ML', 'Pack', 'X675ML', NULL, 1, '18.870', '21.900', '16.06', '1', '2016-06-30 00:00:00'),
(1395, NULL, '75025922', 142, 29, 'DARK TEMPTATION', 'Pote', 'X50G', NULL, 1, '7.160', '8.500', '18.72', '1', '2016-06-30 00:00:00'),
(1396, NULL, '7891037012653', 133, 93, 'Sensive Crema', 'Tubo', 'x50ml', NULL, 1, '3.420', '4.000', '16.96', '1', '2016-08-08 15:16:59'),
(1397, NULL, '7752285024853', 91, 33, 'C  Crema de Limpieza 20sch', 'Caja', 'x10G', NULL, 20, '13.030', '16.000', '22.79', '1', '2016-08-08 10:56:18'),
(1398, NULL, '7752285024846', 91, 33, 'S CREMA UMECTANTE', 'Caja', 'X10G', NULL, 20, '13.030', '16.000', '22.79', '1', '2016-08-08 10:56:48'),
(1399, NULL, '7794640171161', 9, 12, 'LITTLE TEETH', 'Caja', 'X63G', NULL, 1, '6.410', '7.500', '17.00', '1', '2016-06-30 00:00:00'),
(1400, NULL, '7794640171185', 9, 12, 'MY BIG TEETH', 'Caja', 'X110.5G', NULL, 1, '6.850', '8.000', '16.79', '1', '2016-06-30 00:00:00'),
(1401, NULL, '7891010030872', 6, 2, 'MANZANILLA', 'Frasco', 'X100ML', NULL, 1, '4.700', '5.500', '17.02', '1', '2016-06-30 00:00:00'),
(1402, NULL, '7501056330309', 91, 8, 'CLARANT B3 GRASA', 'Pote', 'X100G', NULL, 1, '16.730', '19.500', '16.56', '1', '2016-06-30 00:00:00'),
(1403, NULL, '7501056330293', 91, 8, 'CLARANT B3 GRASA', 'Pote', 'X50G', NULL, 1, '10.990', '12.500', '13.74', '1', '2016-06-30 00:00:00'),
(1404, NULL, '7752285024860', 91, 8, 'REJUVENESS 20sach', 'Caja', 'x10G', NULL, 20, '13.030', '16.000', '22.79', '1', '2016-08-08 11:04:29'),
(1405, NULL, '7891150039155', 73, 7, 'REVITALIZANTE', 'Unidad', 'X90G', NULL, 1, '0.000', '3.000', '15.00', '1', '2016-06-30 00:00:00'),
(1406, NULL, '7502221181603', 129, 29, 'CLASSIC AP 24H', 'Pote', 'X70G', NULL, 1, '9.320', '11.000', '18.03', '1', '2016-06-30 00:00:00'),
(1407, NULL, '7753572000833', 129, 34, 'CLASSIC 20sch', 'Caja', 'x10gr', NULL, 20, '8.680', '14.000', '61.29', '1', '2016-08-08 11:48:20'),
(1408, NULL, '7753572004251', 129, 121, 'ESPUMA CLASICA+ DEO ROLL', 'Pack', 'X210ML', NULL, 1, '13.310', '15.500', '16.45', '1', '2016-06-30 00:00:00'),
(1409, NULL, '7753572002981', 129, 108, 'AER 97ML+COL 50ML', 'Estuche', 'X1UND', NULL, 1, '18.460', '21.500', '16.47', '1', '2016-06-30 00:00:00'),
(1410, NULL, '7502221183881', 129, 121, 'PIEL NORMAL', 'Frasco', 'X210ML', NULL, 1, '13.310', '15.500', '16.45', '1', '2016-06-30 00:00:00'),
(1411, NULL, '7502221183898', 129, 121, 'PIEL SENSIBLE', 'Frasco', 'X210ML', NULL, 1, '13.310', '15.500', '16.45', '1', '2016-06-30 00:00:00'),
(1412, NULL, '7800005082222', 15, 14, 'MENTA CON CERA 50M', 'Unidad', 'X1UND', NULL, 1, '6.530', '7.500', '14.85', '1', '2016-06-30 00:00:00'),
(1413, NULL, '7506339398427', 15, 12, 'Pro Salud Stages FROZEN', 'Tubo', 'X75ML', NULL, 1, '6.680', '7.700', '15.27', '1', '2016-08-10 10:22:41'),
(1414, NULL, '7506309843612', 15, 13, 'Pro Salud Stages PRINCESS', 'Estuche', 'X2UND', NULL, 1, '10.140', '11.700', '15.38', '1', '2016-06-30 00:00:00'),
(1415, NULL, '7506309834146', 15, 37, 'Pro Salud Stages CEP+ CREM DENT', 'Estuche', 'X1UND', NULL, 1, '10.140', '12.000', '18.34', '1', '2016-06-30 00:00:00'),
(1416, NULL, '7506309843629', 180, 13, 'Pro Salud Stages CARS', 'Pack', 'X2UND', NULL, 1, '10.140', '11.700', '15.38', '1', '2016-06-30 00:00:00'),
(1417, NULL, '650240011832', 69, 2, 'ACLARADO NATURAL', 'Frasco', 'X415ML', NULL, 1, '21.030', '25.000', '18.88', '1', '2016-08-11 18:11:04'),
(1418, NULL, '650240007828', 16, 7, 'AZUFRE ', 'Unidad', 'X100GR', NULL, 1, '7.830', '9.000', '15.00', '1', '2016-08-08 16:00:09'),
(1419, NULL, '7702027479656', 30, 26, 'BASIC TALL M', 'Unidad', 'X1UND', NULL, 1, '1.940', '2.300', '18.56', '1', '2016-06-30 00:00:00'),
(1420, NULL, '7891010568771', 6, 81, 'RECIEN NACIDO', 'Unidad', 'X48UND', NULL, 1, '7.250', '8.400', '15.86', '1', '2016-06-30 00:00:00'),
(1421, NULL, '7891010568757', 6, 81, 'EXTRA CUIDADO', 'Unidad', 'x48UND', NULL, 1, '7.250', '8.400', '15.86', '1', '2016-08-08 12:36:33'),
(1422, NULL, '7891010568764', 6, 81, 'DULCES SUEÑOS', 'Unidad', 'X48UND', NULL, 1, '6.060', '7.000', '15.51', '1', '2016-08-08 12:36:56'),
(1423, NULL, '7891150019478', 73, 2, 'CONTROL CAIDA', 'Frasco', 'X750ML', NULL, 1, '25.520', '29.000', '13.64', '1', '2016-06-30 00:00:00'),
(1424, NULL, '7791293025810', 142, 5, 'FUSION BODY', 'Frasco', 'X150ML', NULL, 1, '10.590', '12.500', '18.04', '1', '2016-06-30 00:00:00'),
(1425, NULL, '7791293025834', 142, 5, 'MUSK BODY', 'Frasco', 'X150ML', NULL, 1, '10.590', '12.500', '18.04', '1', '2016-06-30 00:00:00'),
(1426, NULL, '7791293025834', 142, 5, 'MUSK BODY', 'Frasco', 'X150ML', NULL, 1, '10.590', '12.500', '18.04', '0', '2016-06-30 00:00:00'),
(1427, NULL, '7791293016412', 142, 5, 'ANARCHY COMPACT BODY', 'Frasco', 'X90ML', NULL, 1, '4.400', '5.000', '13.64', '1', '2016-06-30 00:00:00'),
(1428, NULL, '7506306233362', 142, 28, 'URBAN 48H AB', 'Frasco', 'X152ML', NULL, 1, '10.170', '12.000', '17.99', '1', '2016-06-30 00:00:00');
INSERT INTO `producto` (`id_producto`, `codigo_producto`, `codigo_barra`, `id_marca`, `id_tipo_producto`, `descripcion`, `presentacion`, `contenido`, `unidad_medida`, `fraccion`, `ult_precio_compra`, `ult_precio_venta`, `utilidad`, `estado`, `ult_modificacion`) VALUES
(1429, NULL, '7791293005188', 142, 5, 'DARK TEMPTATION COMPACT BODY', 'Frasco', 'X90ML', NULL, 1, '4.400', '5.000', '13.64', '1', '2016-06-30 00:00:00'),
(1430, NULL, '7791293020389', 142, 5, 'EXCITE COMPACT BODY', 'Frasco', 'X90ML', NULL, 1, '4.400', '5.000', '13.64', '1', '2016-06-30 00:00:00'),
(1431, NULL, '7791293025865', 142, 5, 'GOLD TEMTATION BODY', 'Frasco', 'X150ML', NULL, 1, '10.590', '12.500', '18.04', '1', '2016-06-30 00:00:00'),
(1432, NULL, '7791293998619', 73, 28, 'DERMOACLARANT', 'Frasco', 'X100G', NULL, 1, '10.860', '12.500', '15.10', '1', '2016-08-08 09:21:35'),
(1433, NULL, '75034238', 73, 29, 'DERMOACLARANT', 'Frasco', 'X50G', NULL, 1, '9.020', '10.500', '16.41', '1', '2016-08-08 09:33:07'),
(1434, NULL, '7791293008110', 73, 28, 'CLEAR TONE', 'Frasco', 'X100G', NULL, 1, '10.860', '12.500', '15.10', '1', '2016-08-08 09:20:32'),
(1435, NULL, '7791293025797', 142, 5, 'DARK TEMPTATION BODY', 'Frasco', 'X150ML', NULL, 1, '10.590', '12.500', '18.04', '1', '2016-06-30 00:00:00'),
(1436, NULL, '7791293025803', 142, 5, 'EXCITE BODY', 'Frasco', 'X150ML', NULL, 1, '10.590', '12.500', '18.04', '1', '2016-06-30 00:00:00'),
(1437, NULL, '7702035432445', 75, 38, 'CONTROL CALCULO SARRO', 'Frasco', 'X500ML', NULL, 1, '16.490', '19.000', '15.22', '1', '2016-06-30 00:00:00'),
(1438, NULL, '7702035422224', 75, 38, 'FRESHBURST', 'Frasco', 'X500ML', NULL, 1, '14.750', '17.000', '15.25', '1', '2016-06-30 00:00:00'),
(1439, NULL, '7750021006767', 75, 38, 'FRESHBURST + 180ML', 'Pack', 'X500ML', NULL, 1, '14.750', '20.000', '35.59', '1', '2016-06-30 00:00:00'),
(1440, NULL, '7702035432216', 75, 38, 'COOL MINT', 'Frasco', 'X360ML', NULL, 1, '12.440', '14.500', '16.56', '1', '2016-06-30 00:00:00'),
(1441, NULL, '7702027473418', 30, 81, 'SIN ALCOHOL', 'Unidad', 'X24UND', NULL, 1, '6.800', '8.000', '17.65', '1', '2016-06-30 00:00:00'),
(1442, NULL, '7506078945227', 173, 62, 'fresa cremosa ', 'Frasco', 'x300ml', NULL, 1, '11.500', '14.800', '28.70', '1', '2016-08-10 17:24:08'),
(1443, NULL, '7751493003957', 29, 26, 'Med Clasic ', 'Paquete', '20', NULL, 1, '33.570', '38.610', '15.00', '1', '2016-07-13 00:00:00'),
(1444, NULL, '7751493004589', 22, 26, 'Activesec P x 42', 'Paquete', '', NULL, 1, '27.370', '31.480', '15.00', '1', '2016-07-13 00:00:00'),
(1445, NULL, '7751493006316', 22, 26, 'Activesec M x 64', 'Paquete', '', NULL, 1, '45.400', '52.210', '15.00', '1', '2016-07-13 00:00:00'),
(1446, NULL, '7751493006323', 22, 26, 'Activsec Disney XXG x 44', 'Paquete', '', NULL, 1, '44.650', '51.350', '15.00', '1', '2016-07-13 00:00:00'),
(1447, NULL, '7751493006347', 22, 26, 'Activsec Disney G x 58', 'Paquete', '', NULL, 1, '45.390', '52.200', '15.00', '1', '2016-07-13 00:00:00'),
(1448, NULL, '7751493006330', 22, 26, 'Activsec Disney XG x 48', 'Paquete', '', NULL, 1, '44.650', '51.350', '15.00', '1', '2016-07-13 00:00:00'),
(1449, NULL, '7751493006101', 29, 26, 'Med Protect Neutrazone', 'Paquete', '', NULL, 1, '58.650', '67.450', '15.00', '1', '2016-07-13 00:00:00'),
(1450, NULL, '7896018700628', 22, 81, 'Active Fresh F Top x 48', 'Paquete', '', NULL, 1, '5.550', '6.380', '15.00', '1', '2016-07-13 00:00:00'),
(1451, NULL, '7896018700642', 22, 81, 'Recien Nacido x 48', 'Paquete', '', NULL, 1, '10.000', '11.500', '15.00', '1', '2016-07-13 00:00:00'),
(1452, NULL, '7702425801387', 22, 81, 'Active Fresh x 16', 'Paquete', '', NULL, 1, '2.020', '2.320', '15.00', '1', '2016-07-13 00:00:00'),
(1453, NULL, '7751851009065', 137, 12, 'Menta Nat. x 150ml + Cepillo', 'Caja', '', NULL, 1, '4.250', '4.900', '15.29', '1', '2016-07-13 00:00:00'),
(1454, NULL, '7751851001373', 137, 12, 'Dentito Chicle Globo x 90', 'Caja', '', NULL, 1, '2.050', '2.500', '21.95', '1', '2016-07-13 00:00:00'),
(1455, NULL, '7794640171338', 9, 13, 'little teeth', 'Unidad', '', NULL, 1, '0.000', '8.500', '15.00', '1', '2016-07-19 00:00:00'),
(1456, NULL, '7750215228616', 78, 4, 'Polvo antisudoral ', 'Frasco', 'x75g', NULL, 1, '3.843', '5.000', '30.11', '1', '2016-07-20 00:00:00'),
(1457, NULL, '7750215228609', 78, 4, 'Polvo antisudoral ', 'Frasco', 'x150g', NULL, 1, '7.890', '9.500', '20.41', '1', '2016-07-20 00:00:00'),
(1458, NULL, '7750215008072', 170, 53, 'Relax ', 'Frasco', 'x300g', NULL, 1, '7.810', '9.000', '15.24', '1', '2016-07-20 00:00:00'),
(1459, NULL, '7750215008003', 170, 53, 'Alegria', 'Frasco', 'x300g', NULL, 1, '7.810', '9.000', '15.24', '1', '2016-07-20 00:00:00'),
(1460, NULL, '7750215008003', 170, 53, 'Alegria', 'Frasco', 'x300g', NULL, 1, '7.810', '9.000', '15.24', '0', '2016-07-20 00:00:00'),
(1461, NULL, '7750215010204', 78, 70, 'Citrus Fresh', 'Frasco', 'x300ml', NULL, 1, '5.480', '6.500', '18.61', '1', '2016-07-20 00:00:00'),
(1462, NULL, '7750215010211', 78, 70, 'Herbal', 'Frasco', 'x300ml', NULL, 1, '5.480', '6.500', '18.61', '1', '2016-07-20 00:00:00'),
(1463, NULL, '7750215010228', 78, 70, 'Aloe', 'Frasco', 'x300ml', NULL, 1, '5.480', '6.500', '18.61', '1', '2016-07-20 00:00:00'),
(1464, NULL, '7750215009499', 78, 70, 'Puro Clean', 'Frasco', 'x300g', NULL, 1, '5.480', '6.500', '18.61', '1', '2016-07-20 00:00:00'),
(1465, NULL, '7750215015797', 78, 70, 'floresta puro', 'Pote', 'x30g', NULL, 1, '2.196', '2.600', '18.40', '1', '2016-07-20 00:00:00'),
(1466, NULL, '7750215005880', 78, 33, 'Concha de nacar + baba caracol', 'Pote', 'x120g', NULL, 1, '21.250', '24.900', '17.18', '1', '2016-07-20 00:00:00'),
(1467, NULL, '7750215013410', 27, 24, 'SPF 90', 'Frasco', 'x120gr', NULL, 1, '0.000', '34.500', '15.00', '1', '2016-08-13 10:50:10'),
(1468, NULL, '7750215013403', 27, 24, 'Faces 90SPF', 'Frasco', 'x60g', NULL, 1, '18.280', '21.500', '17.61', '1', '2016-07-20 00:00:00'),
(1469, NULL, '7750215005750', 78, 33, 'Concha de nacar', 'Pote', 'x55g', NULL, 1, '8.590', '9.900', '15.25', '1', '2016-07-20 00:00:00'),
(1470, NULL, '7750215005750', 78, 33, 'Concha de nacar', 'Pote', 'x55g', NULL, 1, '8.590', '9.900', '15.25', '0', '2016-07-20 00:00:00'),
(1471, NULL, '78934139', 133, 31, 'Men Antibacterial', 'Frasco', 'x50ml', NULL, 1, '6.230', '7.500', '20.39', '1', '2016-08-08 15:21:15'),
(1472, NULL, '78929371', 133, 31, 'Extra Fresh', 'Frasco', 'x50ml', NULL, 1, '6.230', '7.500', '20.39', '1', '2016-08-08 15:19:59'),
(1473, NULL, '75043315', 133, 31, 'Men Aquashield ', 'Frasco', 'x50ml', NULL, 1, '6.230', '7.500', '20.39', '1', '2016-08-08 16:52:18'),
(1474, NULL, '78923423', 133, 31, 'Men Sensitive', 'Frasco', 'x50ml', NULL, 1, '6.230', '7.500', '20.39', '1', '2016-08-08 16:55:57'),
(1475, NULL, '78934146', 133, 31, 'Women Antibacterial', 'Frasco', 'x50ml', NULL, 1, '6.230', '7.500', '20.39', '1', '2016-08-08 15:21:24'),
(1476, NULL, '78923355', 133, 31, 'Women Nutritive', 'Frasco', 'x50ml', NULL, 1, '6.230', '7.500', '20.39', '1', '2016-08-08 16:54:15'),
(1477, NULL, '78926523', 133, 31, 'Women Active Emotion', 'Frasco', 'x50ml', NULL, 1, '6.230', '7.500', '20.39', '1', '2016-08-08 16:51:51'),
(1478, NULL, '78923454', 133, 31, 'Men V8', 'Frasco', 'x50ml', NULL, 1, '6.230', '7.500', '20.39', '1', '2016-08-08 11:22:06'),
(1479, NULL, '78930841', 133, 31, 'Men V8', 'Frasco', 'x30ml', NULL, 1, '2.430', '3.000', '23.46', '1', '2016-08-08 11:22:25'),
(1480, NULL, '75024956', 133, 29, 'Men V8', 'Frasco', 'x50g', NULL, 1, '7.260', '8.500', '17.08', '1', '2016-08-08 11:21:47'),
(1481, NULL, '7791293022567', 133, 28, 'Men V8', 'Frasco', 'x90g', NULL, 1, '10.170', '11.700', '15.00', '1', '2016-08-08 11:21:28'),
(1482, NULL, '7791293290126', 133, 28, 'Men V8', 'Frasco', 'x58g', NULL, 1, '4.400', '5.500', '25.00', '1', '2016-08-08 15:17:21'),
(1483, NULL, '7506339390216', 143, 29, 'Leña', 'Frasco', 'x50g', NULL, 1, '7.460', '8.600', '15.28', '1', '2016-08-08 10:27:24'),
(1484, NULL, '7506309864747', 143, 28, 'Fresh', 'Frasco', 'x150ml', NULL, 1, '9.630', '11.070', '15.00', '1', '2016-08-08 10:42:12'),
(1485, NULL, '7501001309060', 143, 29, 'VIP deo', 'Frasco', 'x50g', NULL, 1, '7.460', '8.600', '15.28', '1', '2016-08-08 10:28:15'),
(1486, NULL, '7506309898889', 143, 28, 'Olor Blocker', 'Frasco', 'x150ml', NULL, 1, '9.630', '11.000', '14.23', '1', '2016-08-08 10:43:05'),
(1487, NULL, '7506309839141', 143, 28, 'Wolfthorn', 'Frasco', 'x150ml', NULL, 1, '9.630', '11.000', '14.23', '1', '2016-08-08 10:44:37'),
(1488, NULL, '7791293004983', 73, 20, 'Hidratacion Intensa', 'Frasco', 'x400ml', NULL, 1, '15.970', '17.500', '9.58', '1', '2016-08-08 12:28:19'),
(1489, NULL, '7506309837253', 7, 62, 'Rizos Definidos ', 'Frasco', 'x160ml', NULL, 1, '5.170', '6.000', '16.05', '1', '2016-08-08 11:29:43'),
(1490, NULL, '7506309837246', 7, 62, 'Restauracion', 'Frasco', 'x300ml', NULL, 1, '13.690', '16.000', '16.87', '1', '2016-08-08 11:27:35'),
(1491, NULL, '7506309837239', 7, 62, 'Restauracion', 'Frasco', 'x160ml', NULL, 1, '7.950', '9.500', '19.50', '1', '2016-08-08 11:27:07'),
(1492, NULL, '7506309882574', 7, 2, 'Rizos Definidos', 'Frasco', 'x95ml', NULL, 1, '3.860', '4.500', '16.58', '1', '2016-08-08 11:26:02'),
(1493, NULL, '7506339390254', 143, 28, 'Leña', 'Frasco', 'X150ML', NULL, 1, '9.700', '11.200', '15.46', '1', '2016-08-08 10:29:24'),
(1494, NULL, '7506339390278', 143, 5, 'Leña body', 'Frasco', 'x150ml', NULL, 1, '9.700', '11.000', '13.40', '1', '2016-07-28 00:00:00'),
(1495, NULL, '7506339349030', 143, 5, 'Body Pure sport', 'Frasco', 'x150ml', NULL, 1, '9.700', '11.150', '15.00', '1', '2016-08-08 10:35:06'),
(1496, NULL, '7501056340025', 67, 62, 'Reconst Estre Keratina', 'Frasco', 'x300ml', NULL, 1, '10.590', '12.200', '15.20', '1', '2016-08-08 15:16:08'),
(1497, NULL, '7501056340131', 67, 62, 'Rizos Obedientes', 'Frasco', 'x300ml', NULL, 1, '10.590', '12.200', '15.20', '1', '2016-08-08 15:14:37'),
(1498, NULL, '7501056340124', 67, 62, 'MicroCERAMIDA', 'Frasco', 'x300ml', NULL, 1, '10.590', '12.200', '15.20', '1', '2016-08-08 15:15:00'),
(1499, NULL, '7506309864778', 143, 28, 'VIP', 'Frasco', 'x150ml', NULL, 1, '9.610', '11.050', '14.98', '1', '2016-08-08 10:32:54'),
(1500, NULL, '7506339349061', 143, 5, 'Champion body', 'Frasco', 'x150ml', NULL, 1, '9.700', '11.150', '15.00', '1', '2016-08-08 10:34:19'),
(1501, NULL, '7506339349023', 143, 28, 'VIP deo', 'Frasco', 'x150ml', NULL, 1, '9.530', '11.000', '15.42', '1', '2016-08-08 10:48:50'),
(1502, NULL, '7506339390230', 143, 29, 'Leña body', 'Frasco', 'x50g', NULL, 1, '7.460', '8.600', '15.28', '1', '2016-07-28 00:00:00'),
(1503, NULL, '7702354931704', 61, 2, 'Keratina y sabila', 'Frasco', 'x530ml', NULL, 1, '0.000', '0.000', '15.00', '1', '2016-07-28 00:00:00'),
(1504, NULL, '75024932', 133, 29, 'Teens Tropical energy', 'Frasco', 'x50g', NULL, 1, '7.260', '8.500', '17.08', '1', '2016-08-08 17:00:50'),
(1505, NULL, '78924413', 133, 31, 'Teens Tropical energy', 'Frasco', 'x50ml', NULL, 1, '5.740', '7.000', '21.95', '1', '2016-08-11 09:01:55'),
(1506, NULL, '7791293983905', 133, 28, 'Teens Tropical energy', 'Frasco', 'x108ml', NULL, 1, '4.340', '5.000', '15.21', '1', '2016-08-08 16:59:59'),
(1507, NULL, '7702031878520', 6, 2, 'Hidratacion Intensa', 'Frasco', 'x400ml', NULL, 1, '18.110', '21.000', '15.96', '1', '2016-08-08 12:21:18'),
(1508, NULL, '7506339349047', 143, 5, 'Body Fresh', 'Frasco', 'x150ml', NULL, 1, '9.700', '11.000', '13.40', '1', '2016-08-08 10:46:46'),
(1509, NULL, '7506339349146', 143, 5, 'Wolfthorn', 'Frasco', 'x150ml', NULL, 1, '9.700', '11.150', '15.00', '1', '2016-08-08 10:47:55'),
(1510, NULL, '7702031575337', 6, 81, 'Con aloe+ vit E sin OH (70+70)', 'Pack', 'x140 und', NULL, 1, '11.660', '13.500', '15.78', '1', '2016-08-08 12:35:08'),
(1511, NULL, '7702354931636', 61, 20, 'Keratina y sabila', 'Frasco', 'x530ml', NULL, 1, '0.000', '0.000', '15.00', '1', '2016-07-28 00:00:00'),
(1512, NULL, '7751257019262', 23, 16, '5oz rosado normal', 'Unidad', 'X1UND', NULL, 1, '6.440', '7.500', '16.46', '1', '2016-08-08 16:41:36'),
(1513, NULL, '7751257019286', 23, 16, '5oz amarillo normal', 'Unidad', 'X1UND', NULL, 1, '6.440', '7.500', '16.46', '1', '2016-08-08 16:38:35'),
(1514, NULL, '7751257019279', 23, 16, '5oz azul normal', 'Unidad', 'X1UND', NULL, 1, '6.440', '7.500', '16.46', '1', '2016-08-08 16:41:14'),
(1515, NULL, '7751257019347', 23, 16, '5oz amarillo relieve', 'Unidad', 'X1UND', NULL, 1, '8.280', '9.600', '15.94', '1', '2016-08-08 16:42:07'),
(1516, NULL, '7751257019361', 23, 16, '9oz azul relieve', 'Unidad', 'X1UND', NULL, 1, '10.130', '11.700', '15.50', '1', '2016-08-08 16:43:34'),
(1517, NULL, '7702018913978', 8, 31, 'Sport power rush', 'Frasco', 'x57ml', NULL, 1, '0.000', '0.000', '15.00', '1', '2016-07-28 00:00:00'),
(1518, NULL, '7891010657529', 6, 81, 'Tosque fresco', 'Unidad', 'x48UND', NULL, 1, '6.060', '7.000', '15.51', '1', '2016-08-08 12:37:19'),
(1519, NULL, '7891010037185', 6, 107, 'Crema liquida Origilnal', 'Frasco', 'x200ml', NULL, 1, '12.250', '14.500', '18.37', '1', '2016-08-08 15:07:23'),
(1520, NULL, '7702031036746', 6, 107, 'Crema liquida antes de dormir', 'Frasco', 'x200ml', NULL, 1, '12.250', '14.500', '18.37', '1', '2016-08-08 15:06:06'),
(1521, NULL, '7891010579296', 6, 11, 'RECIEN NACIDO', 'Frasco', 'x200ml', NULL, 1, '15.230', '17.500', '14.90', '1', '2016-07-28 00:00:00'),
(1522, NULL, '7891010579272', 6, 107, 'Recien Nacido', 'Frasco', 'x200ml', NULL, 1, '13.490', '15.500', '14.90', '1', '2016-08-08 15:07:49'),
(1523, NULL, '7791293029610', 73, 2, 'Color duradero', 'Frasco', 'x400ml', NULL, 1, '15.970', '17.500', '9.58', '1', '2016-07-28 00:00:00'),
(1524, NULL, '78924482', 73, 31, 'CLEAR TONE', 'Frasco', 'x50ml', NULL, 1, '7.540', '8.700', '15.38', '1', '2016-08-08 09:30:37'),
(1525, NULL, '7791293022819', 73, 28, 'MEN invisible', 'Frasco', 'x151ml', NULL, 1, '11.050', '14.000', '26.70', '1', '2016-08-11 12:10:38'),
(1526, NULL, '7791293008141', 73, 28, 'Original', 'Frasco', 'x100g', NULL, 1, '10.860', '12.500', '15.10', '1', '2016-08-08 09:24:16'),
(1527, NULL, '7791293008868', 73, 28, 'Invisible dry', 'Frasco', 'x100g', NULL, 1, '10.860', '12.500', '15.10', '1', '2016-08-08 09:22:34'),
(1528, NULL, '7791293020198', 73, 28, 'Pure', 'Frasco', 'X100G', NULL, 1, '10.860', '12.500', '15.10', '1', '2016-08-08 09:25:03'),
(1529, NULL, '7752285003766', 73, 31, 'Original 2und', 'Pack', 'x50ml', NULL, 2, '9.900', '12.500', '26.26', '1', '2016-08-11 11:25:47'),
(1530, NULL, '7702027436284', 18, 94, 'Frescura xtrema', 'Frasco', 'x150ml', NULL, 1, '12.620', '14.510', '14.98', '1', '2016-08-08 15:58:10'),
(1531, NULL, '7506339346053', 5, 2, 'Alivio instantaneo', 'Frasco', 'x700ml', NULL, 1, '0.000', '26.000', '15.00', '1', '2016-07-28 00:00:00'),
(1532, NULL, '7751257019330', 23, 16, '5oz azul relieve', 'Unidad', 'X1UND', NULL, 1, '8.280', '9.600', '15.94', '1', '2016-08-08 16:43:11'),
(1533, NULL, '7751257019323', 23, 16, '5oz rosa relieve', 'Unidad', 'X1UND', NULL, 1, '8.280', '9.600', '15.94', '1', '2016-08-08 16:41:45'),
(1534, NULL, '7751257019354', 23, 16, '9oz rosado relieve', 'Unidad', 'X1UND', NULL, 1, '10.130', '11.700', '15.50', '1', '2016-08-08 16:45:31'),
(1535, NULL, '7751257019378', 23, 16, '9oz amarillo relieve', 'Unidad', 'X1UND', NULL, 1, '10.130', '11.700', '15.50', '1', '2016-08-08 16:42:41'),
(1536, NULL, '7751257019316', 23, 16, '9oz amarillo normal', 'Unidad', 'X1UND', NULL, 1, '8.280', '9.600', '15.94', '1', '2016-08-08 16:38:56'),
(1537, NULL, '7751257019309', 23, 16, '9oz azul normal', 'Unidad', 'X1UND', NULL, 1, '8.280', '9.600', '15.94', '1', '2016-08-08 16:39:25'),
(1538, NULL, '7752285003773', 73, 31, 'DERMOACLARANT 2und', 'Pack', 'x50ml', NULL, 2, '9.720', '12.200', '25.51', '1', '2016-08-11 17:34:05'),
(1539, NULL, '78931596', 73, 31, 'Pure', 'Frasco', 'x50ml', NULL, 1, '7.540', '8.700', '15.38', '1', '2016-08-08 09:32:42'),
(1540, NULL, '7702035406811', 75, 38, 'Proteccion Dientes y encias', 'Frasco', 'x180ml', NULL, 1, '8.240', '9.500', '15.29', '1', '2016-08-11 13:01:50'),
(1541, NULL, '7506195129876', 103, 89, 'Pink Protec Total Nocturmo', 'Paquete', 'x8 und', NULL, 1, '4.170', '4.800', '15.00', '1', '2016-08-10 11:16:51'),
(1542, NULL, '7800004001156', 195, 157, 'BB dent 7.5% NF', 'Tubo', 'x10g', NULL, 1, '11.080', '13.000', '17.33', '1', '2016-08-10 10:17:03'),
(1543, NULL, '7702018001071', 8, 10, 'Maquina de afeitar', 'Unidad', 'x1 pieza', NULL, 1, '9.450', '10.900', '15.34', '1', '2016-08-10 10:28:12'),
(1544, NULL, '7752285025379', 133, 34, 'Men V8 shachet', 'Caja', 'x10g', NULL, 18, '10.000', '13.500', '35.00', '1', '2016-08-10 09:22:17'),
(1545, NULL, '7501056332068', 91, 33, 'Rejuveness Noche', 'Pote', 'x50g', NULL, 1, '12.530', '15.000', '19.71', '1', '2016-08-10 09:29:09'),
(1546, NULL, '7501056332068', 91, 33, 'Rejuveness Noche', 'Pote', 'x50g', NULL, 1, '12.530', '13.500', '7.74', '0', '2016-08-02 00:00:00'),
(1547, NULL, '3014260839437', 15, 13, 'Pro Salud Indic Antibac 40 ', 'Pack', 'x3und', NULL, 1, '8.820', '11.500', '30.39', '1', '2016-08-08 10:22:26'),
(1548, NULL, '3014260839437', 15, 13, '', 'Pack', 'x3und', NULL, 1, '8.820', '11.500', '30.39', '0', '2016-08-02 00:00:00'),
(1549, NULL, '7500435001922', 5, 158, 'Old Spice 12sch', 'Tira', 'x18ml', NULL, 12, '9.280', '12.000', '29.31', '1', '2016-08-08 10:01:09'),
(1550, NULL, '7759307946018', 106, 18, 'Vitamina E', 'Frasco', 'x60ml', NULL, 1, '4.900', '6.000', '22.45', '1', '2016-08-08 10:07:15'),
(1551, NULL, '7759307946032', 106, 18, 'Vitamina E', 'Frasco', 'x210ml', NULL, 1, '13.510', '16.000', '18.43', '1', '2016-08-08 10:10:25'),
(1552, NULL, '7752285024839', 91, 33, 'Clarant B3 Grasa 20sch', 'Caja', 'x10gr', NULL, 20, '13.030', '16.000', '22.79', '1', '2016-08-08 11:00:19'),
(1553, NULL, '7752285024822', 91, 33, 'Clarant B3 Seca 20sch', 'Caja', 'x10gr', NULL, 20, '13.030', '16.000', '22.79', '1', '2016-08-08 11:03:08'),
(1554, NULL, '', 133, 29, 'Men Clinical ', 'Unidad', 'x48gr', NULL, 1, '19.160', '22.030', '14.98', '1', '2016-08-08 11:43:11'),
(1555, NULL, '', 133, 29, 'Women Clinical Clean Fresh', 'Unidad', 'x48gr', NULL, 1, '19.160', '22.030', '14.98', '1', '2016-08-08 11:44:11'),
(1556, NULL, '', 133, 29, 'Women Clinical', 'Unidad', 'x48gr', NULL, 1, '19.160', '22.030', '14.98', '1', '2016-08-08 11:45:03'),
(1557, NULL, '7501086453016', 15, 38, 'Complete S/Alcohol ', 'Unidad', 'x500ml', NULL, 1, '10.010', '11.510', '14.99', '1', '2016-08-08 11:57:37'),
(1558, NULL, '7891024145081', 10, 12, 'Herbal Original', 'Unidad', 'x90gr', NULL, 1, '1.910', '2.500', '30.89', '1', '2016-08-08 17:47:12'),
(1559, NULL, '7509546056623', 10, 12, 'Triple Accion Extra Blanc', 'Unidad', 'x45ml', NULL, 1, '2.510', '3.000', '19.52', '1', '2016-08-08 17:37:08'),
(1560, NULL, '4005808538560', 4, 94, 'confort natural', 'Frasco', 'x250ml', NULL, 1, '15.300', '20.000', '30.72', '1', '2016-08-09 12:24:18'),
(1561, NULL, '7509546052816', 37, 30, 'Multiprotecc X5', 'Unidad', 'x85gr', NULL, 1, '16.840', '19.500', '15.80', '1', '2016-08-08 18:28:59'),
(1562, NULL, '7891024136089', 10, 38, 'Plax Ice ', 'Unidad', 'x60ml', NULL, 1, '2.300', '3.000', '30.43', '1', '2016-08-08 18:35:37'),
(1563, NULL, '7891024136102', 10, 38, 'Plax Ice', 'Unidad', 'x500ml', NULL, 1, '14.180', '17.000', '19.89', '1', '2016-08-08 18:37:40'),
(1564, NULL, '7509546057569', 38, 5, 'Pro-5 en 1', 'Unidad', 'x100gr', NULL, 1, '10.710', '12.500', '16.71', '1', '2016-08-08 18:44:07'),
(1565, NULL, '7509546057545', 38, 29, 'Pro-5 en 1', 'Unidad', 'x45gr', NULL, 1, '7.870', '9.100', '15.63', '1', '2016-08-08 18:47:19'),
(1566, NULL, '841058004547', 1, 68, 'Protect Sensitive Piel Sensible', 'Frasco', 'x200gr', NULL, 1, '15.810', '18.000', '13.85', '1', '2016-08-08 19:02:48'),
(1567, NULL, '8410225524502', 17, 3, 'Original ', 'Frasco', 'x1lt', NULL, 1, '25.760', '34.500', '33.93', '1', '2016-08-09 08:16:37'),
(1568, NULL, '7702045552270', 45, 9, 'Reconstruccion Profunda', 'Frasco', 'x230ml', NULL, 1, '8.580', '10.000', '16.55', '1', '2016-08-09 08:43:25'),
(1569, NULL, '7702045519761', 45, 2, 'Rizos Controlados Rizado', 'Unidad', 'x375ml', NULL, 1, '12.070', '14.000', '15.99', '1', '2016-08-09 08:55:29'),
(1570, NULL, '7501199413600', 49, 9, 'Fuerza Keratina ', 'Unidad', 'x300ml', NULL, 1, '8.200', '10.000', '21.95', '1', '2016-08-09 09:14:13'),
(1571, NULL, '7501199415659', 49, 9, 'Oleo Nutritivo', 'Unidad', 'x300ml', NULL, 1, '8.200', '10.000', '21.95', '1', '2016-08-09 09:15:06'),
(1572, NULL, '7501199415574', 49, 2, 'Oleo Nutritivo', 'Unidad', 'x700ml', NULL, 1, '11.600', '13.500', '16.38', '1', '2016-08-09 09:20:14'),
(1573, NULL, '7501199413709', 49, 2, 'Repar 2en1 Aceite Oliva', 'Unidad', 'x700ml', NULL, 1, '11.600', '13.500', '16.38', '1', '2016-08-09 09:36:53'),
(1574, NULL, '7501199413754', 49, 2, 'Fuerza Keratina', 'Unidad', 'x700ml', NULL, 1, '11.600', '13.500', '16.38', '1', '2016-08-09 09:22:51'),
(1575, NULL, '7501199413792', 49, 2, 'Hidratacion profunda', 'Unidad', 'x700ml', NULL, 1, '11.600', '13.500', '16.38', '1', '2016-08-09 09:27:24'),
(1576, NULL, '7501199413808', 49, 2, 'Hidratacion Profunda', 'Unidad', 'x400ml', NULL, 1, '9.300', '11.000', '18.28', '1', '2016-08-09 09:39:12'),
(1577, NULL, '7501199413679', 49, 2, 'Control Caida', 'Unidad', 'x400ml', NULL, 1, '9.300', '11.000', '18.28', '1', '2016-08-09 09:38:55'),
(1578, NULL, '7501199413730', 49, 20, 'Fuerza Keratina ', 'Unidad', 'x384ml', NULL, 1, '9.300', '11.000', '18.28', '1', '2016-08-09 09:38:43'),
(1579, NULL, '7501199413778', 49, 2, 'Fuerza Keratina', 'Unidad', 'x400ml', NULL, 1, '9.300', '11.000', '18.28', '1', '2016-08-09 09:38:34'),
(1580, NULL, '7501199413655', 49, 20, 'Repara Aceite Oliva ', 'Unidad', 'x384ml', NULL, 1, '9.300', '11.000', '18.28', '1', '2016-08-09 09:38:19'),
(1581, NULL, '037836080111', 52, 52, 'Kids Manzanilla Berinaiz', 'Frasco', 'x250ml', NULL, 1, '12.900', '15.000', '16.28', '1', '2016-08-09 09:46:23'),
(1582, NULL, '037836084836', 52, 2, 'Kids Manzanilla 2en1 Berinaiz', 'Frasco', 'x300ml', NULL, 1, '12.900', '15.000', '16.28', '1', '2016-08-09 09:51:53'),
(1583, NULL, '037836084850', 52, 2, 'Manzanilla 2en1 Chavo', 'Frasco', 'x300ml', NULL, 1, '12.800', '15.000', '17.19', '1', '2016-08-09 10:43:02'),
(1584, NULL, '8410225535690', 17, 3, 'Original Aroma de Hogar', 'Frasco', '650ml+130m', NULL, 1, '21.500', '25.000', '16.28', '1', '2016-08-09 11:05:02'),
(1585, NULL, '7861001802221', 31, 26, 'Delicare Pequeño', 'Paquete', 'x48und', NULL, 48, '22.700', '30.000', '32.16', '1', '2016-08-09 11:12:05'),
(1586, NULL, '', 32, 1, '---', '', '', NULL, 0, '0.000', '0.000', '0.00', '1', '2016-08-11 19:08:26'),
(1587, NULL, '7861001802238', 31, 26, 'Delicare RN', 'Paquete', 'x24und', NULL, 24, '9.900', '12.000', '21.21', '1', '2016-08-09 11:16:20'),
(1588, NULL, '7861001802016', 31, 26, 'Premium Plus Mediano', 'Paquete', 'x96und', NULL, 96, '49.850', '60.000', '20.36', '1', '2016-08-09 11:53:02'),
(1589, NULL, '7861001802061', 31, 26, 'Premium Plus G ', 'Paquete', 'x80und', NULL, 80, '49.850', '60.000', '20.36', '1', '2016-08-09 11:57:32'),
(1590, NULL, '7861001802085', 31, 26, 'Premium Plus XG', 'Paquete', 'x72und', NULL, 72, '49.850', '60.000', '20.36', '1', '2016-08-09 11:59:09'),
(1591, NULL, '4005808897124', 4, 53, 'Pure Fresh ', 'Frasco', 'x250ml', NULL, 1, '8.120', '12.000', '47.78', '1', '2016-08-09 12:17:17'),
(1592, NULL, '7891024114216', 36, 11, 'Avena', 'Frasco', 'x250ml', NULL, 1, '7.150', '9.000', '25.87', '1', '2016-08-09 12:40:01'),
(1593, NULL, '7702010420900', 36, 7, 'Complete 12', 'Unidad', 'x75gr', NULL, 1, '1.730', '2.000', '15.61', '1', '2016-08-09 12:49:22'),
(1594, NULL, '7751219468817', 2, 4, 'Tri-Action Deo ', 'Frasco', 'x60gr', NULL, 1, '4.810', '6.000', '24.74', '1', '2016-08-09 15:48:08'),
(1595, NULL, '7804955010984', 2, 4, 'Tri-Action Deo', 'Frasco', 'x300gr', NULL, 1, '10.550', '13.000', '23.22', '1', '2016-08-09 15:47:47'),
(1596, NULL, '4005808307326', 4, 31, 'Silver Protect', 'Frasco', 'x50ml', NULL, 1, '6.160', '7.500', '21.75', '1', '2016-08-09 16:11:05'),
(1597, NULL, '4005900007339', 4, 5, 'Silver Protect', 'Frasco', 'x150ml', NULL, 1, '9.510', '11.500', '20.93', '1', '2016-08-09 16:15:31'),
(1598, NULL, '4005808715695', 4, 5, 'Stress Protect', 'Frasco', 'x150ml', NULL, 1, '9.510', '11.500', '20.93', '1', '2016-08-09 16:21:56'),
(1599, NULL, '4005808540143', 4, 121, 'Silver Protect', 'Frasco', 'x195gr', NULL, 1, '0.000', '17.100', '15.00', '1', '2016-08-09 16:37:24'),
(1600, NULL, '7509546066776', 10, 12, 'Smiles 6+ Minions', 'Unidad', 'x75ml', NULL, 1, '7.990', '9.500', '18.90', '1', '2016-08-09 16:44:44'),
(1601, NULL, '7509546031828', 10, 13, 'Extra Clean  Duro 2x1', 'Pack', '', NULL, 1, '5.250', '7.000', '33.33', '1', '2016-08-09 16:58:16'),
(1602, NULL, '7702010630422', 10, 13, 'Extra Clean Suave 2x1', 'Pack', '', NULL, 1, '5.250', '7.000', '33.33', '1', '2016-08-09 16:59:13'),
(1603, NULL, '7702010631207', 10, 13, 'Triple Accion 2x1', 'Pack', '', NULL, 1, '5.260', '7.000', '33.08', '1', '2016-08-09 17:18:46'),
(1604, NULL, '099176369219', 10, 13, '360 Mediano 3x2', 'Pack', '', NULL, 1, '14.740', '17.000', '15.33', '1', '2016-08-09 17:25:47'),
(1605, NULL, '7702010130632', 10, 13, 'Twister 2x1 c/Protect', 'Pack', '', NULL, 1, '6.970', '8.500', '21.95', '1', '2016-08-09 17:27:54'),
(1606, NULL, '7702010130496', 10, 13, '360 Surround + whitening 2x1', 'Pack', '', NULL, 1, '13.040', '15.500', '18.87', '1', '2016-08-09 17:30:46'),
(1607, NULL, '7753442000390', 35, 13, 'Master Plus', 'Caja', 'x14und', NULL, 14, '19.580', '30.000', '53.22', '1', '2016-08-09 17:33:15'),
(1608, NULL, '7702010631665', 10, 37, 'Triple Accion x75ml + CEP Twister', 'Pack', '', NULL, 1, '5.970', '7.500', '25.63', '1', '2016-08-09 17:38:37'),
(1609, NULL, '4005808630646', 4, 31, 'Aclarado Nat Beauty Touch', 'Frasco', 'x50ml', NULL, 1, '6.160', '7.500', '21.75', '1', '2016-08-09 18:46:55'),
(1610, NULL, '4005808837472', 4, 31, 'Aclarado Natur Classic', 'Frasco', 'x50ml', NULL, 1, '6.160', '7.500', '21.75', '1', '2016-08-09 18:50:00'),
(1611, NULL, '4005808257621', 4, 31, 'Sensitive Protect ', 'Unidad', 'x50ml', NULL, 1, '6.160', '7.500', '21.75', '1', '2016-08-09 18:52:33'),
(1612, NULL, '4005808630660', 4, 5, 'Aclarado Natu Beauty Touch', 'Unidad', 'x150ml', NULL, 1, '9.510', '11.500', '20.93', '1', '2016-08-09 18:54:33'),
(1613, NULL, '42277705', 4, 33, 'Cuidado Aclarado Natur FPS15', 'Unidad', 'x50ml', NULL, 1, '10.500', '12.500', '19.05', '1', '2016-08-09 19:08:56'),
(1614, NULL, '7752902006897', 43, 11, 'Avena ', 'Frasco', 'x400ml', NULL, 1, '5.590', '6.500', '16.28', '1', '2016-08-10 08:27:42'),
(1615, NULL, '7752902006903', 43, 11, 'Aloe Vera', 'Frasco', 'x400ml', NULL, 1, '5.590', '6.500', '16.28', '1', '2016-08-10 08:30:05'),
(1616, NULL, '7752902006644', 65, 3, 'Original', 'Frasco', 'x500ml', NULL, 1, '17.900', '23.000', '28.49', '1', '2016-08-11 09:41:52'),
(1617, NULL, '7750465004770', 65, 3, 'Citrica de baño Hexagonal', 'Frasco', 'x1ltr', NULL, 1, '29.150', '35.000', '20.07', '1', '2016-08-10 08:42:28'),
(1618, NULL, '7752285022460', 133, 34, 'Extreme 18sch', 'Caja', 'x10gr', NULL, 18, '10.000', '13.500', '35.00', '1', '2016-08-10 09:19:50'),
(1619, NULL, '7752285022439', 133, 34, 'Nutritive 18sch', 'Unidad', 'x10gr', NULL, 18, '10.000', '13.500', '35.00', '1', '2016-08-10 09:21:59'),
(1620, NULL, '7752285021258', 133, 43, 'Efficient Talc x200gr + 60Gr', 'Pack', '', NULL, 1, '10.550', '14.000', '32.70', '1', '2016-08-10 17:20:01'),
(1621, NULL, '7501007457826', 7, 20, 'Brillo Extremo', 'Frasco', 'x400ml', NULL, 1, '15.450', '17.000', '10.03', '1', '2016-08-10 09:37:56'),
(1622, NULL, '7751257550901', 23, 15, 'Anatomica Silicona 0-4m Nº 1', 'Unidad', '', NULL, 1, '2.410', '3.500', '45.23', '1', '2016-08-10 11:01:44'),
(1623, NULL, '7501006721119', 7, 2, 'Restauracion', 'Unidad', 'x200ml', NULL, 1, '9.770', '11.500', '17.71', '1', '2016-08-10 11:06:09'),
(1624, NULL, '6910181210775', 196, 89, 'Active Oxygen & Negative ION', 'Paquete', 'x10und', NULL, 1, '0.000', '20.000', '15.00', '1', '2016-08-10 11:26:26'),
(1625, NULL, '7750075022164', 70, 2, 'Keratina', 'Unidad', 'x500ml', NULL, 1, '17.550', '23.000', '31.05', '1', '2016-08-11 18:05:23'),
(1626, NULL, '7750075022195', 70, 20, 'Keratina', 'Unidad', 'x500ml', NULL, 1, '17.550', '22.000', '25.36', '1', '2016-08-10 17:18:29'),
(1627, NULL, '7501027280640', 173, 2, 'Mora Azul', 'Frasco', 'x265ml', NULL, 1, '13.300', '16.700', '25.56', '1', '2016-08-10 17:21:27'),
(1628, NULL, '7501027218384', 173, 2, 'Fresa Cremosa', 'Frasco', 'x265ml', NULL, 1, '13.300', '16.700', '25.56', '1', '2016-08-10 17:22:20'),
(1629, NULL, '7506078919372', 173, 2, 'Manzanilla', 'Unidad', 'x265ml', NULL, 1, '13.300', '16.500', '24.06', '1', '2016-08-11 18:21:15'),
(1630, NULL, '309979843992', 172, 3, 'Original', 'Frasco', 'x443ml', NULL, 1, '23.950', '30.000', '25.26', '1', '2016-08-10 17:25:57'),
(1631, NULL, '7702113680310', 63, 48, 'Restauracion 6en1 2frasc', 'Pack', 'x400ml', NULL, 1, '23.800', '29.900', '25.63', '1', '2016-08-10 17:30:25'),
(1632, NULL, '7702113680305', 63, 48, 'Anticaida Mujer 2frasc', 'Pack', 'x400ml', NULL, 1, '23.800', '29.900', '25.63', '1', '2016-08-10 17:32:48'),
(1633, NULL, '7702113680315', 63, 48, 'Color Safe 2frasc', 'Pack', 'x400ml', NULL, 1, '23.800', '29.900', '25.63', '1', '2016-08-10 17:34:06'),
(1634, NULL, '7702113660326', 63, 48, 'Muss Spa Active Shine 2frasc', 'Pack', 'x400ml', NULL, 1, '17.100', '21.500', '25.73', '1', '2016-08-10 17:36:28'),
(1635, NULL, '7754326001410', 171, 4, 'Orchidee', 'Unidad', 'x400gr', NULL, 1, '10.750', '14.000', '30.23', '1', '2016-08-10 17:41:42'),
(1636, NULL, '7754326401043', 171, 4, 'Damask Rose', 'Unidad', 'x400gr', NULL, 1, '10.750', '14.000', '30.23', '1', '2016-08-10 17:42:21'),
(1637, NULL, '7754326001427', 171, 4, 'Romeo Julieta', 'Unidad', 'x400gr', NULL, 1, '10.750', '14.000', '30.23', '1', '2016-08-10 17:43:12'),
(1638, NULL, '7752999003106', 60, 46, 'Lan.Gel Forte Lan Style 280gr+100gr', 'Pack', '', NULL, 1, '10.700', '14.500', '35.51', '1', '2016-08-10 17:47:00'),
(1639, NULL, '', 73, 132, 'Dove Jabon liq 250ml+Ponds 45gr+Reg', 'Pack', '', NULL, 1, '16.450', '21.000', '27.66', '1', '2016-08-10 18:01:28'),
(1640, NULL, '7750075024694', 70, 2, 'Colageno', 'Unidad', 'x500ml', NULL, 1, '23.350', '29.500', '26.34', '1', '2016-08-10 18:06:31'),
(1641, NULL, '7750075024724', 70, 20, 'Colageno', 'Unidad', 'x500ml', NULL, 1, '23.350', '29.500', '26.34', '1', '2016-08-10 18:06:22'),
(1642, NULL, '', 154, 3, 'Original', 'Frasco', 'x20ml', NULL, 1, '15.900', '20.000', '25.79', '1', '2016-08-10 18:09:15'),
(1643, NULL, '7757266001267', 130, 160, 'Mellizos ', 'Pack', 'x110ml', NULL, 2, '33.500', '45.000', '34.33', '1', '2016-08-10 18:36:43'),
(1644, NULL, '7752999002451', 60, 33, 'Oliva', 'Unidad', 'x300gr', NULL, 1, '10.150', '13.000', '28.08', '1', '2016-08-10 18:18:41'),
(1645, NULL, '309979845507', 172, 3, 'Original', 'Frasco', 'x887ml', NULL, 1, '39.800', '49.900', '25.38', '1', '2016-08-10 18:21:58'),
(1646, NULL, '7757266005944', 197, 159, 'Sham 100ml+Col 60ml+jabon', 'Estuche', '', NULL, 1, '15.000', '20.000', '33.33', '1', '2016-08-10 18:26:33'),
(1647, NULL, '7757266005951', 197, 159, 'Col +Aceite+Sha 100ml+jabo', 'Estuche', '', NULL, 1, '23.700', '30.000', '26.58', '1', '2016-08-10 18:28:14'),
(1648, NULL, '7754326041034', 171, 4, 'Damask Rose', 'Frasco', 'x100gr', NULL, 1, '4.600', '6.500', '41.30', '1', '2016-08-10 18:32:23'),
(1649, NULL, '7757266001274', 130, 160, 'Mellizos', 'Pack', 'x60ml', NULL, 2, '26.350', '35.000', '32.83', '1', '2016-08-10 18:35:31'),
(1650, NULL, '7757266002363', 130, 160, 'Mellizos', 'Pack', 'x30ml', NULL, 2, '17.050', '25.000', '46.63', '1', '2016-08-10 18:36:32'),
(1651, NULL, '', 60, 129, 'Gotas de Cristal', 'Unidad', 'x30ml', NULL, 1, '9.350', '12.000', '28.34', '1', '2016-08-10 18:39:56'),
(1652, NULL, '7752285020565', 91, 147, 'Crema C-H-S ', 'Estuche', '', NULL, 1, '24.750', '32.000', '29.29', '1', '2016-08-10 18:42:34'),
(1653, NULL, '7757266004893', 167, 160, 'Splash Mllzs', 'Unidad', 'x250ml', NULL, 1, '22.450', '28.500', '26.95', '1', '2016-08-10 18:46:10'),
(1654, NULL, '7757266750493', 167, 3, 'Splash', 'Frasco', 'x250ml', NULL, 1, '10.350', '13.500', '30.43', '1', '2016-08-10 18:47:16'),
(1655, NULL, '7757266004510', 167, 160, 'Splash 750ml + spray 60ml', 'Pack', '', NULL, 1, '24.750', '31.500', '27.27', '1', '2016-08-10 18:49:08'),
(1656, NULL, '', 184, 3, 'O''Fresh citrus mix', 'Frasco', 'x710ml', NULL, 1, '13.550', '18.000', '32.84', '1', '2016-08-10 18:51:27'),
(1657, NULL, '', 184, 3, 'O fresh citrus mix', 'Frasco', 'x380ml', NULL, 1, '8.800', '12.000', '36.36', '1', '2016-08-10 18:52:44'),
(1658, NULL, '7750075030862', 70, 2, 'Quinua pro+', 'Frasco', 'x500ml', NULL, 1, '23.350', '29.500', '26.34', '1', '2016-08-10 18:55:04'),
(1659, NULL, '7750075030879', 70, 20, 'Quinua pro+', 'Frasco', 'x500ml', NULL, 1, '23.350', '29.500', '26.34', '1', '2016-08-10 18:55:52'),
(1660, NULL, '7752999001560', 60, 129, 'Gotas de Cristal', 'Unidad', 'x15ml', NULL, 1, '5.900', '8.000', '35.59', '1', '2016-08-10 18:59:00'),
(1661, NULL, '7752999002444', 60, 33, 'Biolan Jojoba', 'Unidad', 'x300gr', NULL, 1, '10.150', '13.000', '28.08', '1', '2016-08-10 19:00:20'),
(1662, NULL, '8411061401804', 198, 3, 'Natural', 'Frasco', 'x50ml', NULL, 1, '34.950', '45.000', '28.76', '1', '2016-08-10 19:03:17'),
(1663, NULL, '8411061716236', 198, 3, 'Natural', 'Frasco', 'x200ml', NULL, 1, '55.900', '75.000', '34.17', '1', '2016-08-10 19:04:12'),
(1664, NULL, '8411061292488', 128, 3, 'Mediterraneo', 'Frasco', 'x50ml', NULL, 1, '24.500', '35.000', '42.86', '1', '2016-08-10 19:06:10'),
(1665, NULL, '7804955010243', 4, 161, 'Aclarado Nat Mllzs', 'Pack', 'x150ml', NULL, 2, '15.250', '23.000', '50.82', '1', '2016-08-10 19:10:01'),
(1666, NULL, '5013692227452', 199, 159, 'Frozen Col 50ml + Bolso Rosa', 'Estuche', '', NULL, 1, '24.200', '35.000', '44.63', '1', '2016-08-10 19:21:23'),
(1667, NULL, '7750045187060', 199, 159, 'Frozen Col 50ml + Bolso Morado', 'Estuche', '', NULL, 1, '24.200', '32.000', '32.23', '1', '2016-08-11 18:15:29'),
(1668, NULL, '7750045186780', 199, 159, 'Frozen Col 15ml+jab 15ml+monedero', 'Estuche', '', NULL, 1, '16.200', '22.000', '35.80', '1', '2016-08-10 19:26:37'),
(1669, NULL, '7750045288149', 200, 162, 'Jab liq 3x50ml+Sha 3x50ml', 'Estuche', '', NULL, 1, '16.200', '24.000', '48.15', '1', '2016-08-10 19:31:42'),
(1670, NULL, '', 201, 70, 'Neutro', 'Frasco', 'x1000ml', NULL, 1, '14.000', '18.000', '28.57', '1', '2016-08-10 19:35:42'),
(1671, NULL, '7751851011327', 116, 53, 'Relajante', 'Frasco', 'x400ml', NULL, 1, '4.550', '6.900', '51.65', '1', '2016-08-11 17:53:18'),
(1672, NULL, '7751851011334', 116, 53, 'Refrescante', 'Frasco', 'x400ml', NULL, 1, '4.550', '6.900', '51.65', '1', '2016-08-11 17:53:12'),
(1673, NULL, '7751851011303', 116, 53, 'PH 5.5 Nutritivo', 'Frasco', 'x400ml', NULL, 1, '4.550', '6.900', '51.65', '1', '2016-08-11 17:53:25'),
(1674, NULL, '7702113025170', 202, 43, 'Protec total 300gr+120gr', 'Estuche', '', NULL, 1, '15.200', '20.000', '31.58', '1', '2016-08-10 19:43:53'),
(1675, NULL, '7702113680295', 202, 43, 'Antibacterial 3und', 'Estuche', 'x60gr', NULL, 3, '9.600', '15.000', '56.25', '1', '2016-08-10 19:44:50'),
(1676, NULL, '7759307005593', 155, 3, 'Natural fresca', 'Frasco', 'x1000ml', NULL, 1, '27.500', '35.000', '27.27', '1', '2016-08-10 19:47:25'),
(1677, NULL, '7757266000512', 203, 3, 'Citrica 1000ml + col60ml', 'Pack', '', NULL, 1, '26.750', '35.000', '30.84', '1', '2016-08-10 19:49:50'),
(1678, NULL, '7757266000529', 203, 3, 'Flor de Algodon 1000ml+ col 60ml', 'Pack', '', NULL, 1, '26.750', '35.000', '30.84', '1', '2016-08-10 19:50:50'),
(1679, NULL, '7757266000536', 203, 3, 'Natural 1000ml+ col 60ml', 'Pack', '', NULL, 1, '26.750', '35.000', '30.84', '1', '2016-08-10 19:51:34'),
(1680, NULL, '', 204, 8, 'Gel Baño 750ml+ Sh 400ml', 'Estuche', '', NULL, 1, '23.900', '31.000', '29.71', '1', '2016-08-10 19:54:53'),
(1681, NULL, '7751658015979', 127, 110, 'Leather Col 200ml+Loc 200ml', 'Pack', '', NULL, 1, '63.350', '82.500', '30.23', '1', '2016-08-11 08:18:59'),
(1682, NULL, '8903546020018', 169, 18, 'Baby Oil ', 'Unidad', 'x12oz', NULL, 1, '6.950', '9.500', '36.69', '1', '2016-08-11 08:21:40'),
(1683, NULL, '752754006585', 205, 121, 'Classic', 'Frasco', 'x14.75oz', NULL, 1, '9.800', '14.500', '47.96', '1', '2016-08-11 08:26:46'),
(1684, NULL, '752754006608', 205, 121, 'Sensitive', 'Frasco', 'x14.75oz', NULL, 1, '9.800', '14.500', '47.96', '1', '2016-08-11 08:26:54'),
(1685, NULL, '7754326071024', 206, 4, 'Hombre', 'Frasco', 'x100gr', NULL, 1, '4.600', '6.000', '30.43', '1', '2016-08-11 08:28:27'),
(1686, NULL, '7591005994737', 108, 75, 'Crem fam 200ml+crem Kids 90ml', 'Pack', '', NULL, 1, '16.350', '22.000', '34.56', '1', '2016-08-11 08:30:50'),
(1687, NULL, '7591005994720', 108, 75, 'Aero fam 200ml+crem kids 90ml', 'Pack', '', NULL, 1, '13.550', '21.000', '54.98', '1', '2016-08-11 08:32:58'),
(1688, NULL, '7750045223287', 25, 137, 'Refrigerante Manito', 'Unidad', '', NULL, 1, '4.850', '6.500', '34.02', '1', '2016-08-11 08:35:55'),
(1689, NULL, '7750045223201', 25, 137, 'Refrigerante Osito', 'Unidad', '', NULL, 1, '4.850', '6.500', '34.02', '1', '2016-08-11 08:37:24'),
(1690, NULL, '7750045223300', 25, 137, 'Refrigerante Perlas', 'Unidad', '', NULL, 1, '4.850', '6.500', '34.02', '1', '2016-08-11 08:39:26'),
(1691, NULL, '7750045223249', 25, 137, 'Refrigerante Caballito', 'Unidad', '', NULL, 1, '4.850', '6.500', '34.02', '1', '2016-08-11 08:39:56'),
(1692, NULL, '7750045278065', 207, 112, 'Batman col 15ml+jab liq 50ml', 'Pack', '', NULL, 1, '8.000', '12.000', '50.00', '1', '2016-08-11 08:43:21'),
(1693, NULL, '7750045278058', 207, 112, 'Superman col 15ml+jab liq 50ml', 'Pack', '', NULL, 1, '8.000', '12.000', '50.00', '1', '2016-08-11 08:44:13'),
(1694, NULL, '7798045217011', 208, 160, 'Iniestra Col 50ml+ Billetera', 'Estuche', '', NULL, 1, '22.200', '29.900', '34.68', '1', '2016-08-11 08:47:38'),
(1695, NULL, '8411061822982', 198, 108, 'Col 100ml+Deo Spray 150ml', 'Estuche', '', NULL, 1, '53.100', '70.000', '31.83', '1', '2016-08-11 08:49:13'),
(1696, NULL, '7753572004435', 129, 159, 'Classic Deo Spray 67ml+Jab 120gr', 'Estuche', '', NULL, 1, '12.050', '15.500', '28.63', '1', '2016-08-11 08:53:09'),
(1697, NULL, '7702113028720', 202, 11, 'Manzana y Canela', 'Unidad', 'x1000ml', NULL, 1, '9.900', '12.500', '26.26', '1', '2016-08-11 08:54:50'),
(1698, NULL, '7702113028713', 202, 11, 'Coco y Vainilla', 'Unidad', 'x1000ml', NULL, 1, '9.900', '12.500', '26.26', '1', '2016-08-11 08:55:29'),
(1699, NULL, '75031060', 73, 29, 'Clean Comfort', 'Unidad', 'x50gr', NULL, 1, '8.650', '10.810', '24.97', '1', '2016-08-11 09:03:02'),
(1700, NULL, '75031077', 73, 29, 'Extra Fresh', 'Unidad', 'x50gr', NULL, 1, '8.650', '10.810', '24.97', '1', '2016-08-11 09:03:15'),
(1701, NULL, '75046224', 73, 29, 'Invisible Dry', 'Unidad', 'x50gr', NULL, 1, '8.650', '10.810', '24.97', '1', '2016-08-11 09:03:37'),
(1702, NULL, '7752285025881', 133, 31, 'Men V8 Mllzs', 'Pack', 'x50ml', NULL, 2, '9.500', '12.000', '26.32', '1', '2016-08-11 09:01:28'),
(1703, NULL, '7752285028226', 73, 29, 'Original Mllzs', 'Pack', 'x50gr', NULL, 1, '11.750', '15.000', '27.66', '1', '2016-08-11 09:05:13'),
(1704, NULL, '7752285026949', 91, 147, 'cr Seca 50gr+cr C 45gr+cr S 50gr', 'Estuche', '', NULL, 1, '17.950', '23.000', '28.13', '1', '2016-08-11 09:08:03'),
(1705, NULL, '305210119338', 91, 81, 'Desmaquillantes', 'Unidad', 'x30und', NULL, 1, '11.300', '15.000', '32.74', '1', '2016-08-11 09:09:43'),
(1706, NULL, '7750045186759', 199, 159, 'Frozen Sh 200ml+Jab liq 200ml+Espon', 'Estuche', '', NULL, 1, '18.300', '23.500', '28.42', '1', '2016-08-11 09:13:45'),
(1707, NULL, '7750045186575', 199, 106, 'Frozen Col 40ml+Sh 200ml', 'Estuche', '', NULL, 1, '24.200', '31.000', '28.10', '1', '2016-08-11 09:15:22'),
(1708, NULL, '7750045255141', 159, 159, 'Cartera Sh 200ml+Jab li 200m+Esp', 'Estuche', '', NULL, 1, '18.300', '23.500', '28.42', '1', '2016-08-11 09:17:27'),
(1709, NULL, '7750045186735', 199, 159, 'Minnie Sh 200ml+Jab liq 200ml+Espon', 'Estuche', '', NULL, 1, '18.600', '23.500', '26.34', '1', '2016-08-11 09:18:49'),
(1710, NULL, '7702113028423', 63, 163, 'Spray Girls Prot Seda', 'Frasco', 'x150ml', NULL, 1, '11.200', '14.000', '25.00', '1', '2016-08-11 09:20:54'),
(1711, NULL, '7750045297509', 25, 4, 'Jumbo', 'Frasco', 'x750gr', NULL, 1, '9.300', '15.000', '61.29', '1', '2016-08-11 09:24:02'),
(1712, NULL, '5013692229456', 209, 53, '4 gel de Baños', 'Estuche', 'x75ml', NULL, 1, '15.000', '20.000', '33.33', '1', '2016-08-11 09:33:13'),
(1713, NULL, '7750045186674', 199, 159, 'Frozen Sh 75ml+jn liq 75ml+Espejo', 'Estuche', '', NULL, 1, '16.150', '22.000', '36.22', '1', '2016-08-11 09:38:34'),
(1714, NULL, '7506078945210', 173, 9, 'Manzanilla', 'Unidad', 'x300ml', NULL, 1, '11.500', '14.800', '28.70', '1', '2016-08-11 09:39:55'),
(1715, NULL, '7750045255202', 159, 159, 'Sh 2en1 200ml+Jab liq 200ml+Esponj', 'Estuche', '', NULL, 1, '15.400', '20.000', '29.87', '1', '2016-08-11 09:41:01'),
(1716, NULL, '7752902009355', 65, 159, 'Col 250ml+Jab toc+Guantes', 'Estuche', '', NULL, 1, '16.000', '20.000', '25.00', '1', '2016-08-11 09:42:47'),
(1717, NULL, '7750045285025', 25, 11, 'Manzanilla', 'Unidad', 'x500ml', NULL, 1, '6.750', '9.000', '33.33', '1', '2016-08-11 09:45:38'),
(1718, NULL, '7702113018776', 63, 9, 'Grils Manzanilla', 'Unidad', 'x300gr', NULL, 1, '9.450', '12.500', '32.28', '1', '2016-08-11 09:46:55'),
(1719, NULL, '7750045188296', 199, 2, 'Frozen 2en1 Ana y Elsa', 'Unidad', 'x236ml', NULL, 1, '5.300', '8.000', '50.94', '1', '2016-08-11 09:49:53'),
(1720, NULL, '7750045188289', 199, 2, 'Frozen 2en1 Olaf', 'Unidad', 'x236ml', NULL, 1, '5.300', '8.000', '50.94', '1', '2016-08-11 09:50:36'),
(1721, NULL, '7702113660593', 63, 48, 'Muss Nutricion Plus Sh 400ml+Ac 400', 'Estuche', '', NULL, 2, '17.100', '22.000', '28.65', '1', '2016-08-11 09:53:44'),
(1722, NULL, '7702113660616', 63, 2, 'Muss Plata Radiantes Sh 400ml+Ac400', 'Unidad', '', NULL, 1, '17.100', '22.000', '28.65', '1', '2016-08-11 09:55:19'),
(1723, NULL, '8411061823262', 135, 160, 'Clasic Col 50ml + Loc 100ml', 'Estuche', '', NULL, 1, '60.800', '79.000', '29.93', '1', '2016-08-11 09:59:02'),
(1724, NULL, '8411061823286', 135, 159, 'Floral Col 50ml+Crem corp 100ml', 'Estuche', '', NULL, 1, '60.800', '79.000', '29.93', '1', '2016-08-11 10:00:33'),
(1725, NULL, '041840000133', 166, 144, 'Jabon 4und', 'Estuche', 'x120gr', NULL, 4, '19.100', '24.000', '25.65', '1', '2016-08-11 10:02:38'),
(1726, NULL, '', 134, 112, 'Col Splash 240ml+jab 118gr', 'Estuche', '', NULL, 1, '23.900', '30.000', '25.52', '1', '2016-08-11 10:05:27'),
(1727, NULL, '', 134, 159, 'Talc 100gr+Jab 118gr', 'Estuche', '', NULL, 1, '19.900', '25.000', '25.63', '1', '2016-08-11 10:07:01'),
(1728, NULL, '7791274001871', 199, 3, 'Phineas y Ferb Skate zone', 'Unidad', 'x050ml', NULL, 1, '14.750', '19.500', '32.20', '1', '2016-08-11 10:08:01'),
(1729, NULL, '795144056029', 210, 4, 'Con mota Romantic rose', 'Unidad', 'x4oz', NULL, 1, '7.800', '10.000', '28.21', '1', '2016-08-11 10:12:32'),
(1730, NULL, '795144056036', 210, 4, 'Con mota Orientak Jasmine', 'Unidad', 'x142gr', NULL, 1, '7.800', '10.000', '28.21', '1', '2016-08-11 10:12:04'),
(1731, NULL, '795144056043', 210, 4, 'Con mota Fresh Lavander', 'Unidad', 'x142gr', NULL, 1, '7.800', '10.000', '28.21', '1', '2016-08-11 10:13:23'),
(1732, NULL, '7702626203478', 123, 39, 'Piel Sensible', 'Unidad', 'x50ml', NULL, 1, '13.800', '18.000', '30.43', '1', '2016-08-11 10:16:56'),
(1733, NULL, '8413600497118', 123, 39, 'Corporal Piel normala', 'Unidad', 'x100ml', NULL, 1, '23.850', '30.000', '25.79', '1', '2016-08-11 10:17:48'),
(1734, NULL, '7750045186469', 199, 159, 'Cenicienta col 60ml+jab 200l+sh 200', 'Estuche', '', NULL, 1, '29.300', '37.000', '26.28', '1', '2016-08-11 10:19:59'),
(1735, NULL, '7751658013234', 127, 3, 'Leather Mllzs', 'Pack', 'x50ml', NULL, 2, '30.700', '40.000', '30.29', '1', '2016-08-11 10:21:25'),
(1736, NULL, '7757266006521', 130, 160, 'Col 60ml+col 30ml', 'Estuche', '', NULL, 1, '24.850', '32.000', '28.77', '1', '2016-08-11 10:23:13'),
(1737, NULL, '7757266004626', 130, 160, 'Col 60ml+Loc 60ml', 'Estuche', '', NULL, 1, '25.850', '35.000', '35.40', '1', '2016-08-11 10:26:02'),
(1738, NULL, '7804955011790', 4, 159, 'Neceser Loc+esp+deo roll ', 'Estuche', '', NULL, 1, '40.550', '55.000', '35.64', '1', '2016-08-11 10:31:51'),
(1739, NULL, '7804955010816', 4, 159, 'Loc 100ml+Esp Afeit 200ml+Deo 150ml', 'Estuche', '', NULL, 1, '35.350', '45.000', '27.30', '1', '2016-08-11 10:34:16'),
(1740, NULL, '7750045291002', 25, 4, 'Baby', 'Unidad', 'x100gr', NULL, 1, '2.700', '5.000', '85.19', '1', '2016-08-11 10:36:04'),
(1741, NULL, '7750045171052', 211, 136, 'Chupon c/ Sujetador 3+', 'Unidad', '', NULL, 1, '13.800', '18.000', '30.43', '1', '2016-08-11 10:37:59'),
(1742, NULL, '7750045171069', 211, 136, 'Chupon Mariposa', 'Unidad', '', NULL, 1, '8.900', '13.000', '46.07', '1', '2016-08-11 10:39:25'),
(1743, NULL, '7791274001727', 199, 4, 'Baby Pwder Polvo Fecula', 'Unidad', 'x200gr', NULL, 1, '6.200', '8.500', '37.10', '1', '2016-08-11 10:43:19'),
(1744, NULL, '7791274001741', 199, 2, 'c/ valvula Jumbo', 'Unidad', 'x444ml', NULL, 1, '8.100', '12.500', '54.32', '1', '2016-08-11 10:44:33'),
(1745, NULL, '7752999003946', 60, 9, 'LANO.BRILL lan style', 'Unidad', 'x240ml', NULL, 1, '9.500', '12.000', '26.32', '1', '2016-08-11 10:50:14'),
(1746, NULL, '78933354', 73, 31, 'Invisible Dry', 'Unidad', 'x50ml', NULL, 1, '7.200', '9.000', '25.00', '1', '2016-08-11 10:51:19'),
(1747, NULL, '78925519', 73, 31, 'Extra Fresh', 'Unidad', 'x50ml', NULL, 1, '7.200', '9.000', '25.00', '1', '2016-08-11 10:52:22'),
(1748, NULL, '78927254', 73, 31, 'Clean Confort', 'Unidad', 'x50ml', NULL, 1, '7.200', '9.000', '25.00', '1', '2016-08-11 10:53:31'),
(1749, NULL, '7752285025874', 133, 31, 'Cotton Mllzs', 'Pack', 'x50ml', NULL, 2, '9.500', '13.000', '36.84', '1', '2016-08-11 10:56:50'),
(1750, NULL, '047400179240', 8, 10, 'Match3 Repuesto', 'Unidad', 'x2cartucho', NULL, 1, '10.900', '15.000', '37.61', '1', '2016-08-11 10:58:38'),
(1751, NULL, '8410412027083', 204, 8, 'Pies Secos y Agrietados c/Aloe', 'Unidad', 'x150ml', NULL, 1, '9.950', '13.000', '30.65', '1', '2016-08-11 11:01:13'),
(1752, NULL, '7891024136201', 10, 38, 'Plax Kids Bob Esponja', 'Unidad', 'x250ml', NULL, 1, '6.750', '9.000', '33.33', '1', '2016-08-11 11:03:05'),
(1753, NULL, '7752836001425', 212, 81, 'Madagascar', 'Paquete', 'x10und', NULL, 1, '1.500', '2.000', '33.33', '1', '2016-08-11 11:13:49'),
(1754, NULL, '309979845026', 172, 3, 'Original', 'Unidad', 'x236ml', NULL, 1, '15.900', '20.000', '25.79', '1', '2016-08-11 11:14:31'),
(1755, NULL, '7752902009362', 65, 3, 'Citrico col 1000ml+ Pump 35ml', 'Caja', '', NULL, 1, '26.450', '35.000', '32.33', '1', '2016-08-11 11:17:04'),
(1756, NULL, '7752285030342', 213, 48, 'Keratina Sh 400ml+Ac 400ml', 'Estuche', '', NULL, 1, '23.500', '29.500', '25.53', '1', '2016-08-11 11:23:46'),
(1757, NULL, '7752285032407', 213, 48, 'Oil Radiante Sh 400ml+Ac 400ml', 'Estuche', '', NULL, 1, '23.500', '29.500', '25.53', '1', '2016-08-11 11:23:23'),
(1758, NULL, '7791274002991', 132, 2, 'Violeta Algabo', 'Unidad', 'x400ml', NULL, 1, '6.750', '10.000', '48.15', '1', '2016-08-11 11:29:28'),
(1759, NULL, '7791274003004', 132, 20, 'Violeta', 'Unidad', 'x400ml', NULL, 1, '6.750', '10.000', '48.15', '1', '2016-08-11 11:30:17'),
(1760, NULL, '8412497762323', 32, 164, 'Minions ', 'Unidad', 'x450ml', NULL, 1, '14.900', '18.630', '25.03', '1', '2016-08-11 11:32:36'),
(1761, NULL, '7750045186629', 199, 162, 'Princesa Sh 200ml+Jab l 200ml+Espon', 'Estuche', '', NULL, 1, '15.400', '23.500', '52.60', '1', '2016-08-11 11:36:53'),
(1762, NULL, '7750045186605', 199, 162, 'Mickey Sh 200ml+Jab liq 200ml+Espon', 'Estuche', '', NULL, 1, '18.600', '23.500', '26.34', '1', '2016-08-11 11:36:44'),
(1763, NULL, '7750045255035', 159, 162, 'Neceser Sh 75ml+Jab liq 75ml+Espej', 'Estuche', '', NULL, 1, '18.300', '22.500', '22.95', '1', '2016-08-11 11:38:31'),
(1764, NULL, '7750045186667', 199, 162, 'Princesa Sh 75ml+Jab liq 75ml+Espej', 'Estuche', '', NULL, 1, '18.300', '22.500', '22.95', '1', '2016-08-11 11:40:12'),
(1765, NULL, '8411061807743', 128, 159, 'Blue Seduction Col 50ml+Bals 100ml', 'Estuche', '', NULL, 1, '38.850', '50.000', '28.70', '1', '2016-08-11 11:49:10'),
(1766, NULL, '8411061833315', 128, 159, 'Blue Seduction Col 100ml+Bals 100ml', 'Estuche', '', NULL, 1, '76.200', '96.000', '25.98', '1', '2016-08-11 11:56:31'),
(1767, NULL, '8411061833360', 128, 159, 'Seduction Black Col 50ml+Bals 100ml', 'Estuche', '', NULL, 1, '60.800', '78.000', '28.29', '1', '2016-08-11 11:56:41'),
(1768, NULL, '8411061819630', 128, 159, 'King Seduction Col 50ml+Bal 100ml', 'Estuche', '', NULL, 1, '60.800', '78.000', '28.29', '1', '2016-08-11 11:56:17'),
(1769, NULL, '8411061833513', 128, 159, 'King Seduction Col 100ml+Bals 100ml', 'Estuche', '', NULL, 1, '76.200', '96.000', '25.98', '1', '2016-08-11 11:58:20'),
(1770, NULL, '3326240000431', 214, 162, 'Col Spray 100ml+Deo Spray 125ml', 'Estuche', '', NULL, 1, '38.850', '49.000', '26.13', '1', '2016-08-11 12:03:36'),
(1771, NULL, '7750045183000', 25, 3, 'Mickey Mouse', 'Unidad', 'x250ml', NULL, 1, '11.100', '15.000', '35.14', '1', '2016-08-11 12:07:33'),
(1772, NULL, '7750045183406', 25, 3, 'Princess', 'Unidad', 'x250ml', NULL, 1, '11.100', '15.000', '35.14', '1', '2016-08-11 12:08:06'),
(1773, NULL, '07849503', 73, 5, 'Clean Comfort', 'Unidad', 'x150ml', NULL, 1, '11.050', '14.000', '26.70', '1', '2016-08-11 12:09:02'),
(1774, NULL, '7791293018874', 73, 5, 'Silver control', 'Unidad', 'x150ml', NULL, 1, '11.050', '14.000', '26.70', '1', '2016-08-11 12:09:34'),
(1775, NULL, '077443110122', 125, 18, 'Baby Oil Aloe', 'Unidad', 'x354ml', NULL, 1, '5.550', '8.000', '44.14', '1', '2016-08-11 12:11:30'),
(1776, NULL, '', 50, 80, 'Piel Perfecta', 'Unidad', 'x15gr', NULL, 1, '23.150', '28.900', '24.84', '1', '2016-08-11 17:46:43'),
(1777, NULL, '7750045252034', 25, 16, 'Hello Kitty c/ asas ', 'Unidad', 'x4onz', NULL, 1, '7.550', '10.000', '32.45', '1', '2016-08-11 16:48:24'),
(1778, NULL, '7750045181884', 25, 16, 'Cilindrico con asas', 'Unidad', 'x8oz', NULL, 1, '8.050', '10.500', '30.43', '1', '2016-08-11 12:21:19'),
(1779, NULL, '7750045225700', 25, 16, 'Acinturado Con Sonaja', 'Unidad', 'x8oz', NULL, 1, '7.550', '10.000', '32.45', '1', '2016-08-11 16:54:01'),
(1780, NULL, '7750045273084', 25, 16, 'Acinturado con asas', 'Unidad', 'x8oz', NULL, 1, '7.550', '10.000', '32.45', '1', '2016-08-11 12:23:01');
INSERT INTO `producto` (`id_producto`, `codigo_producto`, `codigo_barra`, `id_marca`, `id_tipo_producto`, `descripcion`, `presentacion`, `contenido`, `unidad_medida`, `fraccion`, `ult_precio_compra`, `ult_precio_venta`, `utilidad`, `estado`, `ult_modificacion`) VALUES
(1781, NULL, '7750045226202', 25, 165, 'Animal', 'Unidad', 'x7oz', NULL, 1, '7.550', '10.000', '32.45', '1', '2016-08-11 12:24:42'),
(1782, NULL, '7750045181556', 25, 165, 'Disney Pooh con asa abajo', 'Unidad', 'x7oz', NULL, 1, '9.450', '12.500', '32.28', '1', '2016-08-11 12:25:42'),
(1783, NULL, '7506309840024', 7, 2, 'Hidro Cauterizacion', 'Unidad', 'x400ml', NULL, 1, '0.000', '17.000', '15.00', '1', '2016-08-11 13:04:08'),
(1784, NULL, '7752285031660', 213, 48, 'Blindaje Plat sh 400ml+AC 400ml', 'Estuche', '', NULL, 1, '23.500', '29.500', '25.53', '1', '2016-08-11 15:13:04'),
(1785, NULL, '7702433292672', 215, 80, 'Gitano', 'Unidad', 'x14gr', NULL, 1, '11.900', '18.000', '51.26', '1', '2016-08-11 15:27:35'),
(1786, NULL, '7702433292719', 215, 80, 'Arena', 'Unidad', 'x14gr', NULL, 1, '11.900', '18.000', '51.26', '1', '2016-08-11 15:39:58'),
(1787, NULL, '7702433292665', 215, 80, 'Aceituna', 'Unidad', 'x14gr', NULL, 1, '11.900', '18.000', '51.26', '1', '2016-08-11 15:33:12'),
(1788, NULL, '7702433228183', 215, 80, 'Moreno', 'Unidad', 'x15gr', NULL, 1, '11.900', '18.000', '51.26', '1', '2016-08-11 15:35:56'),
(1789, NULL, '7702433292702', 215, 80, 'Canela', 'Unidad', 'x14gr', NULL, 1, '11.900', '18.000', '51.26', '1', '2016-08-11 15:37:19'),
(1790, NULL, '7702433228114', 215, 80, 'Trigueño', 'Unidad', 'x14', NULL, 1, '11.900', '18.000', '51.26', '1', '2016-08-11 15:39:37'),
(1791, NULL, '7702433225113', 215, 166, 'Mascara Transparente', 'Unidad', 'x10ml', NULL, 1, '8.400', '11.000', '30.95', '1', '2016-08-11 17:45:53'),
(1792, NULL, '7702433293006', 215, 58, 'Liquido Impact Negro', 'Unidad', 'x8gr', NULL, 1, '11.200', '14.000', '25.00', '1', '2016-08-11 17:45:39'),
(1793, NULL, '7702433292504', 215, 166, 'Impact Negro', 'Unidad', 'x9gr', NULL, 1, '13.950', '17.500', '25.45', '1', '2016-08-11 17:45:21'),
(1794, NULL, '7702433294454', 215, 167, 'Brisa Marina', 'Unidad', 'x3.3gr', NULL, 1, '11.850', '17.000', '43.46', '1', '2016-08-11 15:51:33'),
(1795, NULL, '7702433292948', 215, 167, 'Cafe Suave 11', 'Unidad', 'x3.3gr', NULL, 1, '11.850', '17.000', '43.46', '1', '2016-08-11 15:53:19'),
(1796, NULL, '7702433294461', 215, 167, 'Violeta 20', 'Unidad', 'x3.3gr', NULL, 1, '11.850', '17.000', '43.46', '1', '2016-08-11 15:54:23'),
(1797, NULL, '041554197044', 216, 166, 'Colossal Volum Express', 'Unidad', 'x8ml', NULL, 1, '30.750', '38.000', '23.58', '1', '2016-08-11 17:19:32'),
(1798, NULL, '041554443493', 216, 166, 'Falsies Push Up Drama', 'Unidad', 'x32.15', NULL, 1, '32.150', '40.000', '24.42', '1', '2016-08-11 17:19:42'),
(1799, NULL, '7702234734081', 192, 73, 'Avella', 'Unidad', 'x3.5gr', NULL, 1, '10.900', '13.000', '19.27', '1', '2016-08-11 16:25:38'),
(1800, NULL, '7702234734067', 192, 73, 'Moka', 'Unidad', 'x3.5gr', NULL, 1, '10.900', '13.000', '19.27', '1', '2016-08-11 16:26:07'),
(1801, NULL, '7702234734036', 192, 73, 'Rosate', 'Unidad', 'x3.5gr', NULL, 1, '10.900', '13.000', '19.27', '1', '2016-08-11 16:25:45'),
(1802, NULL, '7702234739116', 192, 80, 'Arena', 'Unidad', 'x14gr', NULL, 1, '12.500', '15.000', '20.00', '1', '2016-08-11 16:32:47'),
(1803, NULL, '7702234739055', 192, 80, 'Translucido', 'Unidad', 'x14gr', NULL, 1, '12.500', '15.000', '20.00', '1', '2016-08-11 16:39:07'),
(1804, NULL, '041554533156', 216, 58, 'Liquido Ultra Liner Negro', 'Unidad', 'x7.3ml', NULL, 1, '23.050', '27.800', '20.61', '1', '2016-08-11 17:47:45'),
(1805, NULL, '7750045181891', 25, 16, 'Minnie c/ asas', 'Unidad', 'x4oz', NULL, 1, '8.050', '10.000', '24.22', '1', '2016-08-11 16:49:54'),
(1806, NULL, '7750045182126', 25, 16, 'Princess Super', 'Unidad', 'x10oz', NULL, 1, '11.850', '15.000', '26.58', '1', '2016-08-11 16:51:43'),
(1807, NULL, '7750045225892', 25, 16, 'Decorado c/asas', 'Unidad', 'x8oz', NULL, 1, '7.550', '10.000', '32.45', '1', '2016-08-11 17:01:17'),
(1808, NULL, '047400179660', 8, 10, 'Match3 Repuesto', 'Unidad', 'x4piezas', NULL, 1, '18.750', '22.500', '20.00', '1', '2016-08-11 17:19:19'),
(1809, NULL, '', 215, 168, 'Fantastic', 'Unidad', '', NULL, 1, '3.800', '6.000', '57.89', '1', '2016-08-11 17:24:38'),
(1810, NULL, '7702354934538', 61, 9, 'Sabila Nutricion y Brillo', 'Unidad', 'x275ml', NULL, 1, '8.250', '12.000', '45.45', '1', '2016-08-11 18:49:32'),
(1811, NULL, '7509552906257', 71, 9, 'Kera- Liso', 'Unidad', 'x300ml', NULL, 1, '11.500', '14.800', '28.70', '1', '2016-08-11 18:50:48'),
(1812, NULL, '7891150017696', 67, 129, 'Rizos Obedientes', 'Unidad', 'x150ml', NULL, 1, '0.000', '10.000', '15.00', '1', '2016-08-11 18:54:12'),
(1813, NULL, '7750336000061', 154, 3, 'Pequeño', 'Unidad', 'x20ml', NULL, 1, '15.900', '19.900', '25.16', '1', '2016-08-11 19:10:21'),
(1814, NULL, '7751658019595', 134, 159, 'Bolso Col Splash 240ml+Talc 100gr', 'Estuche', '', NULL, 1, '23.000', '28.000', '21.74', '1', '2016-08-11 19:13:46'),
(1815, NULL, '8410190589551', 50, 4, 'Perfumado', 'Unidad', 'x200gr', NULL, 1, '0.000', '0.000', '15.00', '1', '2016-08-11 19:24:42'),
(1816, NULL, '7501046110287', 50, 7, 'Clasic', 'Unidad', 'x140gr', NULL, 1, '0.000', '0.000', '15.00', '1', '2016-08-11 19:27:39'),
(1817, NULL, '7909189023899', 59, 3, 'Naturals Flor de Cerezo', 'Unidad', 'x200ml', NULL, 1, '8.920', '15.000', '68.16', '1', '2016-08-12 08:54:47'),
(1818, NULL, '7909189015832', 59, 3, 'Men Active', 'Unidad', 'x200ml', NULL, 1, '13.420', '22.000', '63.93', '1', '2016-08-12 09:03:55'),
(1819, NULL, '7909189020621', 59, 3, 'Frozen Lavanda', 'Unidad', 'x300ml', NULL, 1, '11.920', '20.000', '67.79', '1', '2016-08-12 09:06:20'),
(1820, NULL, '7909189020607', 59, 3, 'Frozen Citrus', 'Unidad', 'x300ml', NULL, 1, '11.920', '20.000', '67.79', '1', '2016-08-12 09:58:58'),
(1821, NULL, '7899089487566', 59, 18, 'Adv Tech Argan & Camelia', 'Unidad', 'x90ml', NULL, 1, '19.900', '30.000', '50.75', '1', '2016-08-12 09:12:20'),
(1822, NULL, '7899089469210', 59, 154, 'Ideal Face Natural Beige', 'Unidad', 'x9gr', NULL, 1, '16.400', '25.000', '52.44', '1', '2016-08-12 09:19:58'),
(1823, NULL, '7899089469227', 59, 154, 'Ideal Face Nude', 'Unidad', 'x9gr', NULL, 1, '16.400', '25.000', '52.44', '1', '2016-08-12 09:20:05'),
(1824, NULL, '7899089469197', 59, 154, 'Ideal Face Arena', 'Unidad', 'x9gr', NULL, 1, '16.400', '25.000', '52.44', '1', '2016-08-12 09:21:00'),
(1825, NULL, '7909189026562', 59, 3, 'Barbie', 'Unidad', 'x150ml', NULL, 1, '9.900', '15.000', '51.52', '1', '2016-08-12 09:33:51'),
(1826, NULL, '7909189026746', 59, 9, 'Barbie', 'Unidad', 'x150gr', NULL, 1, '9.900', '15.000', '51.52', '1', '2016-08-12 09:35:26'),
(1827, NULL, '67323', 59, 3, 'Wild Country', 'Unidad', 'x150ml', NULL, 1, '6.900', '11.000', '59.42', '1', '2016-08-12 09:46:08'),
(1828, NULL, '7909189015023', 59, 169, 'FootWorks ', 'Unidad', 'x100ml', NULL, 1, '9.900', '13.500', '36.36', '1', '2016-08-12 09:50:47'),
(1829, NULL, '7899089492799', 59, 170, 'FootWorks ', 'Unidad', 'x90gr', NULL, 1, '0.000', '13.500', '15.00', '1', '2016-08-12 09:55:19'),
(1830, NULL, '7909189015054', 59, 171, 'FootWorks ', 'Unidad', 'x250ml', NULL, 1, '0.000', '0.000', '15.00', '1', '2016-08-12 09:58:24'),
(1831, NULL, '7752285018364', 67, 48, 'Creamidas Sh 350ml+200ml', 'Estuche', '', NULL, 1, '12.150', '16.000', '31.69', '1', '2016-08-12 10:09:55'),
(1832, NULL, '7752285023986', 67, 48, 'Liso Perfecto sh 350ml+Ac 350ml', 'Estuche', '', NULL, 1, '19.100', '24.000', '25.65', '1', '2016-08-12 10:18:40'),
(1833, NULL, '7752285023979', 67, 2, 'Recon Estr sh 350ml+Ac 350ml', 'Unidad', '', NULL, 1, '19.100', '24.000', '25.65', '1', '2016-08-12 10:20:25'),
(1834, NULL, '7752285025898', 67, 48, 'Negros Luminosos sh 350ml+Ac 350ml', 'Estuche', '', NULL, 1, '19.100', '24.000', '25.65', '1', '2016-08-12 10:25:53'),
(1835, NULL, '7752285024013', 67, 48, 'Rizos Obedientes sh 350ml+Ac 350ml', 'Estuche', '', NULL, 1, '19.100', '24.000', '25.65', '1', '2016-08-12 10:26:49'),
(1836, NULL, '7909189030170', 59, 3, 'Cards p/ niños', 'Unidad', 'x150ml', NULL, 1, '8.910', '14.000', '57.13', '1', '2016-08-12 10:32:33'),
(1837, NULL, '7899089487542', 59, 4, 'Exclusive', 'Unidad', 'x100gr', NULL, 1, '6.710', '10.000', '49.03', '1', '2016-08-12 10:41:17'),
(1838, NULL, '66226024', 59, 4, 'Wild Country', 'Unidad', 'x100gr', NULL, 1, '6.710', '10.000', '49.03', '1', '2016-08-12 10:41:59'),
(1839, NULL, '7909189022991', 59, 3, '300Km/h Full Spess Power', 'Unidad', 'x100ml', NULL, 1, '20.900', '35.000', '67.46', '1', '2016-08-12 10:51:26'),
(1840, NULL, '7909189022977', 59, 3, '300km/h Full Speed Intense', 'Unidad', 'x100ml', NULL, 1, '20.900', '35.000', '67.46', '1', '2016-08-12 10:52:16'),
(1841, NULL, '0005108', 55, 47, 'Base Liq Anti-Edad ', 'Unidad', 'x30gr', NULL, 1, '43.000', '48.000', '11.63', '1', '2016-08-12 11:00:38'),
(1842, NULL, '0003509', 55, 3, 'Eau-Vitale Lavanda', 'Unidad', 'x250ml', NULL, 1, '27.650', '45.000', '62.75', '1', '2016-08-12 11:19:37'),
(1843, NULL, '0011088', 55, 24, 'TotalBlock Kids SPF 70', 'Unidad', 'x110gr', NULL, 1, '39.900', '58.000', '45.36', '1', '2016-08-12 11:22:16'),
(1844, NULL, '0003701', 55, 31, 'Effective Original', 'Unidad', 'x50gr', NULL, 1, '9.030', '15.000', '66.11', '1', '2016-08-12 11:25:01'),
(1845, NULL, '0011025', 55, 31, 'Bio effective original', 'Unidad', 'x50gr', NULL, 1, '9.030', '15.000', '66.11', '1', '2016-08-12 11:26:42'),
(1846, NULL, '0011125', 55, 59, 'Hydra-Lip Rojo Abba', 'Unidad', 'x4gr', NULL, 1, '21.000', '30.000', '42.86', '1', '2016-08-12 11:32:18'),
(1847, NULL, '0011126', 55, 59, 'Hydra-Lip Rojo Disco', 'Unidad', 'x4gr', NULL, 1, '21.000', '30.000', '42.86', '1', '2016-08-12 11:34:26'),
(1848, NULL, '0004895', 55, 59, 'Hydra-Lip Tentacion ', 'Unidad', 'x4gr', NULL, 1, '18.900', '30.000', '58.73', '1', '2016-08-12 11:36:03'),
(1849, NULL, '0004900', 55, 59, 'Hydra-Lip Fucsia Peligrosa', 'Unidad', 'x4gr', NULL, 1, '18.900', '30.000', '58.73', '1', '2016-08-12 11:37:01'),
(1850, NULL, '0011035', 55, 59, 'Hydra-Lip Rosado Sirena FR', 'Unidad', '', NULL, 1, '18.900', '30.000', '58.73', '1', '2016-08-12 11:37:46'),
(1851, NULL, '0005145', 55, 3, 'Bio Fruit Granada', 'Unidad', 'x200ml', NULL, 1, '18.200', '30.000', '64.84', '1', '2016-08-12 11:44:30'),
(1852, NULL, '0005146', 55, 3, 'Bio Fruit Pera Manzana', 'Unidad', 'x200ml', NULL, 1, '18.200', '30.000', '64.84', '1', '2016-08-12 11:46:43'),
(1853, NULL, '', 113, 31, 'KAIAK masculino', 'Unidad', 'x75ml', NULL, 1, '16.030', '28.000', '74.67', '1', '2016-08-12 11:58:58'),
(1854, NULL, '7898548816633', 113, 172, 'Aquarela Cilios', 'Unidad', 'x12ml', NULL, 1, '21.000', '30.000', '42.86', '1', '2016-08-12 12:02:57'),
(1855, NULL, '7898548816756', 113, 173, 'Aquarela FPS 8 Beige Natural', 'Unidad', 'x12ml', NULL, 1, '21.280', '30.000', '40.98', '1', '2016-08-12 12:06:19'),
(1856, NULL, '7898548816800', 113, 155, 'Aquarela Beige Medio', 'Unidad', 'x25', NULL, 1, '21.280', '30.000', '40.98', '1', '2016-08-12 12:11:44'),
(1857, NULL, '7899563821237', 113, 2, 'Plant Limpieza Profunda', 'Sachet', 'x300ml', NULL, 1, '11.130', '18.800', '68.91', '1', '2016-08-12 12:43:07'),
(1858, NULL, '7899563251423', 113, 2, 'Curvas Envolventes', 'Sachet', 'x300ml', NULL, 1, '11.130', '18.800', '68.91', '1', '2016-08-12 12:47:36'),
(1859, NULL, '7899563821275', 113, 2, 'Plant Control de Oleosidad', 'Unidad', 'x300ml', NULL, 1, '11.130', '18.800', '68.91', '1', '2016-08-12 12:48:48'),
(1860, NULL, '7899563821527', 113, 2, 'Plant Color Vivo', 'Sachet', 'x300ml', NULL, 1, '11.130', '18.800', '68.91', '1', '2016-08-12 12:49:41'),
(1861, NULL, '7899563821473', 113, 2, 'Plant Brillo Y Suavidad', 'Sachet', 'x300ml', NULL, 1, '11.130', '18.800', '68.91', '1', '2016-08-12 12:50:55'),
(1862, NULL, '7702425544918', 217, 89, 'Normal Duo Ajustable', 'Unidad', 'x120und', NULL, 1, '0.000', '15.500', '15.00', '1', '2016-08-12 18:25:56');

-- --------------------------------------------------------

--
-- Estructura de tabla para la tabla `producto_en_ingreso`
--

CREATE TABLE IF NOT EXISTS `producto_en_ingreso` (
`id_producto_ingreso` int(11) NOT NULL,
  `id_producto` int(11) NOT NULL,
  `id_ingreso` int(11) NOT NULL,
  `cantidad` int(11) NOT NULL,
  `precio_costo` decimal(18,6) NOT NULL,
  `precio_venta` decimal(18,6) NOT NULL,
  `utilidad` decimal(18,2) NOT NULL
) ENGINE=InnoDB DEFAULT CHARSET=latin1 AUTO_INCREMENT=1 ;

-- --------------------------------------------------------

--
-- Estructura de tabla para la tabla `proveedor`
--

CREATE TABLE IF NOT EXISTS `proveedor` (
`id_proveedor` int(11) NOT NULL,
  `razon_social` varchar(100) NOT NULL,
  `ruc` varchar(11) NOT NULL,
  `direccion` varchar(50) NOT NULL,
  `telefono` varchar(15) NOT NULL,
  `estado` char(1) NOT NULL
) ENGINE=InnoDB  DEFAULT CHARSET=latin1 AUTO_INCREMENT=3 ;

--
-- Volcado de datos para la tabla `proveedor`
--

INSERT INTO `proveedor` (`id_proveedor`, `razon_social`, `ruc`, `direccion`, `telefono`, `estado`) VALUES
(1, 'Perufarma', '12345678901', 'Lima 315', '123456789', '1'),
(2, 'Difarlibs', '12345678902', 'Lima 345', '1235465789', '1');

-- --------------------------------------------------------

--
-- Estructura de tabla para la tabla `tipo_producto`
--

CREATE TABLE IF NOT EXISTS `tipo_producto` (
`id_tipo_producto` int(11) NOT NULL,
  `descripcion` varchar(100) NOT NULL,
  `abreviado` varchar(20) DEFAULT NULL,
  `estado` int(11) NOT NULL DEFAULT '1'
) ENGINE=InnoDB  DEFAULT CHARSET=latin1 AUTO_INCREMENT=174 ;

--
-- Volcado de datos para la tabla `tipo_producto`
--

INSERT INTO `tipo_producto` (`id_tipo_producto`, `descripcion`, `abreviado`, `estado`) VALUES
(1, 'None', 'None', 1),
(2, 'Shampoo', 'Shampoo', 1),
(3, 'Colonia', 'Colonia', 1),
(4, 'Talco', 'Talco', 1),
(5, 'Desodorante Spray', 'Deo Spray', 1),
(6, 'Antitranspirante', 'Antitrasp', 1),
(7, 'Jabon', 'Jabon', 1),
(8, 'Crema', 'Crema', 1),
(9, 'Crema Peinar', 'Crem Peinar', 1),
(10, 'Prestobarba', 'Prestobarba', 1),
(11, 'Jabon Liquido', 'Jabon Liq', 1),
(12, 'Crema Dental', 'Crem Dent', 1),
(13, 'Cepillo', 'Cepillo', 1),
(14, 'Hilo Dental', 'HD', 1),
(15, 'Tetina', 'Tetina', 1),
(16, 'Biberon', 'Biberon', 1),
(17, 'Paños Humedos', 'Pañ Hum', 1),
(18, 'Aceite', 'Aceite', 1),
(19, 'Papel Higienico', 'Papel Hig', 1),
(20, 'Acondicionador', 'Acondicionador', 1),
(21, 'Tinte', 'Tinte', 1),
(22, 'Pila', 'Pila', 1),
(23, 'Bateria', 'Bateria', 1),
(24, 'Bloqueador Solar', 'Bloq Solar', 1),
(25, 'Curita', 'Curita', 1),
(26, 'Pañal', 'Pañal', 1),
(27, 'Polvo Decolorante', 'Polvo Dec', 1),
(28, 'Desod Antitrans Spray', 'Deo Ant Spray', 1),
(29, 'Desodorante Barra', 'Deo Barra', 1),
(30, 'Desodorante Gel', 'Deo Gel', 1),
(31, 'Desodorante Roll On', 'Deo Roll on', 1),
(32, 'Parche Arnica', 'Parche Arnica', 1),
(33, 'Crema Facial', 'Crema Facial', 1),
(34, 'Desodorante Sachet', 'Deo Sachet', 1),
(35, 'Gel Facial', 'Gel Facial', 1),
(36, 'Tonico Facial', 'Tonico Facial', 1),
(37, 'Est Crema Dental + Cepillo', 'Est CD + Cep', 1),
(38, 'Enguaje Bucal', 'Enguaje Bucal', 1),
(39, 'Crema Depiladora', 'Crema Depiladora', 1),
(40, 'Locion', 'Locion', 1),
(41, 'Unguento', 'Unguento', 1),
(42, 'Spray Bucal', 'Spray bucal', 1),
(43, 'Set Talco', 'Set Talco', 1),
(44, 'Est Talc+deo Pie Spray', 'Est Talco + Deo spra', 1),
(45, 'Oxigenta', 'Oxigenta', 1),
(46, 'Gel Para Cabello', 'Gel Cabello', 1),
(47, 'Elixir Aceite', 'Elixir Aceite', 1),
(48, 'Est Shampo + Acond', 'Est Shampo + Acond', 1),
(49, 'Reacondicionador', 'Reacondicionador', 1),
(50, 'Est Shamp+loc Cap', 'Est Sh + Locion Cap', 1),
(51, 'Est Shampo + Amp', 'Est Shampo + amp', 1),
(52, 'Locion Capilar', 'Locion Capilar', 1),
(53, 'Gel De Baño', 'Gel Baño', 1),
(54, 'Anillo Vibrador', 'Anillo Vibrador', 1),
(55, 'Condon', 'Condon', 1),
(56, 'Jabon Glicerina', 'Jabon Glicerina', 1),
(57, 'Arete', 'Arete', 1),
(58, 'Delineador Ojos', 'Delineador Ojos', 1),
(59, 'Lapiz Labial', 'Lapiz Labial', 1),
(60, 'Cartera', 'Cartera', 1),
(61, 'Colonia Mini', 'Colonia Mini', 1),
(62, 'Crema Cabello', 'Crema Cabello', 1),
(63, 'Fijador Neutralizante', 'Fijador Neutralizant', 1),
(64, 'Protector De Cama', 'Protector de Cama', 1),
(65, 'Solucion Bucal', 'Solucion Bucal', 1),
(66, 'Antiseptico Bucal', 'Antiseptico Bucal', 1),
(67, 'Humectante Labial', 'Humectante Labial', 1),
(68, 'Gel De Afeitar', 'Gel de Afeitar', 1),
(69, 'Brillantina', 'Brillantina', 1),
(70, 'Alcohol En Gel', 'Alcohol en Gel', 1),
(71, 'Instrumentos Pedicure', 'Inst Pedicure', 1),
(72, 'Locion Corporal', 'Locion Corporal', 1),
(73, 'Rubor Compacto', 'Rubor compacto', 1),
(74, 'Betun Liquido', 'Betun liquido', 1),
(75, 'Repelente Liquido', 'Repelente Liquido', 1),
(76, 'Pastillas Repelente', 'Pastillas Repelente', 1),
(77, 'Mascara Facial', 'Mascara Facial', 1),
(78, 'Probadora Esmaltes', 'Probadora Esmaltes', 1),
(79, 'Maquillaje Antiacne', 'Maquillaje antiacne', 1),
(80, 'Polvo Compacto', 'Polvo Compacto', 1),
(81, 'Toallas Humedas', 'Toallas Humedas', 1),
(82, 'Papel Hig Humedo', 'Papel Hig Humedo', 1),
(83, 'Esponja De Baño', 'Esponja de Baño', 1),
(84, 'Alicate Cortauña', 'Alicate cortauña', 1),
(85, 'Peine', 'Peine', 1),
(86, 'Tijera Cortauña', 'Tijera Cortauña', 1),
(87, 'Set Maquillaje', 'Set Maquillaje', 1),
(88, 'Quitaesmalte', 'QuitaEsmalte', 1),
(89, 'Toalla Higienica', 'Toalla Higienica', 1),
(90, 'Tampones', 'Tampones', 1),
(91, 'Hisopos', 'Hisopos', 1),
(92, 'Locion Antiarrugas', 'Locion Antiarrugas', 1),
(93, 'Desodorante Crema', 'Desodorante Crema', 1),
(94, 'Jabon Intimo', 'Jabon Intimo', 1),
(95, 'Lubricante', 'Lubricante', 1),
(96, 'Gel Termico', 'Gel Termico', 1),
(97, 'Bandas Depilatorias', 'Bandas Depilatorias', 1),
(98, 'Mousse Depilatorio', 'Mousse Depilatorio', 1),
(99, 'Laca Cabello', 'Laca Cabello', 1),
(100, 'Mousse Cabello', 'Mousse Cabello', 1),
(101, 'Est Shamp+sh+talco', 'Est Shamp+Sh+Talco', 1),
(102, 'Protector Lactancia', 'Protector Lactancia', 1),
(103, 'Est Shamp+talco', 'Est Shamp+Talco', 1),
(104, 'Est Col+talc+jab', 'Est Col+Talc+Jab', 1),
(105, 'Est Sh+talco+jab', 'Est Sh+Talco+Jab', 1),
(106, 'Est Col+sham', 'Est Col+Sham', 1),
(107, 'Crema Corporal', 'Crema Corporal', 1),
(108, 'Est Col+deo', 'Est Col+Deo', 1),
(109, 'Est Deo+gel Baño', 'Est Deo+Gel Baño', 1),
(110, 'Est Col+loc Afeit', 'Est Col+Loc Afeit', 1),
(111, 'Est Col+esp Afeit', 'Est Col+Esp Afeit', 1),
(112, 'Est Col+jabon', 'Est Col+Jabon', 1),
(113, 'Est Deo+ Esp Afei', 'Est Deo+ Esp Afei', 1),
(114, 'Est Esp Afei+ Loc Afeitar', 'Est Esp Afei+ Loc Af', 1),
(115, 'Pomada', 'Pomada', 1),
(116, 'Polvo Oral', 'Polvo Oral', 1),
(117, 'Pasta', 'Pasta', 1),
(118, 'Est Ace+col+jb+sh+talc', 'Est Ace+col+jb+sh+ta', 1),
(119, 'Est Col+talco', 'Est Col+Talco', 1),
(120, 'Est Crema+gel+locion', 'Est Crema+Gel+Locion', 1),
(121, 'Espuma De Afeitar', 'Espuma de Afeitar', 1),
(122, 'Balsamo De Afeitar', 'Balsamo de Afeitar', 1),
(123, 'Est Bals Afei + Esp Afei', 'Est Bals Afei + Esp ', 1),
(124, 'Ambientador', 'Ambientador', 1),
(125, 'Insecticida', 'Insecticida', 1),
(126, 'Est Deo+ Gel Afei', 'Est Deo+ Gel Afei', 1),
(127, 'Talco Spray', 'Talco Spray', 1),
(128, 'Tratamiento Capilar', 'Tratamiento Capilar', 1),
(129, 'Spray Para Peinar', 'Spray para peinar', 1),
(130, 'Espuma Mod Cabello', 'Espuma mod cabello', 1),
(131, 'Linterna Y Llavero', 'Linterna y LLavero', 1),
(132, 'Est Cremas', 'Est cremas', 1),
(133, 'Gel Exfoliante', 'Gel Exfoliante', 1),
(134, 'Est Col+crem+gel', 'Est Col+Crem+Gel', 1),
(135, 'Escobilla', 'Escobilla', 1),
(136, 'Chupon', 'Chupon', 1),
(137, 'Mordedor', 'Mordedor', 1),
(138, 'Peine', 'Peine', 1),
(139, 'Set Manicure', 'Set Manicure', 1),
(140, 'Est Cepillo + Peine', 'Est Cepillo + Peine', 1),
(141, 'Sonaja', 'Sonaja', 1),
(142, 'Linterna', 'Linterna', 1),
(143, 'Set Para Bebe', 'Set para bebe', 1),
(144, 'Set Jabon', 'Set Jabon', 1),
(145, 'Est Colonias', 'Est colonias', 1),
(146, 'Polvo Luminoso', 'Polvo luminoso', 1),
(147, 'Set Spa', 'Set Spa', 1),
(148, 'Set Cuida Piel', 'Set cuida piel', 1),
(149, 'Set Cosmeticos', 'Set cosmeticos', 1),
(150, 'Valvula', 'Valvula', 1),
(151, 'Papel Toalla', 'Papel Toalla', 1),
(152, 'Unidad', 'Unid.', 1),
(153, 'Base En Crema', 'Base en crema', 1),
(154, 'Base En Polvo', 'Base en polvo', 1),
(155, 'Maquillaje En Crema', 'Maquillaje en crema', 1),
(156, 'Bodyspray', 'bodyspray', 1),
(157, 'Gel Topico', 'Gel Topico', 1),
(158, 'Shampo Sachet', 'Sh Sachet', 1),
(159, 'Estuche', 'Estuche', 1),
(160, 'Set Colonia', 'Set Col', 1),
(161, 'Set Deo', 'Set Deo', 1),
(162, 'Est sh y jb', 'Est sh y jb', 1),
(163, 'Desenredante', 'Desenredante', 1),
(164, 'Tomatodo', 'Tomatodo', 1),
(165, 'Vaso entrenador', 'Vaso entrenador', 1),
(166, 'Rimmel', 'Rimmel', 1),
(167, 'Sombras', 'Sombras', 1),
(168, 'Esmalte', 'Esmalte', 1),
(169, 'Deo Pie Spray', 'Deo Pie Spray', 1),
(170, 'Crema Pies', 'Crema Pies', 1),
(171, 'Locion Pies', 'Loc Pies', 1),
(172, 'Mascara Pestaña', 'Mascara Pestaña', 1),
(173, 'Base Liquida', 'Base Liquida', 1);

-- --------------------------------------------------------

--
-- Estructura de tabla para la tabla `usuario`
--

CREATE TABLE IF NOT EXISTS `usuario` (
`id_usuario` int(11) NOT NULL,
  `name` varchar(30) NOT NULL,
  `password` varchar(50) NOT NULL
) ENGINE=InnoDB DEFAULT CHARSET=latin1 AUTO_INCREMENT=1 ;

--
-- Índices para tablas volcadas
--

--
-- Indices de la tabla `detalle_inventario`
--
ALTER TABLE `detalle_inventario`
 ADD PRIMARY KEY (`perinv_id`), ADD KEY `inv_id` (`inv_id`), ADD KEY `per_id` (`per_id`), ADD KEY `pro_id` (`pro_id`);

--
-- Indices de la tabla `ingreso`
--
ALTER TABLE `ingreso`
 ADD PRIMARY KEY (`id_ingreso`), ADD KEY `id_proveedor` (`id_proveedor`);

--
-- Indices de la tabla `inventario`
--
ALTER TABLE `inventario`
 ADD PRIMARY KEY (`inv_id`);

--
-- Indices de la tabla `marca`
--
ALTER TABLE `marca`
 ADD PRIMARY KEY (`id_marca`);

--
-- Indices de la tabla `personal`
--
ALTER TABLE `personal`
 ADD PRIMARY KEY (`per_id`);

--
-- Indices de la tabla `producto`
--
ALTER TABLE `producto`
 ADD PRIMARY KEY (`id_producto`), ADD UNIQUE KEY `codigo_producto` (`codigo_producto`,`codigo_barra`), ADD KEY `id_marca` (`id_marca`), ADD KEY `id_tipo_producto` (`id_tipo_producto`);

--
-- Indices de la tabla `producto_en_ingreso`
--
ALTER TABLE `producto_en_ingreso`
 ADD PRIMARY KEY (`id_producto_ingreso`), ADD KEY `id_producto` (`id_producto`), ADD KEY `id_ingreso` (`id_ingreso`);

--
-- Indices de la tabla `proveedor`
--
ALTER TABLE `proveedor`
 ADD PRIMARY KEY (`id_proveedor`);

--
-- Indices de la tabla `tipo_producto`
--
ALTER TABLE `tipo_producto`
 ADD PRIMARY KEY (`id_tipo_producto`);

--
-- Indices de la tabla `usuario`
--
ALTER TABLE `usuario`
 ADD PRIMARY KEY (`id_usuario`);

--
-- AUTO_INCREMENT de las tablas volcadas
--

--
-- AUTO_INCREMENT de la tabla `detalle_inventario`
--
ALTER TABLE `detalle_inventario`
MODIFY `perinv_id` int(11) NOT NULL AUTO_INCREMENT,AUTO_INCREMENT=2;
--
-- AUTO_INCREMENT de la tabla `ingreso`
--
ALTER TABLE `ingreso`
MODIFY `id_ingreso` int(11) NOT NULL AUTO_INCREMENT;
--
-- AUTO_INCREMENT de la tabla `inventario`
--
ALTER TABLE `inventario`
MODIFY `inv_id` int(11) NOT NULL AUTO_INCREMENT,AUTO_INCREMENT=6;
--
-- AUTO_INCREMENT de la tabla `marca`
--
ALTER TABLE `marca`
MODIFY `id_marca` int(11) NOT NULL AUTO_INCREMENT,AUTO_INCREMENT=218;
--
-- AUTO_INCREMENT de la tabla `personal`
--
ALTER TABLE `personal`
MODIFY `per_id` int(11) NOT NULL AUTO_INCREMENT,AUTO_INCREMENT=3;
--
-- AUTO_INCREMENT de la tabla `producto`
--
ALTER TABLE `producto`
MODIFY `id_producto` int(11) NOT NULL AUTO_INCREMENT,AUTO_INCREMENT=1863;
--
-- AUTO_INCREMENT de la tabla `producto_en_ingreso`
--
ALTER TABLE `producto_en_ingreso`
MODIFY `id_producto_ingreso` int(11) NOT NULL AUTO_INCREMENT;
--
-- AUTO_INCREMENT de la tabla `proveedor`
--
ALTER TABLE `proveedor`
MODIFY `id_proveedor` int(11) NOT NULL AUTO_INCREMENT,AUTO_INCREMENT=3;
--
-- AUTO_INCREMENT de la tabla `tipo_producto`
--
ALTER TABLE `tipo_producto`
MODIFY `id_tipo_producto` int(11) NOT NULL AUTO_INCREMENT,AUTO_INCREMENT=174;
--
-- AUTO_INCREMENT de la tabla `usuario`
--
ALTER TABLE `usuario`
MODIFY `id_usuario` int(11) NOT NULL AUTO_INCREMENT;
--
-- Restricciones para tablas volcadas
--

--
-- Filtros para la tabla `detalle_inventario`
--
ALTER TABLE `detalle_inventario`
ADD CONSTRAINT `detalle_inventario_ibfk_1` FOREIGN KEY (`inv_id`) REFERENCES `inventario` (`inv_id`) ON DELETE NO ACTION ON UPDATE NO ACTION,
ADD CONSTRAINT `detalle_inventario_ibfk_2` FOREIGN KEY (`per_id`) REFERENCES `personal` (`per_id`) ON DELETE NO ACTION ON UPDATE NO ACTION,
ADD CONSTRAINT `detalle_inventario_ibfk_3` FOREIGN KEY (`pro_id`) REFERENCES `producto` (`id_producto`) ON DELETE NO ACTION ON UPDATE NO ACTION;

--
-- Filtros para la tabla `ingreso`
--
ALTER TABLE `ingreso`
ADD CONSTRAINT `ingreso_ibfk_1` FOREIGN KEY (`id_proveedor`) REFERENCES `proveedor` (`id_proveedor`);

--
-- Filtros para la tabla `producto`
--
ALTER TABLE `producto`
ADD CONSTRAINT `producto_ibfk_1` FOREIGN KEY (`id_marca`) REFERENCES `marca` (`id_marca`),
ADD CONSTRAINT `producto_ibfk_2` FOREIGN KEY (`id_tipo_producto`) REFERENCES `tipo_producto` (`id_tipo_producto`);

--
-- Filtros para la tabla `producto_en_ingreso`
--
ALTER TABLE `producto_en_ingreso`
ADD CONSTRAINT `producto_en_ingreso_ibfk_1` FOREIGN KEY (`id_producto`) REFERENCES `producto` (`id_producto`),
ADD CONSTRAINT `producto_en_ingreso_ibfk_2` FOREIGN KEY (`id_ingreso`) REFERENCES `ingreso` (`id_ingreso`);

/*!40101 SET CHARACTER_SET_CLIENT=@OLD_CHARACTER_SET_CLIENT */;
/*!40101 SET CHARACTER_SET_RESULTS=@OLD_CHARACTER_SET_RESULTS */;
/*!40101 SET COLLATION_CONNECTION=@OLD_COLLATION_CONNECTION */;
