-- phpMyAdmin SQL Dump
-- version 4.2.7.1
-- http://www.phpmyadmin.net
--
-- Servidor: 127.0.0.1
-- Tiempo de generación: 04-06-2016 a las 17:03:18
-- Versión del servidor: 5.5.39
-- Versión de PHP: 5.4.31

SET SQL_MODE = "NO_AUTO_VALUE_ON_ZERO";
SET time_zone = "+00:00";


/*!40101 SET @OLD_CHARACTER_SET_CLIENT=@@CHARACTER_SET_CLIENT */;
/*!40101 SET @OLD_CHARACTER_SET_RESULTS=@@CHARACTER_SET_RESULTS */;
/*!40101 SET @OLD_COLLATION_CONNECTION=@@COLLATION_CONNECTION */;
/*!40101 SET NAMES utf8 */;

--
-- Base de datos: `el_milagro`
--

-- --------------------------------------------------------

--
-- Estructura de tabla para la tabla `ingreso`
--

CREATE TABLE IF NOT EXISTS `ingreso` (
`id_ingreso` int(11) NOT NULL,
  `id_proveedor` int(11) NOT NULL,
  `numero_factura` varchar(20) NOT NULL,
  `fecha_emision` date NOT NULL,
  `fecha_actual` date NOT NULL,
  `fecha_vencimiento` date DEFAULT NULL,
  `subtotal` decimal(18,2) NOT NULL,
  `igv` decimal(18,2) NOT NULL,
  `estado` char(1) NOT NULL
) ENGINE=InnoDB DEFAULT CHARSET=latin1 AUTO_INCREMENT=1 ;

-- --------------------------------------------------------

--
-- Estructura de tabla para la tabla `marca`
--

CREATE TABLE IF NOT EXISTS `marca` (
`id_marca` int(11) NOT NULL,
  `descripcion` varchar(100) NOT NULL,
  `abreviatura` varchar(20) DEFAULT NULL
) ENGINE=InnoDB  DEFAULT CHARSET=latin1 AUTO_INCREMENT=194 ;

--
-- Volcado de datos para la tabla `marca`
--

INSERT INTO `marca` (`id_marca`, `descripcion`, `abreviatura`) VALUES
(1, 'Schick', 'Schick'),
(2, 'Hansaplast', 'Hansaplast'),
(3, 'Eucerin', 'Eucerin'),
(4, 'Nivea', 'Nivea'),
(5, 'Head & Shoulders', 'H&S'),
(6, 'Johnson Baby', 'Johnson'),
(7, 'Pantene', 'Pantene'),
(8, 'Gillette', 'Gillette'),
(9, 'Aquafresh', 'Aquafresh'),
(10, 'Colgate', 'Colgate'),
(11, 'Igora', 'Igora'),
(12, 'Koleston', 'Koleston'),
(13, 'Garnier', 'Garnier'),
(14, 'Palette', 'Palette'),
(15, 'Oral B', 'Oral B'),
(16, 'Asepxia', 'Asepxia'),
(17, 'Heno de Pravia', 'HDP'),
(18, 'Nosotras', 'Nosotras'),
(19, 'Suave', 'Suave'),
(20, 'Colt II', 'Colt II'),
(21, 'Pampers', 'Pampers'),
(22, 'Huggies', 'Huggies'),
(23, 'Ninet', 'Ninet'),
(24, 'Neopan', 'Neopan'),
(25, 'Tuinies', 'Tuinies'),
(26, 'Banana Boat', 'Banana Boat'),
(27, 'Bahia Solar', 'Bahia Solar'),
(28, 'Prudential', 'Prudential'),
(29, 'Plenitud', 'Plenitud'),
(30, 'Tena', 'Tena'),
(31, 'Panolini', 'Panolini'),
(32, 'None', 'None'),
(33, 'Energizer', 'Energizer'),
(34, 'Adidas', 'Adidas'),
(35, 'Kolynos', 'Kolynos'),
(36, 'Protex', 'Protex'),
(37, 'Speed Stick', 'Speed Stick'),
(38, 'Lady Speed stick', 'Lady Speed S'),
(39, 'Depile', 'Depile'),
(40, 'Buk-Al', 'Buk-Al'),
(41, 'Isana', 'Isana'),
(42, 'Spring Flowers', 'Spring Flowers'),
(43, 'Viale', 'Viale'),
(44, 'Taft', 'Taft'),
(45, 'Konzil', 'Konzil'),
(46, 'Schwarzkopf', 'Schwarzkopf'),
(47, 'Bonawell', 'Bonawell'),
(48, 'Fa', 'Fa'),
(49, 'Pert', 'Pert'),
(50, 'Maja', 'Maja'),
(51, 'Ricitos de Oro', 'Ricitos de Oro'),
(52, 'Grisi', 'Grisi'),
(53, 'Durex', 'Durex'),
(54, 'Glici', 'Glici'),
(55, 'Unique', 'Unique'),
(56, 'Esika', 'Esika'),
(57, 'Cyzone', 'Cyzone'),
(58, 'LBel', 'LBel'),
(59, 'Avon', 'Avon'),
(60, 'Lanosterin', 'Lanosterin'),
(61, 'Savital', 'Savital'),
(62, 'Syoss', 'Syoss'),
(63, 'Recamier', 'Recamier'),
(64, 'Infusium23', 'Infusium23'),
(65, 'Bel Natur', 'Bel Natur'),
(66, 'Oriflame', 'Oriflame'),
(67, 'Sedal', 'Sedal'),
(68, 'Clear', 'Clear'),
(69, 'Tio Nacho', 'Tio Nacho'),
(70, 'Kativa', 'Kativa'),
(71, 'Loreal Paris', 'Loreal Paris'),
(72, 'Medicasp', 'Medicasp'),
(73, 'Dove', 'Dove'),
(74, 'Herbal Essences', 'Herbal Essences'),
(75, 'Listerine', 'Listerine'),
(76, 'Dentodex', 'Dentodex'),
(77, 'Ego', 'Ego'),
(78, 'Portugal', 'Portugal'),
(79, 'Reuter', 'Reuter'),
(80, 'Puro Clean', 'Puro Clean'),
(81, 'Tetina', 'Tetina'),
(82, 'PRO', 'PRO'),
(83, 'San-A', 'San-A'),
(84, 'Zinger', 'Zinger'),
(85, 'Issue', 'Issue'),
(86, 'Griffin', 'Griffin'),
(87, 'Raid', 'Raid'),
(88, 'Duracell', 'Duracell'),
(89, 'Golden Bio', 'Golden Bio'),
(90, 'BeauuGreen', 'BeauuGreen'),
(91, 'Ponds', 'Ponds'),
(92, 'Angelito', 'Angelito'),
(93, 'Fancy Baby', 'Fancy Baby'),
(94, 'Hipoglos', 'Hipoglos'),
(95, 'Pompi Fresh', 'Pompi Fresh'),
(96, 'Nexcare', 'Nexcare'),
(97, 'Granbell', 'Granbell'),
(98, 'Drei Schwerter', 'Drei Schwerter'),
(99, 'Artmatic', 'Artmatic'),
(100, 'Nerissa', 'Nerissa'),
(101, 'Cutex', 'Cutex'),
(102, 'Barry''s', 'Barry''s'),
(103, 'Always', 'Always'),
(104, 'Carefree', 'Carefree'),
(105, 'ZZZcudo', 'ZZZcudo'),
(106, 'Dr. Zaidman', 'Dr. Zaidman'),
(107, 'Out!', 'Out!'),
(108, 'OFF!', 'OFF!'),
(109, 'VO5', 'VO5'),
(110, 'Coppon', 'Coppon'),
(111, 'Klenex', 'Klenex'),
(112, 'Acnomel', 'Acnomel'),
(113, 'Natura', 'Natura'),
(114, 'Stayfree', 'Stayfree'),
(115, 'Etiquet', 'Etiquet'),
(116, 'Aval', 'Aval'),
(117, 'Lactacyd', 'Lactacyd'),
(118, 'Intima', 'Intima'),
(119, 'Love-lub', 'Love-lub'),
(120, 'Women Active', 'Women Active'),
(121, 'Nico Musse', 'Nico Musse'),
(122, 'Siluet 40', 'Siluet 40'),
(123, 'Veet', 'Veet'),
(124, 'Ammens', 'Ammens'),
(125, 'Perfect Purity', 'Perfect Purity'),
(126, 'Crevani', 'Crevani'),
(127, 'Royal Regiment', 'Royal Regiment'),
(128, 'Antonio Banderas', 'Antonio Banderas'),
(129, 'Brut', 'Brut'),
(130, 'Varon Dandy', 'Varon Dandy'),
(131, 'Coquito', 'Coquito'),
(132, 'Algabo', 'Algabo'),
(133, 'Rexona', 'Rexona'),
(134, 'Aquarius', 'Aquarius'),
(135, 'Shakira', 'Shakira'),
(136, 'Royal Platinum', 'Royal Platinum'),
(137, 'Dento', 'Dento'),
(138, 'Secret', 'Secret'),
(139, 'Sapolio', 'Sapolio'),
(140, 'Baygon', 'Baygon'),
(141, 'Impulse', 'Impulse'),
(142, 'Axe', 'Axe'),
(143, 'Old Spice', 'Old Spice'),
(144, 'Umbro', 'Umbro'),
(145, 'Lifebuoy', 'Lifebuoy'),
(146, 'Air Wick', 'Air Wick'),
(147, 'Remy', 'Remy'),
(148, 'Hinds', 'Hinds'),
(149, 'Eveready', 'Eveready'),
(150, 'Maxi maternity', 'Maxi maternity'),
(151, 'Dentifresh', 'Dentifresh'),
(152, 'Vasenol', 'Vasenol'),
(153, 'Kabu', 'Kabu'),
(154, 'Ramillete de Novia', 'Ramillete de Novia'),
(155, 'Drowa', 'Drowa'),
(156, 'Sensual Beauty', 'Sensual Beauty'),
(157, 'Ñuby', 'Ñuby'),
(158, 'Solo', 'Solo'),
(159, 'Hello Kitty', 'Hello Kitty'),
(160, 'Santolee', 'Santolee'),
(161, 'Heng Da', 'Heng Da'),
(162, 'BlackSmith', 'BlackSmith'),
(163, 'Animal Rattles', 'Animal Rattles'),
(164, 'Apple Baby', 'Apple Baby'),
(165, 'Baby Rattle Set', 'Baby Rattle Set'),
(166, 'Yardley', 'Yardley'),
(167, 'PynS', 'PynS'),
(168, 'Spring Fresh', 'Spring Fresh'),
(169, 'Bimbi', 'Bimbi'),
(170, 'PortugalSpa', 'PortugalSpa'),
(171, 'Cussons', 'Cussons'),
(172, 'JeanNate', 'JeanNate'),
(173, 'Loreal Kids', 'Loreal Kids'),
(174, 'St. Ives', 'St. Ives'),
(175, 'Neko', 'Neko'),
(176, 'Dr. Kaufmann', 'Dr. Kaufmann'),
(177, 'Elite', 'Elite'),
(178, 'Safeguard', 'Safeguard'),
(179, 'Lux', 'Lux'),
(180, 'Camay', 'Camay'),
(181, 'Palmolive', 'Palmolive'),
(182, 'Dermex', 'Dermex'),
(183, 'Clyo', 'Clyo'),
(184, 'Reflex', 'Reflex'),
(185, 'Visa', 'Visa'),
(186, 'Oral Fresh', 'Oral Fresh'),
(187, 'Sensodyne', 'Sensodyne'),
(188, 'Johnson', 'Johnson'),
(189, 'Matazum', 'Matazum'),
(190, 'THINSO', 'THINSO'),
(191, 'Cover', 'Cover'),
(192, 'Premier', 'Premier'),
(193, 'GenomaLab', 'GenomaLab');

-- --------------------------------------------------------

--
-- Estructura de tabla para la tabla `producto`
--

CREATE TABLE IF NOT EXISTS `producto` (
`id_producto` int(11) NOT NULL,
  `codigo_producto` varchar(10) DEFAULT NULL,
  `codigo_barra` varchar(30) DEFAULT NULL,
  `id_marca` int(11) NOT NULL,
  `id_tipo_producto` int(11) NOT NULL,
  `descripcion` varchar(50) DEFAULT NULL,
  `presentacion` varchar(30) DEFAULT NULL,
  `contenido` varchar(10) DEFAULT NULL,
  `unidad_medida` varchar(15) DEFAULT NULL,
  `fraccion` int(11) NOT NULL,
  `ult_precio_compra` decimal(18,3) DEFAULT NULL,
  `ult_precio_venta` decimal(18,3) DEFAULT NULL,
  `utilidad` decimal(18,2) DEFAULT NULL,
  `estado` char(1) NOT NULL,
  `ult_modificacion` date DEFAULT NULL
) ENGINE=InnoDB  DEFAULT CHARSET=latin1 AUTO_INCREMENT=1341 ;

--
-- Volcado de datos para la tabla `producto`
--

INSERT INTO `producto` (`id_producto`, `codigo_producto`, `codigo_barra`, `id_marca`, `id_tipo_producto`, `descripcion`, `presentacion`, `contenido`, `unidad_medida`, `fraccion`, `ult_precio_compra`, `ult_precio_venta`, `utilidad`, `estado`, `ult_modificacion`) VALUES
(1, NULL, '039800015464', 33, 22, 'Max Aa2', 'Unidad', '', NULL, 1, '3.190', '3.670', '15.00', '1', '2016-02-12'),
(2, NULL, '039800011329', 33, 22, 'Max Aa4', 'Unidad', '', NULL, 1, '7.170', '8.250', '15.00', '1', '2016-02-12'),
(3, NULL, '079656546255', 26, 24, 'Ultra Defense fps50', 'Unidad', 'x236ml', NULL, 1, '27.920', '32.110', '15.00', '1', '2016-02-12'),
(4, NULL, '079656549812', 26, 24, 'Ultra Defense fps50', 'Unidad', 'x118ml', NULL, 1, '15.910', '18.300', '15.00', '1', '2016-02-12'),
(5, NULL, '079656550559', 26, 24, 'Ultra Defense fps50', 'Unidad', 'x60ml', NULL, 1, '6.320', '7.270', '15.00', '1', '2016-02-12'),
(6, NULL, '7702045402476', 11, 27, 'Blonde de 10gr', 'Caja', 'x12sachet', NULL, 12, '21.227', '24.500', '15.42', '1', '2016-04-05'),
(7, NULL, '', 14, 21, 'Color Cream Duo +OX', 'Unidad', '', NULL, 1, '11.820', '13.900', '17.60', '1', '2016-04-05'),
(8, NULL, '75920036', 1, 10, 'Exacta II Piel Sensible', 'Tira', 'x24und', NULL, 24, '48.660', '58.880', '21.00', '1', '2016-02-17'),
(9, NULL, '75920135', 1, 10, 'Exacta II Piel Normal', 'Tira', 'x24und', NULL, 24, '48.660', '58.880', '21.00', '1', '2016-02-17'),
(10, NULL, '75920557', 1, 10, 'Exacta II Piel Delicada', 'Tira', 'x24und', NULL, 24, '48.660', '55.960', '15.00', '1', '2016-02-12'),
(11, NULL, '7591066701015', 1, 10, 'Xtreme3 Piel Sensible', 'Tira', 'x24und', NULL, 24, '68.210', '83.900', '23.00', '1', '2016-02-17'),
(12, NULL, '7591066711014', 1, 10, 'Xtreme3 Hawaiian Tropic', 'Tira', 'x24und', NULL, 24, '68.210', '83.900', '23.00', '1', '2016-02-17'),
(13, NULL, '4891228530136', 1, 10, 'Quattro4 Titanium 4hjs', 'Tira', 'x8und', NULL, 8, '22.710', '31.570', '39.00', '1', '2016-02-17'),
(14, NULL, '3607345265704', 34, 5, 'Dynamyc Pulse', 'Unidad', 'x150ml', NULL, 1, '10.300', '12.000', '16.50', '1', '2016-04-05'),
(15, NULL, '3607349687472', 34, 28, 'Fresh Cool&Dry 48h', 'Unidad', 'x150ml', NULL, 1, '11.030', '12.680', '15.00', '1', '2016-02-12'),
(16, NULL, '3607349685188', 34, 28, 'Ice Effect Cool&Dry 48h', 'Unidad', 'x150ml', NULL, 1, '11.030', '12.700', '15.14', '1', '2016-04-05'),
(17, NULL, '3607343088015', 34, 28, 'Intensive Cool&dry 72h', 'Unidad', 'x150ml', NULL, 1, '11.030', '12.680', '15.00', '1', '2016-02-12'),
(18, NULL, '3607345266190', 34, 5, 'IceDive', 'Unidad', 'x150ml', NULL, 1, '10.230', '11.760', '15.00', '1', '2016-02-12'),
(19, NULL, '7501057500442', 17, 3, 'Original', 'Unidad', 'x750ml', NULL, 1, '25.800', '29.670', '15.00', '1', '2016-02-12'),
(20, NULL, '8410225507475', 17, 3, 'Agua de Colonia Original', 'Unidad', 'x1lt', NULL, 1, '29.720', '34.180', '15.00', '1', '2016-05-26'),
(21, NULL, '7702538130855', 17, 7, 'Crema Hidratante', 'Unidad', 'x85gr', NULL, 1, '1.880', '2.160', '15.00', '1', '2016-02-12'),
(22, NULL, '8410225005568', 17, 7, 'Crema Hidratante', 'Unidad', 'x150gr', NULL, 1, '2.850', '3.500', '22.81', '1', '2016-03-15'),
(23, NULL, '8410225005551', 17, 7, 'Original', 'Unidad', 'x85gr', NULL, 1, '1.880', '2.160', '15.00', '1', '2016-02-12'),
(24, NULL, '7702538110857', 17, 7, 'Antibacteriano', 'Unidad', 'x85gr', NULL, 1, '1.880', '2.160', '15.00', '1', '2016-02-12'),
(25, NULL, '7702538121501', 17, 7, 'Original', 'Unidad', 'x150gr', NULL, 1, '2.850', '3.500', '22.81', '1', '2016-03-15'),
(26, NULL, '8410225521587', 17, 7, 'Acariciar la Primav', 'Unidad', 'x150gr', NULL, 1, '2.850', '3.500', '22.81', '1', '2016-03-15'),
(27, NULL, '8410225521570', 17, 7, 'Amanecer en el Campo', 'Unidad', 'x150gr', NULL, 1, '2.850', '3.500', '22.81', '1', '2016-03-15'),
(28, NULL, '4005800021268', 3, 11, 'Higiene Intima', 'Unidad', 'x250ml', NULL, 1, '27.330', '31.430', '15.00', '1', '2016-02-12'),
(29, NULL, '4005800086380', 3, 7, 'Ph5 Syndet', 'Unidad', 'x100gr', NULL, 1, '35.340', '40.640', '15.00', '1', '2016-02-12'),
(30, NULL, '7702003009389', 2, 25, 'Standard Transparente', 'Caja', 'x100und', NULL, 100, '4.140', '4.970', '20.00', '1', '2016-02-12'),
(31, NULL, '7702003469527', 2, 32, 'Leon 12cmx18cm', 'Unidad', '', NULL, 1, '4.890', '5.620', '15.00', '1', '2016-02-12'),
(32, NULL, '4005808818587', 4, 33, 'Aclarado Natural', 'Unidad', 'x100ml', NULL, 1, '13.950', '16.000', '14.70', '1', '2016-05-28'),
(33, NULL, '7804955003672', 4, 8, 'Creme', 'Unidad', 'x30ml', NULL, 1, '2.950', '3.390', '15.00', '1', '2016-02-12'),
(34, NULL, '7804955003689', 4, 8, 'Creme', 'Unidad', 'x60ml', NULL, 1, '6.100', '7.010', '15.00', '1', '2016-02-12'),
(35, NULL, '4005900090348', 4, 34, 'Men Invisible B&W 10ml', 'Caja', 'x18sach', NULL, 18, '9.130', '10.500', '15.00', '1', '2016-02-12'),
(36, NULL, '4005900090355', 4, 5, 'Men Silver Protect 10ml', 'Caja', 'x18sach', NULL, 18, '9.130', '10.500', '15.00', '1', '2016-02-12'),
(37, NULL, '4005900102690', 4, 5, 'Women Dry Confort 10ml', 'Caja', 'x18sach', NULL, 18, '9.130', '10.500', '15.00', '1', '2016-02-12'),
(38, NULL, '42231509', 4, 35, 'Equilibrante p. mixta a grasa', 'Unidad', 'x150ml', NULL, 1, '18.110', '20.830', '15.00', '1', '2016-02-12'),
(39, NULL, '4005808182565', 4, 36, 'Loc/Revitalizante piel normal/Mixta', 'Unidad', 'x200ml', NULL, 1, '18.570', '21.360', '15.00', '1', '2016-05-26'),
(40, NULL, '8412300001182', 4, 36, 'Loc/Suave piel seca', 'Unidad', 'x200ml', NULL, 1, '18.580', '21.370', '15.00', '1', '2016-05-26'),
(41, NULL, '7861078301597', 28, 26, 'Total Pequeño', 'Paquete', 'x10und', NULL, 10, '18.870', '21.700', '15.00', '1', '2016-02-12'),
(42, NULL, '7861078301955', 28, 26, 'Total Mediano', 'Paquete', 'x8und', NULL, 8, '19.900', '23.000', '15.58', '1', '2016-03-15'),
(43, NULL, '7861078302235', 28, 26, 'Total Mediano', 'Paquete', 'x20und', NULL, 20, '43.320', '50.000', '15.42', '1', '2016-02-19'),
(44, NULL, '7861078301948', 28, 26, 'Total Grande', 'Paquete', 'x8und', NULL, 8, '22.720', '26.500', '16.64', '1', '2016-02-19'),
(45, NULL, '7861078302242', 28, 26, 'Total Grande', 'Paquete', 'x20und', NULL, 20, '48.820', '56.140', '15.00', '1', '2016-02-18'),
(46, NULL, '4005900130785', 4, 31, 'Protect & Care', 'Unidad', 'x50ml', NULL, 1, '6.490', '7.460', '15.00', '1', '2016-02-12'),
(47, NULL, '4005808257669', 4, 31, 'Women Pearl & Beauty', 'Unidad', 'x50ml', NULL, 1, '6.490', '7.460', '15.00', '1', '2016-02-12'),
(48, NULL, '4005808829675', 4, 5, 'Women Aclarado Natural', 'Unidad', 'x150ml', NULL, 1, '10.020', '11.520', '15.00', '1', '2016-02-12'),
(49, NULL, '4005808231065', 4, 5, 'Women Double Effect', 'Unidad', 'x150ml', NULL, 1, '10.020', '11.600', '15.77', '1', '2016-04-05'),
(50, NULL, '4005808837311', 4, 5, 'Women Pearl & Beauty', 'Unidad', 'x150ml', NULL, 1, '10.020', '11.520', '15.00', '1', '2016-02-12'),
(51, NULL, '4005900036704', 4, 31, 'Women Invisible B&W Clear', 'Unidad', 'x50ml', NULL, 1, '6.490', '7.460', '15.00', '1', '2016-02-12'),
(52, NULL, '4005900036759', 4, 31, 'Men Invisible B&W power', 'Unidad', 'x50ml', NULL, 1, '6.490', '7.460', '15.00', '1', '2016-02-12'),
(53, NULL, '4005808257584', 4, 31, 'Women Dry Confort plus', 'Unidad', 'x50ml', NULL, 1, '6.490', '7.460', '15.00', '1', '2016-02-12'),
(54, NULL, '4005808719280', 4, 31, 'Men Stress Protect', 'Unidad', 'x50ml', NULL, 1, '6.490', '7.460', '15.00', '1', '2016-02-12'),
(55, NULL, '4005808257553', 4, 31, 'Men Dry Impact plus', 'Unidad', 'x50ml', NULL, 1, '6.490', '7.460', '15.00', '1', '2016-02-12'),
(56, NULL, '4005900036667', 4, 5, 'Women Invisible B&W Clear', 'Unidad', 'x150ml', NULL, 1, '10.020', '11.600', '15.77', '1', '2016-04-05'),
(57, NULL, '42210191', 4, 29, 'Women Aclarado Natural', 'Unidad', 'x43gr', NULL, 1, '7.420', '8.530', '15.00', '1', '2016-02-12'),
(58, NULL, '42213703', 4, 29, 'Women Invisible B&W Clear', 'Unidad', 'x43gr', NULL, 1, '7.420', '8.530', '15.00', '1', '2016-02-12'),
(59, NULL, '42216560', 4, 29, 'Women Pearl & Beauty', 'Unidad', 'x43gr', NULL, 1, '7.420', '8.530', '15.00', '1', '2016-02-12'),
(60, NULL, '42096276', 4, 29, 'Women Dry Confort plus', 'Unidad', 'x43gr', NULL, 1, '7.420', '8.530', '15.00', '1', '2016-02-12'),
(61, NULL, '42236986', 4, 29, 'Women stress protect', 'Unidad', 'x43gr', NULL, 1, '7.420', '8.530', '15.00', '1', '2016-02-12'),
(62, NULL, '42277842', 4, 29, 'Protect & Care', 'Unidad', 'x43gr', NULL, 1, '7.420', '8.530', '15.00', '1', '2016-02-12'),
(63, NULL, '42213727', 4, 29, 'Men Invisible B&W ', 'Unidad', 'x43gr', NULL, 1, '7.420', '8.530', '15.00', '1', '2016-02-12'),
(64, NULL, '42185369', 4, 29, 'Men Silver Protect', 'Unidad', 'x43gr', NULL, 1, '7.420', '8.530', '15.00', '1', '2016-02-12'),
(65, NULL, '42179160', 4, 29, 'Men Cool Kick', 'Unidad', 'x43gr', NULL, 1, '7.420', '8.530', '15.00', '1', '2016-02-12'),
(66, NULL, '42231301', 4, 29, 'Men Sensitive Protect', 'Unidad', 'x43gr', NULL, 1, '7.420', '8.530', '15.00', '1', '2016-02-12'),
(67, NULL, '42237020', 4, 29, 'Men Stress Protect', 'Unidad', 'x43gr', NULL, 1, '7.420', '8.530', '15.00', '1', '2016-02-12'),
(68, NULL, '099176480310', 10, 12, 'Total 12 Clean Mint', 'Unidad', 'x75ml', NULL, 1, '7.580', '8.720', '15.00', '1', '2016-02-12'),
(69, NULL, '751035911376', 10, 12, 'Total 12 Clean Mint', 'Unidad', 'x150ml', NULL, 1, '11.880', '13.900', '17.00', '1', '2016-02-17'),
(70, NULL, '7509546000985', 10, 12, 'Triple Accion Menta Original', 'Unidad', 'x75ml', NULL, 1, '4.330', '4.980', '15.01', '1', '2016-03-15'),
(71, NULL, '7509546054650', 10, 12, 'Luminous White Brilliant Mint', 'Unidad', 'x75ml', NULL, 1, '9.550', '10.980', '15.00', '1', '2016-03-09'),
(72, NULL, '7460192001743', 10, 12, 'Max White 2tubos', 'Pack', 'x75ml', NULL, 1, '9.240', '10.630', '15.00', '1', '2016-02-12'),
(73, NULL, '7702010344527', 35, 12, 'Super Blanco', 'Unidad', 'x75ml', NULL, 1, '2.590', '2.980', '15.00', '1', '2016-02-12'),
(74, NULL, '7702010344510', 35, 12, 'Super Blanco', 'Unidad', 'x100ml', NULL, 1, '3.650', '4.200', '15.07', '1', '2016-03-15'),
(75, NULL, '7702010111716', 10, 12, 'Maxima Prot Anticaries', 'Unidad', 'x63ml', NULL, 1, '2.730', '3.200', '17.22', '1', '2016-03-09'),
(76, NULL, '7891024123898', 10, 12, 'Sensitive Pro Alivio +Blanq', 'Unidad', 'x110gr', NULL, 1, '15.290', '17.580', '15.00', '1', '2016-02-13'),
(77, NULL, '7891024100431', 10, 12, 'Sensitive Pro Alivio Repara es', 'Unidad', 'x110gr', NULL, 1, '15.310', '17.610', '15.00', '1', '2016-02-13'),
(78, NULL, '7702010631672', 10, 37, 'Luminous W 75ml + cep luminous', 'Pack', '', NULL, 1, '13.450', '15.500', '15.24', '1', '2016-04-05'),
(79, NULL, '7509546048338', 10, 12, 'Smiles 6+ años Spiderman', 'Unidad', 'x75ml', NULL, 1, '7.990', '9.190', '15.00', '1', '2016-02-13'),
(80, NULL, '7509546061160', 10, 12, 'Smiles 2-5 años Bob Esp.', 'Unidad', 'x75ml', NULL, 1, '7.990', '9.190', '15.00', '1', '2016-02-13'),
(81, NULL, '7509546061306', 10, 13, '360 4x Interdental', 'Pack', 'x2und', NULL, 1, '13.350', '15.350', '15.00', '1', '2016-02-13'),
(82, NULL, '7891024183021', 10, 14, 'Menta ', 'Unidad', 'x50m', NULL, 1, '6.895', '8.000', '16.03', '1', '2016-05-28'),
(83, NULL, '7891024183182', 10, 14, 'Total', 'Unidad', 'x25m', NULL, 1, '6.900', '8.000', '15.94', '1', '2016-02-20'),
(84, NULL, '7702010420153', 36, 7, 'Avena', 'Unidad', 'x75gr', NULL, 1, '1.660', '1.910', '15.00', '1', '2016-02-13'),
(85, NULL, '7702010920875', 36, 7, 'Limpieza Profunda', 'Unidad', 'x75gr', NULL, 1, '1.703', '2.000', '17.44', '1', '2016-04-05'),
(86, NULL, '750105912410', 36, 7, 'Fresh', 'Unidad', 'x75gr', NULL, 1, '1.660', '1.910', '15.00', '1', '2016-02-13'),
(87, NULL, '772010420269', 36, 7, 'Fresh', 'Unidad', 'x130gr', NULL, 1, '2.340', '2.690', '15.00', '1', '2016-02-13'),
(88, NULL, '772010420337', 36, 7, 'Avena', 'Unidad', 'x130gr', NULL, 1, '2.340', '2.690', '15.00', '1', '2016-02-13'),
(89, NULL, '772010420276', 36, 7, 'Herbal', 'Unidad', 'x130gr', NULL, 1, '2.340', '2.690', '15.00', '1', '2016-02-13'),
(90, NULL, '772010420788', 36, 7, 'Men Sport', 'Unidad', 'x130gr', NULL, 1, '2.340', '2.690', '15.00', '1', '2016-02-13'),
(91, NULL, '7702010420887', 36, 7, 'Complete 12', 'Unidad', 'x130gr', NULL, 1, '2.490', '3.000', '20.48', '1', '2016-03-15'),
(92, NULL, '7702010420412', 36, 7, 'Propolis', 'Unidad', 'x130gr', NULL, 1, '2.340', '2.690', '15.00', '1', '2016-02-13'),
(93, NULL, '7702010420832', 36, 7, 'Omega 3', 'Unidad', 'x130gr', NULL, 1, '2.490', '3.000', '20.48', '1', '2016-03-15'),
(94, NULL, '7702010420511', 36, 7, 'Vitamina E', 'Unidad', 'x130gr', NULL, 1, '2.340', '2.690', '15.00', '1', '2016-02-13'),
(95, NULL, '7702010420443', 36, 7, 'Limpieza Profunda', 'Unidad', 'x130gr', NULL, 1, '2.340', '2.690', '15.00', '1', '2016-02-13'),
(96, NULL, '7702010420313', 36, 11, 'Avena', 'Unidad', 'x221ml', NULL, 1, '6.920', '7.960', '15.00', '1', '2016-02-13'),
(97, NULL, '', 10, 38, 'Luminous White 500ml + 250ml', 'Pack', '', NULL, 1, '16.240', '18.680', '15.00', '1', '2016-02-13'),
(98, NULL, '', 10, 38, 'Plax Complete Care 500ml+250ml', 'Pack', '', NULL, 1, '16.240', '18.680', '15.00', '1', '2016-02-15'),
(99, NULL, '772010470080', 37, 34, '24/7 Active 12gr', 'Caja', 'x18sach', NULL, 1, '10.090', '11.600', '15.00', '1', '2016-02-15'),
(100, NULL, '772010470097', 38, 34, 'Double Defense 12gr', 'Caja', 'x18sach', NULL, 1, '10.090', '11.600', '15.00', '1', '2016-02-15'),
(101, NULL, '7509546015545', 38, 30, 'Double Defense Active Fresh', 'Unidad', 'x65gr', NULL, 1, '16.850', '19.380', '15.00', '1', '2016-02-15'),
(102, NULL, '7509546060569', 38, 31, 'Aclarado Perfect', 'Unidad', 'x50ml', NULL, 1, '6.440', '7.410', '15.00', '1', '2016-02-15'),
(103, NULL, '7509546029061', 38, 31, 'Double Defense Floral Fresh', 'Unidad', 'x50ml', NULL, 1, '6.440', '7.410', '15.00', '1', '2016-02-15'),
(104, NULL, '7509546060613', 38, 29, 'Aclarado Perfect', 'Unidad', 'x45gr', NULL, 1, '7.440', '8.560', '15.00', '1', '2016-02-15'),
(105, NULL, '7752902004770', 39, 39, 'Teens corporal', 'Unidad', 'x150ml', NULL, 1, '19.050', '21.910', '15.00', '1', '2016-02-15'),
(106, NULL, '7752902003414', 32, 40, 'Hamamelis', 'Unidad', 'x180ml', NULL, 1, '3.250', '3.740', '15.00', '1', '2016-02-15'),
(107, NULL, '7752902003421', 32, 41, 'Hamamelis', 'Unidad', 'x25gr', NULL, 1, '5.040', '5.800', '15.00', '1', '2016-02-15'),
(108, NULL, '7752902001052', 40, 42, 'Green Mint', 'Unidad', 'x4ml', NULL, 1, '5.160', '5.930', '15.00', '1', '2016-02-15'),
(109, NULL, '', 41, 43, 'x60gr + x60gr', 'Pack', '', NULL, 1, '8.300', '9.540', '15.00', '1', '2016-02-15'),
(110, NULL, '', 41, 44, 'x140gr + x150ml', 'Pack', '', NULL, 1, '13.340', '15.340', '15.00', '1', '2016-02-15'),
(111, NULL, '7752902000901', 41, 43, 'x240gr + x60gr', 'Pack', '', NULL, 1, '11.000', '13.000', '18.18', '1', '2016-03-17'),
(112, NULL, '7752902005517', 42, 3, 'Lavanda', 'Unidad', 'x500ml', NULL, 1, '12.890', '14.820', '15.00', '1', '2016-02-15'),
(113, NULL, '7752902003377', 42, 3, 'Rosas', 'Unidad', 'x500ml', NULL, 1, '12.893', '14.900', '15.57', '1', '2016-04-05'),
(114, NULL, '7752902005524', 42, 3, 'Lavanda', 'Unidad', 'x1000ml', NULL, 1, '18.500', '21.500', '16.22', '1', '2016-04-05'),
(115, NULL, '7752902000765', 42, 3, 'Citrica', 'Unidad', 'x1000ml', NULL, 1, '18.500', '21.500', '16.22', '1', '2016-04-05'),
(116, NULL, '7752902003384', 42, 3, 'Rosas', 'Unidad', 'x1000ml', NULL, 1, '18.500', '21.500', '16.22', '1', '2016-04-05'),
(117, NULL, '7752902006910', 43, 11, 'Antibacterial Flor de Iris', 'Unidad', 'x400ml', NULL, 1, '4.850', '6.000', '23.71', '1', '2016-03-11'),
(118, NULL, '', 11, 21, 'Vital', 'Unidad', '', NULL, 1, '21.000', '24.150', '15.00', '1', '2016-02-15'),
(119, NULL, '7702045551860', 11, 45, 'Vital 20vol 6%', 'Unidad', 'x50ml', NULL, 1, '2.030', '2.500', '23.15', '1', '2016-02-19'),
(120, NULL, '7702045551877', 11, 45, 'Vital 20vol 9%', 'Unidad', 'x50ml', NULL, 1, '2.030', '2.500', '23.15', '1', '2016-02-19'),
(121, NULL, '7702045528121', 44, 46, 'Fuerte', 'Unidad', 'x250ml', NULL, 1, '6.480', '7.450', '15.00', '1', '2016-02-15'),
(122, NULL, '7702045528114', 44, 46, 'Mega fuerte', 'Unidad', 'x250ml', NULL, 1, '6.480', '7.450', '15.00', '1', '2016-02-15'),
(123, NULL, '7702045528107', 44, 46, 'Fuerte', 'Unidad', 'x500ml', NULL, 1, '9.170', '10.550', '15.00', '1', '2016-02-15'),
(124, NULL, '7702045528091', 44, 46, 'Fuerte', 'Unidad', 'x500ml', NULL, 1, '9.170', '10.550', '15.00', '1', '2016-02-15'),
(125, NULL, '7702045490114', 45, 9, 'Todo Tipo Cab Gloss', 'Unidad', 'x230ml', NULL, 1, '8.590', '9.880', '15.00', '1', '2016-02-15'),
(126, NULL, '7702045523799', 45, 9, 'Rizos Controlados Rizado', 'Unidad', 'x230ml', NULL, 1, '8.590', '9.880', '15.00', '1', '2016-02-15'),
(127, NULL, '7702045532029', 45, 9, 'Reparacion Definitiva', 'Unidad', 'x230ml', NULL, 1, '8.590', '9.900', '15.25', '1', '2016-04-05'),
(128, NULL, '7702045541182', 45, 47, 'Tratamiento Oleo Rep', 'Unidad', 'x75ml', NULL, 1, '12.730', '14.640', '15.00', '1', '2016-02-15'),
(129, NULL, '7702045551563', 45, 48, 'Brillo Radiante x375ml +x375ml', 'Pack', '', NULL, 2, '20.440', '23.910', '17.00', '1', '2016-02-19'),
(130, NULL, '7750254001362', 46, 52, 'Silueta Clasico', 'Caja', 'x12amp', NULL, 12, '23.820', '29.540', '24.00', '1', '2016-02-17'),
(131, NULL, '7750254001379', 46, 52, 'Silueta Plus ampolla', 'Caja', 'x12amp', NULL, 12, '23.820', '29.540', '24.00', '1', '2016-02-17'),
(132, NULL, '7702045520187', 47, 49, 'R19', 'Caja', 'x40sach', NULL, 40, '15.990', '18.390', '15.00', '1', '2016-02-15'),
(133, NULL, '7702045534115', 46, 50, 'Silueta Clasicox200ml + x135ml', 'Unidad', '', NULL, 1, '15.270', '18.020', '18.00', '1', '2016-02-17'),
(134, NULL, '7702045534092', 46, 50, 'Silueta Plus x200ml + x135ml', 'Unidad', '', NULL, 1, '15.270', '18.020', '18.00', '1', '2016-02-17'),
(135, NULL, '7702045534085', 46, 51, 'Silueta Plus x500ml +3ampx15ml', 'Pack', '', NULL, 1, '17.710', '20.900', '18.00', '1', '2016-02-17'),
(136, NULL, '7702045534108', 46, 51, 'Silueta Clas x500ml +3ampx15ml', 'Pack', '', NULL, 1, '17.710', '20.900', '18.00', '1', '2016-02-17'),
(137, NULL, '7702045536508', 45, 48, 'Reparacion Definit 375ml+375ml', 'Pack', '', NULL, 2, '20.440', '23.910', '17.00', '1', '2016-02-19'),
(138, NULL, '7702045551570', 45, 48, 'Renovacion total 375ml+375ml', 'Pack', '', NULL, 2, '20.440', '23.910', '17.00', '1', '2016-02-19'),
(139, NULL, '7750254000013', 47, 48, 'Reparacion 19 x375ml+x375ml', 'Pack', '', NULL, 1, '18.530', '22.000', '18.73', '1', '2016-02-19'),
(140, NULL, '7702045549355', 47, 48, 'Anticaida x375ml +x375ml', 'Pack', '', NULL, 1, '18.530', '22.000', '18.73', '1', '2016-02-19'),
(141, NULL, '7702045520064', 48, 31, 'Mellizos Silk', 'Pack', 'x50ml', NULL, 2, '7.950', '9.940', '25.00', '1', '2016-02-17'),
(142, NULL, '7702045520057', 48, 31, 'Sport Mellizos', 'Unidad', 'x50ml', NULL, 2, '7.950', '9.940', '25.00', '1', '2016-02-17'),
(143, NULL, '7501007465746', 49, 2, 'Aceite de Oliva', 'Unidad', 'x700ml', NULL, 1, '11.600', '13.460', '16.00', '1', '2016-02-17'),
(144, NULL, '7702045520040', 48, 31, 'Men Mellizos 3D Freestyle', 'Pack', 'x50ml', NULL, 2, '7.950', '9.940', '25.00', '1', '2016-02-17'),
(145, NULL, '7702045520095', 48, 31, 'Natural Soft Rose Mellz', 'Pack', 'x50ml', NULL, 2, '7.950', '9.940', '25.00', '1', '2016-02-17'),
(146, NULL, '7702045520033', 48, 31, 'Men 3D Energy Mellz', 'Pack', 'x50ml', NULL, 2, '7.950', '9.940', '25.00', '1', '2016-02-17'),
(147, NULL, '8410190297678', 50, 3, 'Eau de Toilette', 'Unidad', 'x50ml', NULL, 1, '37.870', '43.550', '15.00', '1', '2016-02-16'),
(148, NULL, '751046110300', 50, 7, 'de 50gr', 'Estuche', 'x3und', NULL, 1, '17.500', '20.470', '17.00', '1', '2016-02-16'),
(149, NULL, '8410190890237', 50, 7, 'de 100gr', 'Estuche', 'x3und', NULL, 1, '25.400', '30.990', '22.00', '1', '2016-02-16'),
(150, NULL, '8410190297616', 50, 4, 'Perfumado Con Borla', 'Unidad', 'x150gr', NULL, 1, '35.070', '40.330', '15.00', '1', '2016-02-16'),
(151, NULL, '8410190589568', 50, 4, 'Perfumado', 'Unidad', 'x100gr', NULL, 1, '8.710', '10.020', '15.00', '1', '2016-02-16'),
(152, NULL, '037836092350', 50, 53, 'Delicado Aroma', 'Unidad', 'x400ml', NULL, 1, '15.550', '17.880', '15.00', '1', '2016-02-16'),
(153, NULL, '7501022103166', 51, 2, 'Manzanilla', 'Unidad', 'x250ml', NULL, 1, '8.300', '9.960', '20.00', '1', '2016-02-16'),
(154, NULL, '7501022133118', 51, 2, 'Lavanda y Lechuga', 'Unidad', 'x250ml', NULL, 1, '8.300', '9.960', '20.00', '1', '2016-02-16'),
(155, NULL, '7501022133286', 51, 2, 'Miel', 'Unidad', 'x250ml', NULL, 1, '8.300', '9.960', '20.00', '1', '2016-02-16'),
(156, NULL, '7501022103111', 51, 2, 'Manzanilla', 'Unidad', 'x100ml', NULL, 1, '4.960', '5.950', '20.00', '1', '2016-02-16'),
(157, NULL, '7501022130063', 51, 2, 'Miel', 'Unidad', 'x100ml', NULL, 1, '4.960', '5.950', '20.00', '1', '2016-02-16'),
(158, NULL, '7501022105191', 52, 7, 'Neutro', 'Unidad', 'x100gr', NULL, 1, '3.370', '3.880', '15.00', '1', '2016-02-16'),
(159, NULL, '7501022105337', 52, 7, 'Concha Nacar', 'Unidad', 'x100gr', NULL, 1, '3.370', '3.880', '15.00', '1', '2016-02-16'),
(160, NULL, '7501022150221', 51, 7, 'Neutro Recien Nacido', 'Unidad', 'x90gr', NULL, 1, '3.280', '3.770', '15.00', '1', '2016-02-16'),
(161, NULL, '7501022150214', 51, 7, 'Avena Coloidal', 'Unidad', 'x90gr', NULL, 1, '3.280', '3.770', '15.00', '1', '2016-02-16'),
(162, NULL, '750102215042', 51, 7, 'Miel', 'Unidad', 'x90gr', NULL, 1, '3.280', '3.770', '15.00', '1', '2016-02-16'),
(163, NULL, '7501022150184', 52, 7, 'Exfoliante Algas Marinas', 'Unidad', 'x125gr', NULL, 1, '4.350', '5.000', '15.00', '1', '2016-02-16'),
(164, NULL, '5038483393987', 53, 54, 'Play Vibrations', 'Unidad', '', NULL, 1, '17.240', '20.000', '16.00', '1', '2016-02-16'),
(165, NULL, '7501159731133', 53, 55, 'Clasico', 'Caja', 'x3und', NULL, 1, '4.730', '5.490', '16.00', '1', '2016-02-16'),
(166, NULL, '7501159033565', 53, 55, 'Maximo Placer', 'Caja', 'x3und', NULL, 1, '5.330', '6.130', '15.00', '1', '2016-02-16'),
(167, NULL, '7501159033312', 53, 55, 'Placer Prolongado', 'Caja', 'x3und', NULL, 1, '4.730', '5.490', '16.00', '1', '2016-02-16'),
(168, NULL, '7753282423113', 54, 56, 'Aloe Vera', 'Unidad', 'x90gr', NULL, 1, '1.680', '2.000', '19.05', '1', '2016-03-15'),
(169, NULL, '7753282407366', 54, 56, 'Algas', 'Unidad', 'x90gr', NULL, 1, '1.680', '2.000', '19.05', '1', '2016-03-15'),
(170, NULL, '7753282423120', 54, 56, 'Baby', 'Unidad', 'x90gr', NULL, 1, '1.680', '2.000', '19.05', '1', '2016-03-15'),
(171, NULL, '7753282407373', 54, 56, 'Antibacterial', 'Unidad', 'x90gr', NULL, 1, '1.680', '2.000', '19.05', '1', '2016-03-15'),
(172, NULL, '7753282407342', 54, 56, 'Natural', 'Unidad', 'x90gr', NULL, 1, '1.680', '2.000', '19.05', '1', '2016-03-15'),
(173, NULL, '7753282423144', 54, 56, 'Rosa Mosqueta', 'Unidad', 'x90gr', NULL, 1, '1.680', '2.000', '19.05', '1', '2016-03-15'),
(174, NULL, '0002645', 55, 3, 'OHM Black Spray', 'Unidad', 'x100ml', NULL, 1, '73.500', '97.980', '33.30', '1', '2016-02-17'),
(175, NULL, '0003370', 55, 3, 'Jaque For Men', 'Unidad', 'x75ml', NULL, 1, '69.000', '91.980', '33.30', '1', '2016-02-17'),
(176, NULL, '0003823', 55, 2, 'Kids Manzana', 'Unidad', 'x400ml', NULL, 1, '20.250', '26.990', '33.30', '1', '2016-02-17'),
(177, NULL, '5029040', 55, 57, 'Tempo bañado en Oro', 'Caja', 'x3pares', NULL, 3, '40.000', '46.000', '15.00', '1', '2016-02-17'),
(178, NULL, '0011197', 55, 3, 'Zitrika Limon', 'Unidad', 'x500ml', NULL, 1, '24.000', '34.990', '45.80', '1', '2016-02-17'),
(179, NULL, '0011198', 55, 3, 'Zitrika Mandarina', 'Unidad', 'x500ml', NULL, 1, '24.000', '34.990', '45.80', '1', '2016-02-17'),
(180, NULL, '0004719', 55, 3, 'Soy Fashion', 'Unidad', 'x200ml', NULL, 1, '19.500', '30.000', '53.83', '1', '2016-02-17'),
(181, NULL, '0004718', 55, 3, 'Soy Dulce', 'Unidad', 'x200ml', NULL, 1, '19.500', '30.000', '53.83', '1', '2016-02-17'),
(182, NULL, '0011027', 55, 31, 'Bio Effective Pera manzana', 'Unidad', 'x50gr', NULL, 1, '9.680', '15.000', '55.00', '1', '2016-02-17'),
(183, NULL, '0011026', 55, 31, 'Bio Effective Granada Exotica', 'Unidad', 'x50gr', NULL, 1, '9.680', '15.000', '55.00', '1', '2016-02-17'),
(184, NULL, '0003751', 55, 31, 'OHM Black', 'Unidad', 'x50gr', NULL, 1, '9.680', '15.000', '55.00', '1', '2016-02-17'),
(185, NULL, '0003743', 55, 31, 'OHM', 'Unidad', 'x50gr', NULL, 1, '9.680', '15.000', '55.00', '1', '2016-02-17'),
(186, NULL, '0003741', 55, 31, 'Solo For Men', 'Unidad', 'x50gr', NULL, 1, '9.680', '15.000', '55.00', '1', '2016-02-17'),
(187, NULL, '0003740', 55, 31, 'Arom Pour homme', 'Unidad', 'x50gr', NULL, 1, '9.680', '15.000', '55.00', '1', '2016-02-17'),
(188, NULL, '0003932', 55, 58, 'Clic del Ojo Negro Malicia', 'Unidad', 'x1.2gr', NULL, 1, '12.750', '17.000', '33.30', '1', '2016-02-17'),
(189, NULL, '', 56, 59, 'Hidracolor 2 en 1', 'Unidad', 'x4gr', NULL, 1, '12.540', '18.000', '43.58', '1', '2016-02-17'),
(190, NULL, '', 57, 3, 'Dancing Frag Femenina', 'Unidad', 'x100ml', NULL, 1, '17.940', '34.000', '89.50', '1', '2016-02-17'),
(191, NULL, '', 57, 9, 'Berrylicious Rojo uhh..mecta', 'Unidad', 'x200ml', NULL, 1, '9.670', '13.000', '34.40', '1', '2016-02-17'),
(192, NULL, '', 57, 9, 'Berrylicious Exotic Guar y Gol', 'Unidad', 'x200ml', NULL, 1, '9.670', '13.000', '34.40', '1', '2016-02-17'),
(193, NULL, '', 56, 3, 'Dorsay Fragancia masculina', 'Unidad', 'x100ml', NULL, 1, '47.920', '80.030', '67.00', '1', '2016-02-17'),
(194, NULL, '', 57, 3, 'Miss Sexy', 'Unidad', 'x200ml', NULL, 1, '10.140', '20.000', '97.20', '1', '2016-02-17'),
(195, NULL, '', 56, 3, 'Grazzia', 'Unidad', 'x50ml', NULL, 1, '20.340', '35.000', '72.08', '1', '2016-02-17'),
(196, NULL, '', 56, 3, 'Grazzia Exotic', 'Unidad', 'x50ml', NULL, 1, '20.340', '35.000', '72.08', '1', '2016-02-17'),
(197, NULL, '', 56, 3, 'Freshing familia', 'Unidad', 'x1000ml', NULL, 1, '25.520', '35.000', '37.13', '1', '2016-02-17'),
(198, NULL, '', 56, 3, 'Vanilla Hombre Frag Masculina', 'Unidad', 'x100ml', NULL, 1, '21.540', '45.000', '108.90', '1', '2016-02-17'),
(199, NULL, '', 56, 60, 'GLAMCY', 'Unidad', '', NULL, 1, '34.900', '45.000', '28.93', '1', '2016-02-17'),
(200, NULL, '', 58, 60, 'DETAILLE', 'Unidad', '', NULL, 1, '49.000', '65.000', '32.66', '1', '2016-02-17'),
(201, NULL, '', 58, 61, 'Satin Rouge frag Femenina', 'Unidad', 'x10ml', NULL, 1, '15.950', '20.000', '25.40', '1', '2016-02-17'),
(202, NULL, '', 58, 61, 'Blenight', 'Unidad', 'x10ml', NULL, 1, '15.950', '20.000', '25.40', '1', '2016-02-17'),
(203, NULL, '', 58, 61, 'Liasson mini franci', 'Unidad', 'x10ml', NULL, 1, '15.950', '20.000', '25.40', '1', '2016-02-17'),
(204, NULL, '', 58, 61, 'Bleu intense mini', 'Unidad', 'x10ml', NULL, 1, '15.950', '20.000', '25.40', '1', '2016-02-17'),
(205, NULL, '', 58, 3, 'Liasson Temps', 'Unidad', 'x50ml', NULL, 1, '69.900', '87.380', '25.00', '1', '2016-02-17'),
(206, NULL, '', 56, 3, 'You Emotion', 'Unidad', 'x100ml', NULL, 1, '29.900', '50.000', '67.23', '1', '2016-02-17'),
(207, NULL, '', 56, 3, 'Salvaje frag masculina', 'Unidad', 'x100ml', NULL, 1, '23.900', '38.000', '59.00', '1', '2016-02-18'),
(208, NULL, '', 56, 3, 'Pour Le Bain', 'Unidad', 'x1000ml', NULL, 1, '34.900', '45.020', '29.00', '1', '2016-02-17'),
(209, NULL, '7899089496315', 59, 3, 'Agua de Colonia Baby Baby', 'Unidad', 'x1000ml', NULL, 1, '16.900', '30.000', '77.50', '1', '2016-02-17'),
(210, NULL, '05640725', 59, 5, 'Black Suede', 'Unidad', 'x195ml', NULL, 1, '10.740', '14.000', '30.40', '1', '2016-02-17'),
(211, NULL, '05640210', 59, 5, 'Musk for men', 'Unidad', 'x195ml', NULL, 1, '10.740', '14.000', '30.40', '1', '2016-02-17'),
(212, NULL, '7909189004638', 59, 62, 'Sheen Brillo Extremo', 'Unidad', 'x500gr', NULL, 1, '16.900', '25.000', '47.94', '1', '2016-02-18'),
(213, NULL, '7899089447058', 59, 5, 'Sweet Honesty', 'Unidad', 'x75ml', NULL, 1, '8.160', '10.000', '22.50', '1', '2016-02-18'),
(214, NULL, '7899089448666', 59, 5, 'Toque de Amor', 'Unidad', 'x75ml', NULL, 1, '7.960', '10.000', '25.60', '1', '2016-02-18'),
(215, NULL, '', 56, 3, 'Eros frag masculina', 'Unidad', 'x100ml', NULL, 1, '47.900', '65.000', '35.70', '1', '2016-02-18'),
(216, NULL, '', 56, 3, 'Merci frag masculina ', 'Unidad', 'x50ml', NULL, 1, '31.900', '45.000', '41.07', '1', '2016-02-18'),
(217, NULL, '', 56, 3, 'Kalos Sport frag masculina', 'Unidad', 'x100ml', NULL, 1, '44.900', '65.000', '44.76', '1', '2016-02-18'),
(218, NULL, '', 57, 3, 'Nitro Air frag masculina', 'Unidad', 'x100ml', NULL, 1, '26.900', '65.000', '141.64', '1', '2016-02-20'),
(219, NULL, '', 56, 31, 'Fiori', 'Unidad', 'x50ml', NULL, 1, '6.900', '10.010', '45.00', '1', '2016-02-18'),
(220, NULL, '', 56, 31, 'Salvaje', 'Unidad', 'x50ml', NULL, 1, '6.900', '10.010', '45.00', '1', '2016-02-18'),
(221, NULL, '', 56, 31, 'You', 'Unidad', 'x50ml', NULL, 1, '6.900', '10.010', '45.00', '1', '2016-02-18'),
(222, NULL, '', 56, 31, 'Kalos Sport', 'Unidad', 'x50ml', NULL, 1, '6.900', '10.010', '45.00', '1', '2016-02-18'),
(223, NULL, '', 56, 31, 'Expression', 'Unidad', 'x50ml', NULL, 1, '6.900', '10.010', '45.00', '1', '2016-02-18'),
(224, NULL, '', 56, 31, 'Altheus', 'Unidad', 'x50ml', NULL, 1, '6.900', '10.010', '45.00', '1', '2016-02-18'),
(225, NULL, '', 56, 31, 'Eros', 'Unidad', 'x50ml', NULL, 1, '6.900', '10.010', '45.00', '1', '2016-02-18'),
(226, NULL, '', 56, 31, 'Vanilla Scent', 'Unidad', 'x50ml', NULL, 1, '6.900', '10.010', '45.00', '1', '2016-02-18'),
(227, NULL, '', 56, 31, 'Dorsay', 'Unidad', 'x50ml', NULL, 1, '6.900', '10.010', '45.00', '1', '2016-02-18'),
(228, NULL, '', 57, 31, 'Xpress your body Clarity', 'Unidad', 'x50ml', NULL, 1, '6.900', '10.010', '45.00', '1', '2016-02-18'),
(229, NULL, '', 56, 24, 'Perfect Sun ', 'Unidad', 'x80gr', NULL, 1, '21.900', '28.030', '28.00', '1', '2016-02-18'),
(230, NULL, '', 56, 31, 'Imagenes', 'Unidad', 'x50ml', NULL, 1, '6.900', '10.010', '45.00', '1', '2016-02-18'),
(231, NULL, '', 56, 31, 'Kalos Black', 'Unidad', 'x50ml', NULL, 1, '6.900', '10.010', '45.00', '1', '2016-02-18'),
(232, NULL, '', 56, 31, 'TotalSec unisex', 'Unidad', 'x50ml', NULL, 1, '6.900', '10.010', '45.00', '1', '2016-02-18'),
(233, NULL, '', 56, 31, 'You live', 'Unidad', 'x50ml', NULL, 1, '6.900', '10.010', '45.00', '1', '2016-02-18'),
(234, NULL, '', 56, 31, 'TotalSec Fem', 'Unidad', 'x50ml', NULL, 1, '6.900', '10.010', '45.00', '1', '2016-02-18'),
(235, NULL, '', 56, 31, 'Dorsay Classic', 'Unidad', 'x50ml', NULL, 1, '6.900', '10.010', '45.00', '1', '2016-02-18'),
(236, NULL, '', 57, 31, 'Nitro', 'Unidad', 'x50ml', NULL, 1, '6.900', '10.010', '45.00', '1', '2016-02-18'),
(237, NULL, '', 57, 31, 'Girlink', 'Unidad', 'x50ml', NULL, 1, '6.900', '10.010', '45.00', '1', '2016-02-18'),
(238, NULL, '', 56, 4, 'Imagenes', 'Unidad', 'x50ml', NULL, 1, '0.000', '13.500', '15.00', '1', '2016-03-14'),
(239, NULL, '', 56, 4, 'Vanilla Scent', 'Unidad', 'x50ml', NULL, 1, '9.900', '13.500', '36.36', '1', '2016-03-14'),
(240, NULL, '', 58, 31, 'Dry Effect', 'Unidad', 'x50ml', NULL, 1, '8.900', '11.000', '23.60', '1', '2016-02-18'),
(241, NULL, '', 57, 5, 'Trax So close', 'Unidad', 'x150ml', NULL, 1, '13.900', '16.500', '18.71', '1', '2016-03-10'),
(242, NULL, '', 57, 57, 'Girly Floral', 'Caja', 'x12pares', NULL, 12, '34.900', '60.000', '71.92', '1', '2016-02-18'),
(243, NULL, '', 56, 31, 'Cardigan', 'Unidad', 'x50ml', NULL, 1, '6.300', '9.950', '58.00', '1', '2016-02-18'),
(244, NULL, '', 56, 3, 'Cardigan frag masculina', 'Unidad', 'x100ml', NULL, 1, '30.600', '44.980', '47.00', '1', '2016-02-18'),
(245, NULL, '', 56, 3, 'Sensually Rose femenina', 'Unidad', 'x200ml', NULL, 1, '16.350', '20.030', '22.50', '1', '2016-02-18'),
(246, NULL, '', 56, 3, 'Passion Lilly', 'Unidad', 'x200ml', NULL, 1, '16.350', '20.030', '22.50', '1', '2016-02-18'),
(247, NULL, '', 56, 3, 'Resplandess Floress', 'Unidad', 'x120ml', NULL, 1, '10.450', '15.030', '43.80', '1', '2016-02-18'),
(248, NULL, '', 56, 3, 'Resplandess femenina', 'Unidad', 'x120ml', NULL, 1, '10.450', '15.030', '43.80', '1', '2016-02-18'),
(249, NULL, '', 56, 2, 'Alviento avena+miel cab normal', 'Unidad', 'x1lt', NULL, 1, '0.000', '25.000', '15.00', '1', '2016-02-19'),
(250, NULL, '', 56, 2, 'Alviento aguac+coco cab seco', 'Unidad', 'x1lt', NULL, 1, '0.000', '25.000', '15.00', '1', '2016-02-19'),
(251, NULL, '', 56, 2, 'Alviento almend+trigo 2en1 ', 'Unidad', 'x1lt', NULL, 1, '0.000', '25.000', '15.00', '1', '2016-02-19'),
(252, NULL, '', 56, 2, 'Alviento sabila+limon cab gras', 'Unidad', 'x1lt', NULL, 1, '0.000', '25.000', '15.00', '1', '2016-02-19'),
(253, NULL, '7501006712001', 49, 2, 'Control Caida aceit almendras', 'Unidad', 'x400ml', NULL, 1, '9.100', '10.460', '15.00', '1', '2016-02-19'),
(254, NULL, '', 60, 63, 'Neutralizante Cremoso', 'Unidad', 'x500ml', NULL, 1, '0.000', '8.000', '15.00', '1', '2016-02-19'),
(255, NULL, '7702354934583', 61, 2, 'Sabila nutricion y brillo', 'Unidad', 'x530ml', NULL, 1, '11.240', '13.000', '15.66', '1', '2016-02-19'),
(256, NULL, '7702354934552', 61, 20, 'Sabila y Miel perf suavidad', 'Unidad', 'x530ml', NULL, 1, '11.240', '13.000', '15.66', '1', '2016-02-19'),
(257, NULL, '', 56, 20, 'Alviento sabila+limon cab gras', 'Unidad', 'x400ml', NULL, 1, '0.000', '12.000', '15.00', '1', '2016-02-19'),
(258, NULL, '7506309840000', 7, 2, 'Hidro Cauterizacion', 'Unidad', 'x200ml', NULL, 1, '9.810', '11.500', '17.23', '1', '2016-02-19'),
(259, NULL, '7501001303396', 7, 2, 'Control Caida', 'Unidad', 'x200ml', NULL, 1, '9.810', '11.500', '17.23', '1', '2016-02-19'),
(260, NULL, '7501001169091', 7, 2, 'Rizos Definidos', 'Unidad', 'x200ml', NULL, 1, '9.810', '11.500', '17.23', '1', '2016-02-19'),
(261, NULL, '7501001170288', 7, 2, 'Cuidado Clasico 2en1', 'Unidad', 'x200ml', NULL, 1, '9.810', '11.500', '17.23', '1', '2016-02-19'),
(262, NULL, '7506309863283', 7, 20, 'Reparacion Rejuvenecedora', 'Unidad', 'x200ml', NULL, 1, '9.810', '11.500', '17.23', '1', '2016-02-19'),
(263, NULL, '7501006721294', 7, 20, 'Restauracion', 'Unidad', 'x200ml', NULL, 1, '9.810', '11.500', '17.23', '1', '2016-02-19'),
(264, NULL, '7702045548129', 62, 2, 'Liso Perfecto', 'Unidad', 'x500ml', NULL, 1, '0.000', '15.000', '15.00', '1', '2016-02-19'),
(265, NULL, '7506309805580', 5, 2, 'Fuerza Rejuvenecedora', 'Unidad', 'x700ml', NULL, 1, '0.000', '26.000', '15.00', '1', '2016-02-19'),
(266, NULL, '7702113660586', 63, 48, 'Muss Botanika Negro Profundo', 'Pack', 'x400ml', NULL, 1, '18.550', '21.500', '15.90', '1', '2016-02-19'),
(267, NULL, '7501006707717', 5, 2, 'Men Prevencion Caida', 'Unidad', 'x700ml', NULL, 1, '0.000', '26.000', '15.00', '1', '2016-02-19'),
(268, NULL, '7506309894515', 5, 2, 'Men Old Spice', 'Unidad', 'x700ml', NULL, 1, '0.000', '26.000', '15.00', '1', '2016-02-19'),
(269, NULL, '7506295355090', 5, 2, 'Men 3en1', 'Unidad', 'x700ml', NULL, 1, '0.000', '26.000', '15.00', '1', '2016-02-19'),
(270, NULL, '7506339361711', 5, 2, 'Men Control Grasa instantanea', 'Unidad', 'x700ml', NULL, 1, '0.000', '26.000', '15.00', '1', '2016-02-19'),
(271, NULL, '7501007457802', 7, 2, 'Brillo Extremo', 'Unidad', 'x750ml', NULL, 1, '0.000', '26.000', '15.00', '1', '2016-02-19'),
(272, NULL, '7501001170387', 7, 2, 'Rizos Definidos', 'Unidad', 'x750ml', NULL, 1, '0.000', '26.000', '15.00', '1', '2016-02-19'),
(273, NULL, '7501001168971', 7, 2, 'Cuidado Clasico', 'Unidad', 'x400ml', NULL, 1, '0.000', '16.500', '15.00', '1', '2016-02-19'),
(274, NULL, '7501007457796', 7, 2, 'Brillo Extremo', 'Unidad', 'x400ml', NULL, 1, '0.000', '16.500', '15.00', '1', '2016-02-19'),
(275, NULL, '7501001168995', 7, 2, 'Cuidado Clasico 2en1', 'Unidad', 'x400ml', NULL, 1, '0.000', '16.500', '15.00', '1', '2016-02-19'),
(276, NULL, '7501001165277', 7, 2, 'Liso y Sedoso 2en1', 'Unidad', 'x400ml', NULL, 1, '0.000', '16.500', '15.00', '1', '2016-02-19'),
(277, NULL, '7501001303464', 7, 2, 'Control Caida', 'Unidad', 'x400ml', NULL, 1, '0.000', '16.500', '15.00', '1', '2016-02-19'),
(278, NULL, '7501001164645', 7, 2, 'Rizos Definidos', 'Unidad', 'x400ml', NULL, 1, '0.000', '16.500', '15.00', '1', '2016-02-19'),
(279, NULL, '7506309863306', 7, 20, 'Reparacion Rejuvenecedora', 'Unidad', 'x400ml', NULL, 1, '0.000', '16.500', '15.00', '1', '2016-02-19'),
(280, NULL, '7501001303518', 7, 20, 'Control Caida', 'Unidad', 'x400ml', NULL, 1, '0.000', '16.500', '15.00', '1', '2016-02-19'),
(281, NULL, '7501006721317', 7, 20, 'Restauracion', 'Unidad', 'x400ml', NULL, 1, '0.000', '16.500', '15.00', '1', '2016-02-19'),
(282, NULL, '7501001165260', 7, 20, 'Liso y Sedoso', 'Unidad', 'x400ml', NULL, 1, '0.000', '16.500', '15.00', '1', '2016-02-19'),
(283, NULL, '7506309873701', 7, 2, 'Rizos Definidos 2en1', 'Unidad', 'x100ml', NULL, 1, '0.000', '4.500', '15.00', '1', '2016-02-19'),
(284, NULL, '7506195160435', 7, 2, 'Restauracion', 'Unidad', 'x100ml', NULL, 1, '0.000', '4.500', '15.00', '1', '2016-02-19'),
(285, NULL, '7506339351224', 5, 2, 'Men Control Grasa instantanea', 'Unidad', 'x400ml', NULL, 1, '0.000', '17.500', '15.00', '1', '2016-02-19'),
(286, NULL, '7501001133290', 5, 2, 'Men Menthol Sport', 'Unidad', 'x400ml', NULL, 1, '0.000', '17.500', '15.00', '1', '2016-02-19'),
(287, NULL, '7506309894492', 5, 2, 'Men Old Spice', 'Unidad', 'x400ml', NULL, 1, '0.000', '17.500', '15.00', '1', '2016-02-19'),
(288, NULL, '7501006707694', 5, 2, 'Men Prevencion Caida', 'Unidad', 'x400ml', NULL, 1, '0.000', '17.500', '15.00', '1', '2016-02-19'),
(289, NULL, '7506295355076', 5, 2, 'Men 3en1', 'Unidad', 'x400ml', NULL, 1, '0.000', '17.500', '15.00', '1', '2016-02-19'),
(290, NULL, '7501001133276', 5, 2, 'Limpieza Renovadora', 'Unidad', 'x400ml', NULL, 1, '0.000', '17.500', '15.00', '1', '2016-02-19'),
(291, NULL, '7506195142042', 5, 2, 'Relax Anticoceira', 'Unidad', 'x400ml', NULL, 1, '0.000', '17.500', '15.00', '1', '2016-02-19'),
(292, NULL, '7501001351229', 5, 2, 'Limpieza Renovadora 2en1', 'Unidad', 'x400ml', NULL, 1, '0.000', '17.500', '15.00', '1', '2016-02-19'),
(293, NULL, '7506195120071', 5, 2, 'Manzana Fresh', 'Unidad', 'x400ml', NULL, 1, '0.000', '17.500', '15.00', '1', '2016-02-19'),
(294, NULL, '7501001133283', 5, 2, 'Suave y Manejable 2en1', 'Unidad', 'x400ml', NULL, 1, '0.000', '17.500', '15.00', '1', '2016-02-19'),
(295, NULL, '7506339346039', 5, 2, 'Alivio instantaneo', 'Unidad', 'x400ml', NULL, 1, '0.000', '17.500', '15.00', '1', '2016-02-19'),
(296, NULL, '7506309805610', 5, 20, 'Fuerza Rejuvenecedora', 'Unidad', 'x400ml', NULL, 1, '0.000', '17.500', '15.00', '1', '2016-02-19'),
(297, NULL, '7506195143353', 5, 20, 'Relax Anticoceira', 'Unidad', 'x400ml', NULL, 1, '0.000', '17.500', '15.00', '1', '2016-02-19'),
(298, NULL, '7506295355069', 5, 2, 'Men 3en1', 'Unidad', 'x200ml', NULL, 1, '0.000', '11.500', '15.00', '1', '2016-02-19'),
(299, NULL, '7501001133627', 5, 2, 'Men Menthol Sport', 'Unidad', 'x200ml', NULL, 1, '0.000', '11.500', '15.00', '1', '2016-02-19'),
(300, NULL, '7506309894485', 5, 2, 'Men Old Spice', 'Unidad', 'x200ml', NULL, 1, '0.000', '11.500', '15.00', '1', '2016-02-19'),
(301, NULL, '7506339326468', 5, 2, 'Men Old Spice', 'Unidad', 'x90ml', NULL, 1, '0.000', '4.500', '15.00', '1', '2016-02-19'),
(302, NULL, '7506195148679', 5, 2, 'Suave y Manejable 2en1', 'Unidad', 'x90ml', NULL, 1, '0.000', '4.500', '15.00', '1', '2016-02-19'),
(303, NULL, '7506339326475', 5, 2, 'Proteccion Caida', 'Unidad', 'x90ml', NULL, 1, '0.000', '4.500', '15.00', '1', '2016-02-19'),
(304, NULL, '827755042631', 64, 2, 'Repair & Renew', 'Unidad', 'x350ml', NULL, 1, '8.600', '10.000', '16.28', '1', '2016-02-19'),
(305, NULL, '827755042648', 64, 2, 'Volume Builder', 'Unidad', 'x350ml', NULL, 1, '8.600', '10.000', '16.28', '1', '2016-02-19'),
(306, NULL, '827755042624', 64, 2, 'Moisture Replenisher', 'Unidad', 'x350ml', NULL, 1, '8.600', '10.000', '16.28', '1', '2016-02-19'),
(307, NULL, '827755042600', 64, 2, 'Color Protector', 'Unidad', 'x350ml', NULL, 1, '8.600', '10.000', '16.28', '1', '2016-02-19'),
(308, NULL, '827755052630', 64, 20, 'Rep', 'Unidad', 'x350ml', NULL, 1, '8.600', '10.000', '16.28', '1', '2016-02-19'),
(309, NULL, '7861078306448', 28, 26, 'Invisible Large', 'Unidad', 'x18und', NULL, 18, '47.450', '54.700', '15.28', '1', '2016-02-19'),
(310, NULL, '7861078302020', 28, 64, 'Unitalla', 'Paquete', 'x10und', NULL, 10, '0.000', '15.500', '15.00', '1', '2016-02-20'),
(311, NULL, '7793620922656', 29, 26, 'Classic Large/Grande', 'Paquete', 'x8und', NULL, 8, '0.000', '16.800', '15.00', '1', '2016-02-20'),
(312, NULL, '7751493005470', 22, 26, '1,2 y Arriba Pants XG/XXG', 'Paquete', 'x46und', NULL, 46, '0.000', '49.500', '15.00', '1', '2016-02-20'),
(313, NULL, '7861078304840', 31, 26, 'Plus Grande', 'Paquete', 'x48und', NULL, 48, '30.360', '35.000', '15.28', '1', '2016-02-19'),
(314, NULL, '7751493003940', 29, 26, 'Classic Large/Grande', 'Paquete', 'x20und', NULL, 20, '37.300', '43.000', '15.28', '1', '2016-02-19'),
(315, NULL, '7501019051975', 30, 26, 'Slip Medium', 'Paquete', 'x20und', NULL, 20, '47.800', '55.000', '15.06', '1', '2016-02-19'),
(316, NULL, '7501019051944', 30, 26, 'Slip Medium', 'Paquete', 'x10und', NULL, 10, '25.080', '29.000', '15.63', '1', '2016-02-27'),
(317, NULL, '7702027478611', 30, 26, 'Slip Medium Pega despega', 'Paquete', 'x21und', NULL, 21, '62.550', '72.500', '15.91', '1', '2016-02-19'),
(318, NULL, '7793620922281', 29, 26, 'Protect Large/Grande', 'Paquete', 'x8und', NULL, 8, '0.000', '23.000', '15.00', '1', '2016-02-19'),
(319, NULL, '7702027479496', 30, 26, 'Basic Medium', 'Paquete', 'x21und', NULL, 1, '30.500', '35.070', '15.00', '1', '2016-05-28'),
(320, NULL, '7702027472718', 30, 26, 'Pants Medium', 'Paquete', 'x10und', NULL, 10, '31.980', '37.000', '15.70', '1', '2016-02-19'),
(321, NULL, '7702027472558', 30, 26, 'Basic Large', 'Paquete', 'x20und', NULL, 20, '0.000', '52.500', '15.00', '1', '2016-02-19'),
(322, NULL, '7757266000314', 32, 3, 'Parera Splash Natural', 'Unidad', 'x500ml', NULL, 1, '19.950', '23.000', '15.29', '1', '2016-02-19'),
(323, NULL, '7909189016327', 59, 3, 'Baby Smell', 'Unidad', 'x1lt', NULL, 1, '23.900', '35.000', '46.44', '1', '2016-02-19'),
(324, NULL, '7909189016402', 59, 3, 'Fantasia floral', 'Unidad', 'x1lt', NULL, 1, '23.900', '35.000', '46.44', '1', '2016-02-19'),
(325, NULL, '7752902006484', 65, 3, 'Original x1lt + x35ml', 'Unidad', '', NULL, 1, '26.450', '38.000', '43.67', '1', '2016-02-19'),
(326, NULL, '66213827', 59, 3, 'Agua de Colonia Citrica', '', 'x1lt', NULL, 1, '22.900', '35.000', '52.84', '1', '2016-02-19'),
(327, NULL, '7899089476850', 59, 2, 'Naturals completa repar', 'Unidad', 'x1lt', NULL, 1, '14.900', '25.000', '67.79', '1', '2016-02-19'),
(328, NULL, '26454', 66, 53, 'Nature Secrets aloe y waterme', 'Unidad', 'x750ml', NULL, 1, '0.000', '25.000', '15.00', '1', '2016-02-19'),
(329, NULL, '7501056338626', 67, 2, 'Reconstruccion Estructural', 'Unidad', 'x650ml', NULL, 1, '15.560', '18.000', '15.68', '1', '2016-02-19'),
(330, NULL, '7501056347123', 67, 2, 'Miel y Germen de Trigo', 'Unidad', 'x650ml', NULL, 1, '15.560', '18.000', '15.68', '1', '2016-02-19'),
(331, NULL, '7702006912907', 67, 2, 'Liso Perfecto', 'Unidad', 'x650ml', NULL, 1, '15.560', '18.000', '15.68', '1', '2016-02-19'),
(332, NULL, '7702006912938', 67, 2, 'Rizos Obedientes', 'Unidad', 'x650ml', NULL, 1, '15.560', '18.000', '15.68', '1', '2016-02-19'),
(333, NULL, '7501056344092', 68, 2, 'Men Caida Control', 'Unidad', 'x400ml', NULL, 1, '0.000', '16.000', '15.00', '1', '2016-02-19'),
(334, NULL, '7501056342999', 68, 2, 'Men Dual Effect 2en1', 'Unidad', 'x400ml', NULL, 1, '0.000', '16.000', '15.00', '1', '2016-02-19'),
(335, NULL, '7501056344221', 68, 2, 'Men Ice Cool Menthol', 'Unidad', 'x400ml', NULL, 1, '0.000', '16.000', '15.00', '1', '2016-02-19'),
(336, NULL, '7501056343040', 68, 2, 'Men Ice Cool Menthol', 'Unidad', 'x200ml', NULL, 1, '7.920', '10.000', '26.26', '1', '2016-02-19'),
(337, NULL, '7501056342982', 68, 2, 'Renovacion Diaria', 'Unidad', 'x400ml', NULL, 1, '0.000', '16.000', '15.00', '1', '2016-02-19'),
(338, NULL, '7501056344139', 68, 2, 'Crecimiento y Fuerza', 'Unidad', 'x400ml', NULL, 1, '0.000', '16.000', '15.00', '1', '2016-02-19'),
(339, NULL, '7891150014909', 68, 2, 'Suavidad & Brillo', 'Unidad', 'x400ml', NULL, 1, '0.000', '16.000', '15.00', '1', '2016-02-19'),
(340, NULL, '7501056344085', 68, 2, 'Caida Defense', 'Unidad', 'x400ml', NULL, 1, '0.000', '16.000', '15.00', '1', '2016-02-19'),
(341, NULL, '7501056344030', 68, 2, 'Caida Defense', 'Unidad', 'x200ml', NULL, 1, '7.920', '10.000', '26.26', '1', '2016-02-19'),
(342, NULL, '650240010736', 69, 2, 'Control Canas prevencion caida', 'Unidad', 'x415ml', NULL, 1, '20.320', '25.830', '27.14', '1', '2016-05-28'),
(343, NULL, '650240014581', 69, 20, 'Aclarado Natural aclarante', 'Frasco', 'x415ml', NULL, 1, '20.320', '25.830', '27.14', '1', '2016-05-28'),
(344, NULL, '6502400145816', 69, 2, 'Herbolaria Fortalecimiento Capilar', 'Unidad', 'x415ml', NULL, 1, '20.320', '25.830', '27.14', '1', '2016-05-28'),
(345, NULL, '7750075024687', 70, 2, 'Colageno', 'Unidad', 'x250ml', NULL, 1, '13.850', '17.000', '22.74', '1', '2016-02-19'),
(346, NULL, '7750075030848', 70, 2, 'Quinua pro+', 'Unidad', 'x250ml', NULL, 1, '13.850', '17.000', '22.74', '1', '2016-02-19'),
(347, NULL, '7501056338633', 67, 2, 'Reconstruccion Estructural', 'Unidad', 'x350ml', NULL, 1, '11.470', '13.000', '13.34', '1', '2016-02-19'),
(348, NULL, '7702006912921', 67, 2, 'Rizos Obedientes', 'Unidad', 'x350ml', NULL, 1, '11.470', '13.000', '13.34', '1', '2016-02-19'),
(349, NULL, '7791293006789', 67, 2, 'Negros Luminosos', 'Unidad', 'x350ml', NULL, 1, '11.470', '13.000', '13.34', '1', '2016-02-19'),
(350, NULL, '7791293003283', 67, 2, 'Ceramidas', 'Unidad', 'x350ml', NULL, 1, '11.470', '13.000', '13.34', '1', '2016-02-19'),
(351, NULL, '7501056347093', 67, 2, 'Miel y Germen de Trigo', 'Unidad', 'x350ml', NULL, 1, '11.470', '13.000', '13.34', '1', '2016-02-19'),
(352, NULL, '7702006912891', 67, 2, 'Liso Perfecto', 'Unidad', 'x350ml', NULL, 1, '11.470', '13.000', '13.34', '1', '2016-02-19'),
(353, NULL, '7501056332983', 67, 2, 'Liso Perfecto', 'Unidad', 'x350ml', NULL, 1, '11.470', '13.000', '13.34', '1', '2016-02-19'),
(354, NULL, '7501056344634', 67, 2, 'Color Vital', 'Unidad', 'x350ml', NULL, 1, '11.470', '13.000', '13.34', '1', '2016-02-19'),
(355, NULL, '7501056336394', 67, 2, 'SOS Crecimiento Fortificado', 'Unidad', 'x350ml', NULL, 1, '11.470', '13.000', '13.34', '1', '2016-02-19'),
(356, NULL, '7791293021751', 67, 2, 'Caspa 2en1', 'Unidad', 'x350ml', NULL, 1, '11.470', '13.000', '13.34', '1', '2016-02-19'),
(357, NULL, '7791293003382', 67, 2, 'Duo 2en1', 'Unidad', 'x350ml', NULL, 1, '11.470', '13.000', '13.34', '1', '2016-02-19'),
(358, NULL, '7506078947894', 71, 2, 'Elvive Repara Total5', 'Unidad', 'x400ml', NULL, 1, '13.790', '16.000', '16.03', '1', '2016-02-19'),
(359, NULL, '7506078934603', 71, 2, 'Elvive Jalea Real', 'Unidad', 'x400ml', NULL, 1, '13.790', '16.000', '16.03', '1', '2016-02-19'),
(360, NULL, '7506078926912', 71, 2, 'Elvive Color Vive', 'Unidad', 'x400ml', NULL, 1, '13.790', '16.000', '16.03', '1', '2016-02-19'),
(361, NULL, '7509552906219', 71, 2, 'Elvive Kera Liso', 'Unidad', 'x400ml', NULL, 1, '13.790', '16.000', '16.03', '1', '2016-02-19'),
(362, NULL, '7506078959033', 71, 2, 'Elvive Color Vive', 'Unidad', 'x200ml', NULL, 1, '0.000', '10.000', '0.00', '1', '2016-02-19'),
(363, NULL, '7899026487079', 71, 20, 'Elvive Kera Liso', 'Unidad', 'x400ml', NULL, 1, '13.790', '16.000', '16.03', '1', '2016-02-19'),
(364, NULL, '7506078926929', 71, 20, 'Elvive Color Vive', 'Unidad', 'x400ml', NULL, 1, '13.790', '16.000', '16.03', '1', '2016-02-19'),
(365, NULL, '7509552900064', 71, 20, 'Elvive Caida Resit Arginina', 'Unidad', 'x400ml', NULL, 1, '13.790', '16.000', '16.03', '1', '2016-02-19'),
(366, NULL, '7506078947900', 71, 20, 'Elvive Repara Total5', 'Unidad', 'x400ml', NULL, 1, '13.790', '16.000', '16.03', '1', '2016-02-19'),
(367, NULL, '650240007019', 72, 2, 'Ketoconazol 1%', 'Unidad', 'x130ml', NULL, 1, '24.560', '28.500', '16.04', '1', '2016-02-19'),
(368, NULL, '7791293006741', 67, 20, 'Negros Luminosos', 'Unidad', 'x350ml', NULL, 1, '11.470', '13.000', '13.34', '1', '2016-02-19'),
(369, NULL, '7791293008677', 67, 20, 'Liso Perfecto', 'Unidad', 'x350ml', NULL, 1, '11.470', '13.000', '13.34', '1', '2016-02-19'),
(370, NULL, '7791293008660', 67, 20, 'Rizos Obedientes', 'Unidad', 'x350ml', NULL, 1, '11.470', '13.000', '13.34', '1', '2016-02-19'),
(371, NULL, '7501056347116', 67, 20, 'Miel y Germen de Trigo', 'Unidad', 'x350ml', NULL, 1, '11.470', '13.000', '13.34', '1', '2016-02-19'),
(372, NULL, '', 67, 20, 'SOS Crecimiento Fortificado', 'Unidad', 'x350ml', NULL, 1, '11.470', '13.000', '13.34', '1', '2016-02-19'),
(373, NULL, '7791293003801', 67, 20, 'Ceramidas', 'Unidad', 'x350ml', NULL, 1, '11.470', '13.000', '13.34', '1', '2016-02-19'),
(374, NULL, '4005808313167', 4, 53, 'Waterlily & oil', 'Unidad', 'x250ml', NULL, 1, '0.000', '12.000', '15.00', '1', '2016-02-19'),
(375, NULL, '7702113692417', 63, 48, 'Vitane Nature fresh', 'Pack', 'x400ml', NULL, 1, '21.850', '26.000', '18.99', '1', '2016-02-19'),
(376, NULL, '7702113660135', 63, 48, 'Vitane Men Accion Anticaspa', 'Pack', 'x400ml', NULL, 1, '21.850', '26.000', '18.99', '1', '2016-02-19'),
(377, NULL, '7702113660722', 63, 48, 'Vitane Men Accion Anticaida', 'Pack', 'x400ml', NULL, 1, '21.850', '26.000', '18.99', '1', '2016-02-19'),
(378, NULL, '7702045511314', 45, 48, 'Liso Asiatico x375ml+x375ml', 'Pack', '', NULL, 2, '20.450', '24.000', '17.36', '1', '2016-02-19'),
(379, NULL, '7702045548839', 45, 48, '2en1 Keratina x375ml+x375ml', 'Pack', '', NULL, 2, '20.450', '24.000', '17.36', '1', '2016-02-19'),
(380, NULL, '7702045511307', 45, 48, 'Todo tip cab Glosx375ml+x375ml', 'Pack', '', NULL, 2, '20.450', '24.000', '17.36', '1', '2016-02-19'),
(381, NULL, '7702045520583', 45, 2, 'Todo tip cab Glosx200ml+x375ml', 'Unidad', '', NULL, 2, '11.600', '17.000', '46.55', '1', '2016-03-15'),
(382, NULL, '7891150019423', 73, 2, 'Control Caida', 'Unidad', 'x400ml', NULL, 1, '14.720', '16.000', '8.70', '1', '2016-02-19'),
(383, NULL, '7891150025370', 73, 20, 'Puntas Reconstruidas', 'Unidad', 'x400ml', NULL, 1, '14.720', '16.000', '8.70', '1', '2016-02-19'),
(384, NULL, '7891150017337', 73, 20, 'Oleo Nutricion', 'Unidad', 'x400ml', NULL, 1, '14.720', '16.000', '8.70', '1', '2016-02-19'),
(385, NULL, '7791293004976', 73, 20, 'Reconstruccion Completa', 'Unidad', 'x400ml', NULL, 1, '14.720', '16.000', '8.70', '1', '2016-02-19'),
(386, NULL, '7891150019430', 73, 20, 'Control Caida', 'Unidad', 'x400ml', NULL, 1, '14.720', '16.000', '8.70', '1', '2016-02-19'),
(387, NULL, '7791293005027', 73, 20, 'Hidratacion Intensa', 'Unidad', 'x400ml', NULL, 1, '14.720', '16.000', '8.70', '1', '2016-02-19'),
(388, NULL, '7891150017368', 73, 20, 'Oleo Nutricion', 'Unidad', 'x400ml', NULL, 1, '14.720', '16.000', '8.70', '1', '2016-02-19');
INSERT INTO `producto` (`id_producto`, `codigo_producto`, `codigo_barra`, `id_marca`, `id_tipo_producto`, `descripcion`, `presentacion`, `contenido`, `unidad_medida`, `fraccion`, `ult_precio_compra`, `ult_precio_venta`, `utilidad`, `estado`, `ult_modificacion`) VALUES
(389, NULL, '7891150025387', 73, 20, 'Puntas Reconstruidas', 'Unidad', 'x400ml', NULL, 1, '14.720', '16.000', '8.70', '1', '2016-02-19'),
(390, NULL, '7506295302292', 74, 2, 'Hidradisiaco', 'Unidad', 'x300ml', NULL, 1, '10.140', '12.000', '18.34', '1', '2016-02-19'),
(391, NULL, '7506339320213', 74, 2, 'al Desnudo 0%silicona', 'Unidad', 'x300ml', NULL, 1, '10.140', '12.000', '18.34', '1', '2016-02-19'),
(392, NULL, '7506295302322', 74, 2, 'Prolongalo', 'Unidad', 'x300ml', NULL, 1, '10.140', '12.000', '18.34', '1', '2016-02-19'),
(393, NULL, '7506295302278', 74, 2, 'Curvas Peligrosas', 'Unidad', 'x300ml', NULL, 1, '10.140', '12.000', '18.34', '1', '2016-02-19'),
(394, NULL, '7506295302285', 74, 2, 'Enciendete', 'Unidad', 'x300ml', NULL, 1, '10.140', '12.000', '18.34', '1', '2016-02-19'),
(395, NULL, '7891024179925', 10, 65, 'PerioGard sin alcohol', 'Unidad', 'x250ml', NULL, 1, '11.740', '13.500', '14.99', '1', '2016-02-20'),
(396, NULL, '7891024136621', 10, 38, 'Plax Complete Care', 'Unidad', 'x500ml', NULL, 1, '14.830', '17.000', '14.63', '1', '2016-02-20'),
(397, NULL, '7891024179437', 10, 38, 'Luminous White', 'Unidad', 'x500ml', NULL, 1, '14.830', '17.000', '14.63', '1', '2016-02-20'),
(398, NULL, '7891024179420', 10, 38, 'Luminous White', 'Unidad', 'x250ml', NULL, 1, '0.000', '10.000', '15.00', '1', '2016-02-20'),
(399, NULL, '7506339394153', 15, 38, 'Pro Salud Sensi Soft', 'Unidad', 'x500ml', NULL, 1, '13.280', '15.500', '16.72', '1', '2016-02-20'),
(400, NULL, '7702035435552', 75, 38, 'Control Calculo/Sarro', 'Unidad', 'x360ml', NULL, 1, '14.070', '16.200', '15.14', '1', '2016-02-20'),
(401, NULL, '7702035432339', 75, 38, 'Cool Mint', 'Unidad', 'x500ml', NULL, 1, '15.500', '17.820', '14.97', '1', '2016-03-15'),
(402, NULL, '7702035422323', 75, 38, 'Proteccion Dientes y Encias', 'Unidad', 'x500ml', NULL, 1, '15.520', '17.800', '14.69', '1', '2016-02-20'),
(403, NULL, '7702035833839', 75, 38, 'Cuidado Total', 'Unidad', 'x500ml', NULL, 1, '17.450', '20.000', '14.61', '1', '2016-02-20'),
(404, NULL, '7751851010276', 76, 66, 'Colutorio', 'Unidad', 'x500ml', NULL, 1, '13.030', '15.000', '15.12', '1', '2016-02-20'),
(405, NULL, '7702354029791', 77, 2, 'Fusion Maxima Proteccion', 'Unidad', 'x230ml', NULL, 1, '10.030', '11.500', '14.66', '1', '2016-02-20'),
(406, NULL, '7702354029777', 77, 2, 'Black Limpieza Efectiva', 'Unidad', 'x230ml', NULL, 1, '10.030', '11.500', '14.66', '1', '2016-02-20'),
(407, NULL, '7702354012755', 77, 2, 'Force Fortalece la raiz', 'Unidad', 'x230ml', NULL, 1, '10.030', '11.500', '14.66', '1', '2016-02-20'),
(408, NULL, '7702354929732', 77, 2, 'Force Fortalece la raiz', 'Unidad', 'x400ml', NULL, 1, '14.680', '17.000', '15.80', '1', '2016-02-20'),
(409, NULL, '7702354929589', 77, 2, 'Black Limpieza Efectiva', 'Unidad', 'x400ml', NULL, 1, '14.680', '17.000', '15.80', '1', '2016-02-20'),
(410, NULL, '7506295358077', 21, 26, 'Juegos y Sueños XXG', 'Unidad', 'x8und', NULL, 8, '0.000', '9.000', '15.00', '1', '2016-02-20'),
(411, NULL, '7506195122129', 21, 26, 'Juegos y Sueños XXG 8tripacs', 'Paquete', 'x24und', NULL, 8, '23.620', '27.000', '14.31', '1', '2016-03-08'),
(412, NULL, '7501006745078', 21, 26, 'Juegos y Sueños G', 'Paquete', 'x20und', NULL, 20, '15.910', '17.000', '6.85', '1', '2016-03-08'),
(413, NULL, '7506195122105', 21, 26, 'Juegos y Sueños G Tripacs', 'Paquete', 'x30und', NULL, 10, '22.340', '25.800', '15.49', '1', '2016-03-21'),
(414, NULL, '7506309827360', 21, 26, 'Juegos y Sueños P', 'Paquete', 'x24und', NULL, 24, '0.000', '18.000', '15.00', '1', '2016-03-08'),
(415, NULL, '7506309829111', 21, 26, 'Juegos y Sueños P 2pacs', 'Paquete', 'x28und', NULL, 14, '19.990', '23.000', '15.06', '1', '2016-03-22'),
(416, NULL, '7506339399394', 21, 26, 'Juegos y Sueños P ', 'Paquete', 'x48und', NULL, 48, '0.000', '36.000', '15.00', '1', '2016-03-08'),
(417, NULL, '7506195100950', 21, 26, 'Recien Nacido', 'Paquete', 'x40und', NULL, 40, '16.720', '22.000', '31.58', '1', '2016-02-20'),
(418, NULL, '7501006721027', 21, 26, 'Juegos y Sueños M', 'Paquete', 'x72und', NULL, 72, '0.000', '54.000', '15.00', '1', '2016-02-20'),
(419, NULL, '7501006713893', 21, 26, 'Juegos y Sueños G', 'Paquete', 'x60und', NULL, 60, '38.710', '44.500', '14.96', '1', '2016-03-21'),
(420, NULL, '7501006721034', 21, 26, 'Juegos y Sueños XXG', 'Paquete', 'x48und', NULL, 48, '38.710', '44.500', '14.96', '1', '2016-03-21'),
(421, NULL, '3014260279165', 15, 12, 'Pro Salud Stages Cars', 'Unidad', 'x75ml', NULL, 1, '0.000', '7.600', '15.00', '1', '2016-02-20'),
(422, NULL, '', 57, 42, 'Be Close', 'Unidad', 'x12ml', NULL, 1, '0.000', '6.500', '15.00', '1', '2016-02-20'),
(423, NULL, '7750215869192', 78, 67, 'Lipstick Frambuesa', 'Unidad', 'x5gr', NULL, 1, '0.000', '4.000', '15.00', '1', '2016-02-20'),
(424, NULL, '7702018083374', 8, 68, 'Prestobarba', 'Unidad', 'x25gr', NULL, 1, '0.000', '3.000', '15.00', '1', '2016-02-20'),
(425, NULL, '', 79, 69, 'de Lujo', 'Unidad', 'x25ml', NULL, 1, '0.000', '1.500', '15.00', '1', '2016-02-20'),
(426, NULL, '7750215002483', 78, 70, 'Puro Clean', 'Unidad', 'x80gr', NULL, 1, '0.000', '6.000', '15.00', '1', '2016-02-20'),
(427, NULL, '7509546052892', 10, 37, 'Kit Portatil Total 12', 'Estuche', '', NULL, 1, '0.000', '12.000', '15.00', '1', '2016-02-20'),
(428, NULL, '7751257550925', 23, 15, 'Anatomica Silicona 4-8m N°2', 'Unidad', '', NULL, 1, '0.000', '3.500', '15.00', '1', '2016-02-20'),
(429, NULL, '7751257550956', 23, 15, 'Anatomica Silicon 12m+ ext gra', 'Unidad', '', NULL, 1, '0.000', '3.500', '15.00', '1', '2016-02-20'),
(430, NULL, '7751257550949', 23, 15, 'Anatomica Silicona 8-12m N°3', 'Unidad', '', NULL, 1, '0.000', '3.500', '15.00', '1', '2016-02-20'),
(431, NULL, '7702031132844', 6, 18, 'Puro', 'Unidad', 'x50ml', NULL, 1, '0.000', '6.000', '15.00', '1', '2016-02-20'),
(432, NULL, '7891010031046', 6, 18, 'Puro', 'Unidad', 'x100ml', NULL, 1, '0.000', '11.000', '15.00', '1', '2016-02-20'),
(433, NULL, '7891010031145', 6, 18, 'Con aloe y vitamina E', 'Unidad', 'x100ml', NULL, 1, '0.000', '11.000', '15.00', '1', '2016-02-20'),
(434, NULL, '7790010581813', 6, 18, 'Recien Nacido', 'Unidad', 'x100ml', NULL, 1, '0.000', '11.000', '15.00', '1', '2016-02-20'),
(435, NULL, '7702031734628', 6, 18, 'Par antes de Dormir', 'Unidad', 'x100ml', NULL, 1, '0.000', '11.000', '15.00', '1', '2016-02-20'),
(436, NULL, '7501086454181', 82, 13, 'Doble Accion Profile Duro', 'Pack', 'x2und', NULL, 1, '0.000', '8.000', '15.00', '1', '2016-03-12'),
(437, NULL, '7501006731132', 15, 13, 'Pro Salud antibac/90 dias prot', 'Pack', 'x2und', NULL, 1, '9.650', '12.000', '24.35', '1', '2016-02-22'),
(438, NULL, '', 10, 13, '360° Antibacterial', 'Pack', 'x2und', NULL, 1, '10.210', '13.000', '27.33', '1', '2016-02-22'),
(439, NULL, '7501086472055', 82, 13, 'Doble Accion Profile Duro', 'Unidad', 'x1und', NULL, 1, '4.530', '5.000', '10.38', '1', '2016-02-22'),
(440, NULL, '3014260823320', 15, 13, 'Pro Salud 90 Dias de Proteccio', 'Unidad', 'x1und', NULL, 1, '6.360', '7.500', '17.92', '1', '2016-02-22'),
(441, NULL, '7702010130342', 10, 13, '360° Sensitive Pro Alivio', 'Unidad', 'x1und', NULL, 1, '11.560', '13.300', '15.05', '1', '2016-02-22'),
(442, NULL, '7501065012227', 9, 13, 'Clean & Flex firm', 'Unidad', 'x1und', NULL, 1, '5.960', '7.000', '17.45', '1', '2016-02-22'),
(443, NULL, '7501086494644', 82, 13, 'Niños Suave', 'Unidad', 'x1und', NULL, 1, '4.310', '5.000', '16.01', '1', '2016-02-22'),
(444, NULL, '3014260318130', 15, 13, 'Indicator Plus Suave 40', 'Unidad', 'x1und', NULL, 1, '4.310', '5.000', '16.01', '1', '2016-02-22'),
(445, NULL, '3014260279264', 15, 13, 'Pro Salud Stages 5-7 años', 'Unidad', 'x1und', NULL, 1, '6.360', '7.500', '17.92', '1', '2016-02-22'),
(446, NULL, '3014260279288', 15, 13, 'Pro Salud Stages 2-4 años', 'Unidad', 'x1und', NULL, 1, '5.900', '7.500', '27.12', '1', '2016-02-22'),
(447, NULL, '3014260278939', 15, 13, 'Pro Salud Stages 4-24 meses', 'Unidad', 'x1und', NULL, 1, '5.900', '7.500', '27.12', '1', '2016-02-22'),
(448, NULL, '7794640171321', 9, 13, 'Baby Teeth 0-2 años', 'Unidad', 'x1und', NULL, 1, '6.000', '6.800', '13.33', '1', '2016-02-22'),
(449, NULL, '7794640171345', 9, 13, 'My Big Teeth 6+ años', 'Unidad', 'x1und', NULL, 1, '5.480', '7.000', '27.74', '1', '2016-02-22'),
(450, NULL, '6934741705211', 83, 13, 'Kids Soft', 'Unidad', 'x1und', NULL, 1, '0.000', '3.500', '15.00', '1', '2016-02-22'),
(451, NULL, '7591083011104', 10, 13, 'Niños 5+ años Spiderman', 'Unidad', 'x1und', NULL, 1, '7.110', '8.500', '19.55', '1', '2016-02-22'),
(452, NULL, '7793100151231', 10, 13, 'Niños 5+ años Infantil', 'Unidad', 'x1und', NULL, 1, '0.000', '3.500', '15.00', '1', '2016-03-12'),
(453, NULL, '7591083011098', 10, 13, 'Niños 2-5 años Barbie', 'Unidad', 'x1und', NULL, 1, '7.110', '8.500', '19.55', '1', '2016-02-22'),
(454, NULL, '7793100151224', 10, 13, 'Niños 2+ años Infantil', 'Unidad', 'x1und', NULL, 1, '0.000', '3.500', '15.00', '1', '2016-03-12'),
(455, NULL, '3014260806767', 15, 13, '3D White Advantage Medio40', 'Unidad', 'x1und', NULL, 1, '10.160', '11.700', '15.16', '1', '2016-02-22'),
(456, NULL, '7591083011081', 10, 13, 'Niños 0-2 años ', 'Unidad', 'x1und', NULL, 1, '7.497', '8.700', '16.05', '1', '2016-05-28'),
(457, NULL, '3014260278922', 15, 13, 'Pro Salud Stages 8+ Años', 'Unidad', 'x1und', NULL, 1, '6.360', '7.500', '17.92', '1', '2016-02-22'),
(458, NULL, '6934741703200', 83, 13, 'Kids Soft 3+ años', 'Unidad', 'x1und', NULL, 1, '0.000', '3.500', '15.00', '1', '2016-02-22'),
(459, NULL, '', 84, 71, 'Classic Germany', 'Estuche', '', NULL, 1, '0.000', '12.500', '15.00', '1', '2016-02-22'),
(460, NULL, '7509552909166', 71, 52, 'Elvive Oleo Extraordinario', 'Caja', 'x3amp', NULL, 3, '0.000', '22.500', '15.00', '1', '2016-03-16'),
(461, NULL, '7752999002178', 60, 45, 'Orlox 60vol', 'Unidad', 'x60ml', NULL, 1, '0.000', '3.500', '15.00', '1', '2016-03-16'),
(462, NULL, '', 60, 52, 'Neutr Cremo +Permanente huevo', 'Pack', 'x114', NULL, 1, '0.000', '13.500', '15.00', '1', '2016-02-22'),
(463, NULL, '7752999001904', 60, 52, 'Protective CPS2', 'Unidad', 'x13ml', NULL, 1, '0.000', '3.000', '15.00', '1', '2016-02-22'),
(464, NULL, '', 12, 21, 'Una aplicacion', 'Unidad', '', NULL, 1, '0.000', '23.000', '15.00', '1', '2016-02-22'),
(465, NULL, '', 12, 21, 'Duo Pack', 'Unidad', '', NULL, 1, '0.000', '19.500', '15.00', '1', '2016-02-22'),
(466, NULL, '7909189001255', 59, 52, 'Advance Tech Alisado Extend', 'Unidad', 'x30ml', NULL, 1, '11.170', '20.000', '79.05', '1', '2016-02-23'),
(467, NULL, '7909189001231', 59, 52, 'Advance Tech Restaur Intensiva', 'Unidad', 'x30ml', NULL, 1, '11.170', '20.000', '79.05', '1', '2016-02-23'),
(468, NULL, '7899089444071', 59, 7, 'ClearSkin deep Cleansing', 'Unidad', 'x90gr', NULL, 1, '10.420', '16.000', '53.55', '1', '2016-02-23'),
(469, NULL, '7909189026630', 59, 3, 'Disney Princess Blanca Nieves', 'Unidad', 'x150ml', NULL, 1, '11.920', '18.300', '53.52', '1', '2016-02-23'),
(470, NULL, '7909189026548', 59, 3, 'Disney Princess Bella', 'Unidad', 'x150ml', NULL, 1, '9.970', '16.000', '60.48', '1', '2016-02-23'),
(471, NULL, '7909189011872', 59, 72, 'Care Aloe Vera', 'Unidad', 'x1lt', NULL, 1, '19.950', '30.000', '50.38', '1', '2016-02-23'),
(472, NULL, '7909189014552', 59, 72, 'Care Triple Accion', 'Unidad', 'x1lt', NULL, 1, '19.950', '30.000', '50.38', '1', '2016-02-23'),
(473, NULL, '7899089476621', 59, 2, 'Naturals Cab Maxima Hidratacio', 'Unidad', 'x300ml', NULL, 1, '7.450', '14.000', '87.92', '1', '2016-02-23'),
(474, NULL, '7899089476829', 59, 2, 'Naturals Cab Hidratacion y Vit', 'Unidad', 'x300ml', NULL, 1, '7.450', '14.000', '87.92', '1', '2016-02-23'),
(475, NULL, '7899089476805', 59, 9, 'Naturals Cab Completa Reparaci', 'Unidad', 'x300gr', NULL, 1, '7.450', '14.000', '87.92', '1', '2016-02-23'),
(476, NULL, '7899089476720', 59, 9, 'Naturals Cab Hidratacion y Vit', 'Unidad', 'x300gr', NULL, 1, '7.450', '14.000', '87.92', '1', '2016-02-23'),
(477, NULL, '7899089476737', 59, 9, 'Naturals Cab Maxima Hidratacio', 'Unidad', 'x300gr', NULL, 1, '7.450', '14.000', '87.92', '1', '2016-02-23'),
(478, NULL, '7899089473569', 59, 31, 'On Duty cool confidence', 'Unidad', 'x50ml', NULL, 1, '4.100', '6.500', '58.54', '1', '2016-02-23'),
(479, NULL, '7899089486880', 59, 31, 'On Duty Invisible', 'Unidad', 'x50ml', NULL, 1, '4.100', '6.500', '58.54', '1', '2016-02-23'),
(480, NULL, '7899089473552', 59, 31, 'On Duty Pink Spirit', 'Unidad', 'x50ml', NULL, 1, '4.100', '6.500', '58.54', '1', '2016-02-23'),
(481, NULL, '48958', 59, 31, 'Skin So Soft Soft & smooth', 'Unidad', 'x50ml', NULL, 1, '4.100', '6.500', '58.54', '1', '2016-02-23'),
(482, NULL, '17831', 59, 31, 'Skin So Soft Soft & white', 'Unidad', 'x50ml', NULL, 1, '4.100', '6.500', '58.54', '1', '2016-02-23'),
(483, NULL, '59750', 59, 31, 'Skin So Soft Signature silk', 'Unidad', 'x50ml', NULL, 1, '4.100', '6.500', '58.54', '1', '2016-02-23'),
(484, NULL, '7899089473750', 59, 31, 'On Duty Men Invisible', 'Unidad', 'x50ml', NULL, 1, '4.100', '6.500', '58.54', '1', '2016-02-23'),
(485, NULL, '7899089479585', 59, 31, 'On Duty Men max', 'Unidad', 'x50ml', NULL, 1, '4.100', '6.500', '58.54', '1', '2016-02-23'),
(486, NULL, '7899089487535', 59, 31, 'Exclusive', 'Unidad', 'x50ml', NULL, 1, '3.190', '6.500', '103.76', '1', '2016-02-23'),
(487, NULL, '42088', 59, 31, 'Musk for men', 'Unidad', 'x50ml', NULL, 1, '3.690', '6.500', '76.15', '1', '2016-02-23'),
(488, NULL, '7899089484336', 59, 3, 'Exclusive', 'Unidad', 'x100ml', NULL, 1, '25.380', '40.000', '57.60', '1', '2016-02-23'),
(489, NULL, '42086', 59, 3, 'Musk for men', 'Unidad', 'x100ml', NULL, 1, '18.450', '30.000', '62.60', '1', '2016-02-23'),
(490, NULL, '7909189015573', 59, 3, 'Black Suede', 'Unidad', 'x100ml', NULL, 1, '17.430', '30.000', '72.12', '1', '2016-02-23'),
(491, NULL, '58695', 59, 72, 'Skin So Soft Blossoming petals', 'Unidad', 'x250ml', NULL, 1, '12.450', '15.600', '25.30', '1', '2016-02-23'),
(492, NULL, '58696', 59, 3, 'Skin So Soft Blossoming petals', 'Unidad', 'x120ml', NULL, 1, '12.450', '15.600', '25.30', '1', '2016-02-23'),
(493, NULL, '66226262', 59, 4, 'Musk for men', 'Unidad', 'x100gr', NULL, 1, '7.380', '10.000', '35.50', '1', '2016-02-23'),
(494, NULL, '66271156', 59, 4, 'Black Suede', 'Unidad', 'x100gr', NULL, 1, '6.980', '10.000', '43.27', '1', '2016-02-23'),
(495, NULL, '', 13, 21, 'Cor Intensa', 'Unidad', '', NULL, 1, '7.770', '10.000', '28.70', '1', '2016-02-23'),
(496, NULL, '', 13, 21, 'Nutrisser Mascara Nutricolor', 'Unidad', '', NULL, 1, '0.000', '17.500', '15.00', '1', '2016-02-23'),
(497, NULL, '', 71, 21, 'Excellence Creme', 'Unidad', '', NULL, 1, '23.250', '26.900', '15.70', '1', '2016-02-23'),
(498, NULL, '', 71, 21, 'Excellence Casting', 'Unidad', '', NULL, 1, '22.870', '26.000', '13.69', '1', '2016-02-23'),
(499, NULL, '', 85, 21, 'Coloracion en crema sachet', 'Unidad', '', NULL, 1, '2.850', '3.500', '22.81', '1', '2016-02-23'),
(500, NULL, '7899089435536', 59, 73, 'ColorTrend Rosa Intenso', 'Unidad', 'x7gr', NULL, 1, '0.000', '15.000', '15.00', '1', '2016-02-23'),
(501, NULL, '7702626363042', 86, 74, 'Blanco', 'Unidad', 'x60ml', NULL, 1, '7.700', '8.900', '15.58', '1', '2016-02-23'),
(502, NULL, '628814000018', 59, 13, 'Cepillo 4 en 1', 'Unidad', '', NULL, 1, '0.000', '13.500', '15.00', '1', '2016-02-23'),
(503, NULL, '7591005574014', 87, 75, '45 noches Protecc zancud', 'Unidad', 'x32.9ml', NULL, 1, '0.000', '15.000', '15.00', '1', '2016-03-16'),
(504, NULL, '7591005677791', 87, 76, 'Unidad Electrica + pastillas', 'Unidad', 'x4past', NULL, 1, '0.000', '13.800', '15.00', '1', '2016-02-23'),
(505, NULL, '041333431482', 88, 22, 'AAA ', 'Unidad', 'x2und', NULL, 1, '2.990', '4.500', '50.50', '1', '2016-02-23'),
(506, NULL, '847610008749', 89, 77, 'Colageno', 'Unidad', '', NULL, 1, '0.000', '18.000', '15.00', '1', '2016-02-23'),
(507, NULL, '8809389036202', 90, 77, 'Hydrogel', 'Unidad', '', NULL, 1, '0.000', '15.000', '15.00', '1', '2016-02-23'),
(508, NULL, '650240009693', 16, 79, 'Beige Mate', 'Unidad', 'x10gr', NULL, 1, '25.420', '29.500', '16.05', '1', '2016-02-23'),
(509, NULL, '650240009709', 16, 79, 'Natural Mate', 'Unidad', 'x10gr', NULL, 1, '25.420', '29.500', '16.05', '1', '2016-02-23'),
(510, NULL, '650240009686', 16, 79, 'Bronce Mate', 'Unidad', 'x10gr', NULL, 1, '25.420', '29.500', '16.05', '1', '2016-02-23'),
(511, NULL, '650240010576', 16, 155, 'Claro Mate', 'Unidad', 'x10gr', NULL, 1, '25.420', '29.230', '15.00', '1', '2016-05-28'),
(512, NULL, '7501056332686', 91, 80, 'Rejuveness', 'Unidad', 'x12gr', NULL, 1, '0.000', '9.000', '15.03', '1', '2016-02-23'),
(513, NULL, '7506306226678', 91, 80, 'Clarant B3', 'Unidad', 'x12gr', NULL, 1, '0.000', '9.000', '15.03', '1', '2016-02-23'),
(514, NULL, '7506306226692', 91, 80, 'Angel Face', 'Unidad', 'x12gr', NULL, 1, '0.000', '9.000', '15.03', '1', '2016-02-23'),
(515, NULL, '7501056344672', 91, 80, 'Oil Control', 'Unidad', 'x12gr', NULL, 1, '0.000', '9.000', '15.03', '1', '2016-02-23'),
(516, NULL, '7751257016322', 23, 81, 'Extra Gruesas 2paqx100und', 'Unidad', '', NULL, 3, '17.590', '19.500', '10.86', '1', '2016-03-12'),
(517, NULL, '7290000720814', 23, 81, 'Extra Gruesas', 'Unidad', 'x72und', NULL, 1, '0.000', '8.500', '15.00', '1', '2016-02-23'),
(518, NULL, '7751257014861', 23, 81, 'Extra Gruesas', 'Unidad', 'x100und', NULL, 1, '0.000', '10.000', '15.00', '1', '2016-03-12'),
(519, NULL, '7759598002929', 92, 81, 'Flip Top', 'Unidad', 'x60und', NULL, 1, '0.000', '6.800', '15.00', '1', '2016-02-23'),
(520, NULL, '7759598004589', 92, 81, 'Flip Top', 'Unidad', 'x120und', NULL, 1, '0.000', '0.000', '15.00', '1', '2016-02-23'),
(521, NULL, '7759598004688', 92, 81, 'Flip Top Tamaño familiar', 'Unidad', 'x100und', NULL, 1, '0.000', '0.000', '15.00', '1', '2016-02-23'),
(522, NULL, '4015400636496', 21, 81, 'Sensitive', 'Unidad', 'x12und', NULL, 1, '1.720', '2.000', '16.28', '1', '2016-02-23'),
(523, NULL, '', 21, 81, 'Fresh Clean', 'Unidad', 'x64und', NULL, 1, '7.450', '8.500', '14.09', '1', '2016-02-25'),
(524, NULL, '4015400550440', 21, 81, 'Locion con Vit E', 'Unidad', 'x64und', NULL, 1, '7.450', '8.500', '14.09', '1', '2016-02-25'),
(525, NULL, '7702031258056', 6, 17, 'Sin Alcohol', 'Unidad', 'x70und', NULL, 1, '6.100', '7.000', '14.75', '1', '2016-03-16'),
(526, NULL, '7861078304253', 31, 81, 'Aloe', 'Unidad', 'x48und', NULL, 1, '0.000', '7.500', '15.00', '1', '2016-02-23'),
(527, NULL, '7751257016889', 93, 81, 'Extragruesas Aloe Vera', 'Unidad', 'x60und', NULL, 1, '3.920', '4.500', '14.80', '1', '2016-03-15'),
(528, NULL, '036000188400', 22, 81, 'Natural Care Sof Sensitive', 'Unidad', 'x16und', NULL, 1, '0.000', '6.500', '15.00', '1', '2016-02-23'),
(529, NULL, '7891010936624', 6, 81, 'Hora de jugar', 'Unidad', 'x25und', NULL, 1, '7.650', '8.800', '15.03', '1', '2016-03-09'),
(530, NULL, '7800018173658', 94, 81, 'Dermocare', 'Unidad', 'x60und', NULL, 1, '0.000', '8.000', '15.00', '1', '2016-02-23'),
(531, NULL, '7800018174624', 94, 81, 'Aloecare', 'Unidad', 'x50und', NULL, 1, '0.000', '7.500', '15.00', '1', '2016-02-25'),
(532, NULL, '7861078302358', 95, 82, 'con Aloe Calendula', 'Unidad', 'x50und', NULL, 1, '14.280', '16.500', '15.55', '1', '2016-02-23'),
(533, NULL, '7891040137985', 96, 83, 'Ponjita Esp de Celulosa', 'Unidad', '', NULL, 1, '0.000', '13.600', '15.00', '1', '2016-02-23'),
(534, NULL, '7891040137961', 96, 83, 'CURAUA Naturals', 'Unidad', '', NULL, 1, '9.880', '11.500', '16.40', '1', '2016-02-23'),
(535, NULL, '7891040141418', 96, 83, 'CURAUA Naturals Con Espuma', 'Unidad', '', NULL, 1, '10.400', '12.000', '15.38', '1', '2016-02-23'),
(536, NULL, '7891040118649', 96, 83, 'Ponjita Disney Princesa', 'Unidad', '', NULL, 1, '0.000', '15.000', '15.38', '1', '2016-03-16'),
(537, NULL, '207481542757', 97, 84, 'Professional Grade', 'Unidad', '', NULL, 1, '11.650', '14.500', '24.46', '1', '2016-02-23'),
(538, NULL, '4007669243669', 98, 84, '10cm', 'Unidad', '', NULL, 1, '24.350', '30.000', '23.20', '1', '2016-02-23'),
(539, NULL, '4894285000338', 59, 85, 'Disney Princesas minicep', 'Unidad', '', NULL, 1, '0.000', '7.000', '15.00', '1', '2016-02-23'),
(540, NULL, '', 99, 86, 'Accesorio Profesional', 'Unidad', '', NULL, 1, '0.000', '3.500', '15.00', '1', '2016-02-23'),
(541, NULL, '6901000139841', 100, 87, 'Ladies Manicure', 'Unidad', '', NULL, 1, '0.000', '15.000', '15.00', '1', '2016-03-15'),
(542, NULL, '7702035430090', 75, 38, 'Control Calculo/Sarro', 'Unidad', 'x180ml', NULL, 1, '8.650', '9.900', '14.45', '1', '2016-03-16'),
(543, NULL, '7702031587637', 75, 38, 'Zero', 'Unidad', 'x180ml', NULL, 1, '7.740', '9.000', '16.28', '1', '2016-02-23'),
(544, NULL, '7702035833815', 75, 38, 'Cuidado Total', 'Unidad', 'x180ml', NULL, 1, '9.220', '10.600', '14.97', '1', '2016-02-23'),
(545, NULL, '7506295307754', 15, 38, '3D White Brillante fresh', 'Unidad', '', NULL, 1, '8.070', '9.500', '17.72', '1', '2016-02-23'),
(546, NULL, '7891024130940', 10, 38, 'Plax Soft Mint', 'Unidad', '', NULL, 1, '0.000', '10.000', '15.00', '1', '2016-02-23'),
(547, NULL, '7891024131077', 10, 38, 'Plax Complete Care', 'Unidad', 'x250ml', NULL, 1, '9.900', '11.500', '16.16', '1', '2016-02-23'),
(548, NULL, '7750215635087', 78, 88, 'QuitaEsmalte Limon', 'Unidad', 'x30ml', NULL, 1, '1.230', '1.500', '21.95', '1', '2016-02-23'),
(549, NULL, '7750215635070', 78, 88, 'QuitaEsmalte Fresa', 'Unidad', 'x30ml', NULL, 1, '1.230', '1.500', '21.95', '1', '2016-02-23'),
(550, NULL, '7750215635032', 78, 88, 'QuitaEsmalte Fresa', 'Unidad', 'x70ml', NULL, 1, '2.010', '2.500', '24.38', '1', '2016-02-23'),
(551, NULL, '7750215635049', 78, 88, 'QuitaEsmalte Limon', 'Unidad', 'x70ml', NULL, 1, '2.010', '2.500', '24.38', '1', '2016-02-23'),
(552, NULL, '7750215228623', 78, 88, 'QuitaEsmalte Limon', 'Unidad', 'x175ml', NULL, 1, '3.800', '4.500', '18.42', '1', '2016-02-23'),
(553, NULL, '7750215635056', 78, 88, 'QuitaEsmalte Fresa', 'Unidad', 'x175ml', NULL, 1, '3.800', '4.500', '18.42', '1', '2016-02-23'),
(554, NULL, '7501015903315', 101, 88, 'Original', 'Unidad', 'x50ml', NULL, 1, '4.850', '5.600', '15.46', '1', '2016-02-23'),
(555, NULL, '7501015903322', 101, 88, 'Endurecedor', 'Unidad', 'x50ml', NULL, 1, '4.850', '5.600', '15.46', '1', '2016-02-23'),
(556, NULL, '7501015903339', 101, 88, 'Extra Humectante', 'Unidad', 'x50ml', NULL, 1, '4.850', '5.600', '15.46', '1', '2016-02-23'),
(557, NULL, '7501015903407', 101, 88, 'Extra Humectante', 'Unidad', 'x100ml', NULL, 1, '6.350', '7.300', '14.96', '1', '2016-02-23'),
(558, NULL, '7501015903353', 101, 88, 'Endurecedor', 'Unidad', 'x100ml', NULL, 1, '6.350', '7.300', '14.96', '1', '2016-02-23'),
(559, NULL, '7501015903346', 101, 88, 'Original', 'Unidad', 'x100ml', NULL, 1, '6.350', '7.300', '14.96', '1', '2016-02-23'),
(560, NULL, '', 102, 52, 'Tricopherous', 'Unidad', 'x100ml', NULL, 1, '0.000', '4.500', '15.00', '1', '2016-02-23'),
(561, NULL, '', 102, 52, 'Tricopherous', 'Unidad', 'x220ml', NULL, 1, '0.000', '6.000', '15.00', '1', '2016-02-23'),
(562, NULL, '', 102, 52, 'Tricopherous Fortificado', 'Unidad', 'x100ml', NULL, 1, '0.000', '6.500', '15.00', '1', '2016-02-23'),
(563, NULL, '7702354934606', 61, 9, 'Sabila y miel', 'Unidad', 'x275ml', NULL, 1, '8.250', '12.000', '45.45', '1', '2016-02-23'),
(564, NULL, '7506339334357', 8, 10, 'Pretobarba3 verde', 'Unidad', '', NULL, 1, '0.000', '3.500', '15.00', '1', '2016-02-23'),
(565, NULL, '7702027040252', 18, 89, 'Natural Buenas Noches', 'Unidad', 'x10und', NULL, 1, '5.130', '6.000', '16.96', '1', '2016-02-25'),
(566, NULL, '7702027040467', 18, 89, 'Invisible Rapigel', 'Unidad', 'x10und', NULL, 1, '3.310', '4.000', '20.85', '1', '2016-02-25'),
(567, NULL, '7702027041587', 18, 89, 'Buenas Noches Invis Rapise', 'Unidad', 'x10und', NULL, 1, '5.130', '6.000', '16.96', '1', '2016-02-25'),
(568, NULL, '7702027494512', 18, 89, 'Natural Invisible Clasic ', 'Unidad', 'x10und', NULL, 1, '2.900', '3.500', '20.69', '1', '2016-02-25'),
(569, NULL, '7702027041556', 18, 89, 'Natural Invisible ', 'Unidad', 'x14und', NULL, 1, '6.210', '7.500', '20.77', '1', '2016-02-25'),
(570, NULL, '7702027436802', 18, 89, 'Frescura Extrema', 'Unidad', 'x8und', NULL, 1, '4.700', '5.500', '17.02', '1', '2016-02-25'),
(571, NULL, '7702027419454', 18, 89, 'Natural', 'Unidad', 'x14und', NULL, 1, '4.830', '5.500', '13.87', '1', '2016-02-25'),
(572, NULL, '7702027040917', 18, 89, 'Plus Rapisec', 'Unidad', 'x16und', NULL, 1, '5.250', '6.000', '14.29', '1', '2016-02-25'),
(573, NULL, '7702027042942', 18, 89, 'Ultra invisible Algod', 'Unidad', 'x8und', NULL, 1, '4.160', '5.000', '20.19', '1', '2016-02-25'),
(574, NULL, '7702027416880', 18, 89, 'Natural Invisible Algodo', 'Unidad', 'x8und', NULL, 1, '3.810', '4.500', '18.11', '1', '2016-02-25'),
(575, NULL, '6910021007206', 10, 13, 'Premier Clean', 'Unidad', '', NULL, 1, '0.000', '1.800', '15.00', '1', '2016-02-25'),
(576, NULL, '7501086454617', 82, 13, 'Multiple Accion', 'Pack', 'x2und', NULL, 1, '4.370', '6.000', '37.30', '1', '2016-02-25'),
(577, NULL, '7509546008370', 10, 13, 'Zig Zag', 'Unidad', 'x2und', NULL, 1, '5.530', '6.500', '17.54', '1', '2016-02-25'),
(578, NULL, '7506295383123', 103, 89, 'Platinum Collection Nocturna', 'Unidad', 'x8und', NULL, 1, '5.220', '6.000', '15.00', '1', '2016-02-25'),
(579, NULL, '7501001169374', 103, 89, 'Noches Tranquilas reg', 'Unidad', 'x8und', NULL, 1, '4.230', '5.000', '18.20', '1', '2016-02-25'),
(580, NULL, '7501065922724', 103, 89, 'Proteccion Total dia', 'Unidad', 'x8und', NULL, 1, '4.350', '5.000', '15.00', '1', '2016-02-25'),
(581, NULL, '7506295383130', 103, 89, 'Platinum Collection Ulrafino', 'Unidad', 'x8und', NULL, 1, '4.630', '5.500', '18.79', '1', '2016-02-25'),
(582, NULL, '7590002012383', 103, 89, 'Noches Tranquilas utrafin flex', 'Unidad', 'x8und', NULL, 1, '4.350', '5.000', '14.94', '1', '2016-02-25'),
(583, NULL, '7506195129838', 103, 89, 'Pink Proteccion Total norm', 'Unidad', 'x8und', NULL, 1, '3.580', '4.200', '17.32', '1', '2016-02-25'),
(584, NULL, '7506339337464', 103, 89, 'Suave Super Proteccion', 'Unidad', 'x8und', NULL, 1, '3.480', '4.000', '15.00', '1', '2016-02-25'),
(585, NULL, '7501065922755', 103, 89, 'Ultra Active ultrafino', 'Unidad', 'x8und', NULL, 1, '0.000', '5.000', '15.00', '1', '2016-02-25'),
(586, NULL, '7702027434020', 18, 89, 'Diarios Normal algodon', 'Unidad', 'x15und', NULL, 1, '2.110', '2.500', '18.48', '1', '2016-02-25'),
(587, NULL, '7702027048548', 18, 89, 'Diarios Desod Normal', 'Unidad', 'x15und', NULL, 1, '2.110', '2.500', '18.48', '1', '2016-02-25'),
(588, NULL, '7702027444685', 18, 89, 'Diarios Multiestilo', 'Unidad', 'x15und', NULL, 1, '2.250', '2.600', '15.56', '1', '2016-02-25'),
(589, NULL, '7702027444562', 18, 89, 'Diarios Dobles 2en1', 'Unidad', 'x50und', NULL, 1, '0.000', '8.000', '15.00', '1', '2016-03-11'),
(590, NULL, '7702031500605', 104, 89, 'Desodorante', 'Unidad', 'x15und', NULL, 1, '2.750', '3.200', '16.36', '1', '2016-02-25'),
(591, NULL, '7702031500377', 104, 89, 'Diario Desodorante', 'Unidad', 'x15und', NULL, 1, '2.750', '3.200', '16.36', '1', '2016-05-28'),
(592, NULL, '7702031501398', 104, 89, 'Diario Brisa', 'Unidad', 'x15und', NULL, 1, '2.750', '3.200', '16.36', '1', '2016-05-28'),
(593, NULL, '7702027482694', 18, 89, 'Normal Algodon', 'Unidad', 'x100und', NULL, 1, '11.980', '14.000', '16.86', '1', '2016-02-25'),
(594, NULL, '7702031954507', 104, 89, 'Largo', 'Unidad', 'x40und', NULL, 1, '6.390', '7.500', '17.37', '1', '2016-02-25'),
(595, NULL, '7702031504382', 104, 89, 'Brisa', 'Unidad', 'x40und', NULL, 1, '6.390', '7.500', '17.37', '1', '2016-02-25'),
(596, NULL, '7702031502548', 104, 89, 'Original', 'Unidad', 'x40und', NULL, 1, '6.390', '7.500', '17.37', '1', '2016-02-25'),
(597, NULL, '7702027482908', 18, 89, 'Diarios Desodorante Normal', 'Unidad', 'x60und', NULL, 1, '7.120', '8.500', '19.38', '1', '2016-03-09'),
(598, NULL, '7702027435409', 18, 90, 'Sin aplicador Digital 5+5 Super', 'Pack', '', NULL, 1, '0.000', '6.700', '15.00', '1', '2016-03-09'),
(599, NULL, '7759307245845', 105, 75, 'Repelente de Insectos', 'Unidad', 'x100ml', NULL, 1, '0.000', '12.800', '15.00', '1', '2016-03-16'),
(600, NULL, '7759307114585', 106, 75, 'Repelente de Insectos', 'Unidad', 'x55ml', NULL, 1, '9.210', '10.600', '15.09', '1', '2016-02-25'),
(601, NULL, '7751851004190', 107, 75, 'Repelente de Insectos', 'Unidad', 'x90ml', NULL, 1, '5.830', '6.700', '15.00', '1', '2016-02-25'),
(602, NULL, '7591005004917', 108, 75, 'Repelente de Insectos', 'Unidad', 'x127gr', NULL, 1, '12.220', '14.050', '14.98', '1', '2016-02-25'),
(603, NULL, '7501059316805', 109, 46, 'Firme y Natural', 'Unidad', 'x200gr', NULL, 1, '5.360', '6.200', '15.67', '1', '2016-02-25'),
(604, NULL, '7501059312227', 109, 46, 'Fijador For Men', 'Unidad', 'x400gr', NULL, 1, '8.210', '9.500', '15.71', '1', '2016-02-25'),
(605, NULL, '7752999003113', 60, 46, 'Lano.Brill Lan Styl x100g+x60g', 'Pack', '', NULL, 1, '10.650', '12.500', '17.37', '1', '2016-02-25'),
(606, NULL, '7702354931216', 77, 46, 'Extreme Max', 'Unidad', 'x100gr', NULL, 1, '2.340', '3.000', '28.21', '1', '2016-02-25'),
(607, NULL, '7702354931209', 77, 46, 'Extreme Max', 'Unidad', 'x220gr', NULL, 1, '6.450', '7.420', '15.04', '1', '2016-03-15'),
(608, NULL, '7702354936082', 77, 46, 'Black cool', 'Unidad', 'x100gr', NULL, 1, '2.340', '3.000', '28.21', '1', '2016-02-25'),
(609, NULL, '7702354936099', 77, 46, 'Black cool', 'Unidad', 'x220gr', NULL, 1, '5.830', '7.000', '20.07', '1', '2016-02-25'),
(610, NULL, '7702354936105', 77, 46, 'Black cool', 'Unidad', 'x505gr', NULL, 1, '10.800', '12.500', '15.74', '1', '2016-02-25'),
(611, NULL, '7702354931193', 77, 46, 'Extreme Max', 'Unidad', 'x500gr', NULL, 1, '11.300', '12.990', '14.96', '1', '2016-03-15'),
(612, NULL, '7751370000697', 23, 91, 'Para bebes', 'Unidad', 'x300und', NULL, 1, '7.070', '8.500', '20.23', '1', '2016-02-25'),
(613, NULL, '7891010032937', 6, 91, 'Cotonetes', 'Unidad', 'x150und', NULL, 1, '7.870', '9.800', '24.52', '1', '2016-02-25'),
(614, NULL, '7751370000475', 110, 91, 'Buds', 'Unidad', 'x300und', NULL, 1, '5.350', '6.500', '21.50', '1', '2016-02-25'),
(615, NULL, '7891010560737', 6, 91, 'Cotonetes', 'Unidad', 'x75und', NULL, 1, '5.210', '6.000', '15.16', '1', '2016-02-25'),
(616, NULL, '7891010047764', 6, 91, 'Cotonetes', 'Unidad', 'x300und', NULL, 1, '10.940', '12.800', '17.00', '1', '2016-02-25'),
(617, NULL, '7702425546059', 111, 17, 'Classic', 'Unidad', 'x10und', NULL, 1, '0.000', '1.000', '15.00', '1', '2016-03-16'),
(618, NULL, '46061160', 10, 12, 'Smiles 2-5 años Barbie', 'Unidad', 'x75ml', NULL, 1, '7.990', '9.190', '15.02', '1', '2016-02-25'),
(619, NULL, '7509546003122', 10, 12, 'Smiles 6+ años Barbie', 'Unidad', 'x75ml', NULL, 1, '7.990', '9.190', '15.02', '1', '2016-02-25'),
(620, NULL, '7759307789851', 112, 33, 'Crema Nocturna', 'Unidad', 'x100ml', NULL, 1, '0.000', '17.300', '15.00', '1', '2016-02-25'),
(621, NULL, '7898487301566', 113, 92, 'CHRONOS', 'Unidad', 'x15gr', NULL, 1, '0.000', '70.000', '15.00', '1', '2016-03-14'),
(622, NULL, '7898487302068', 113, 33, 'CHRONOS', 'Unidad', 'x50gr', NULL, 1, '0.000', '65.000', '15.00', '1', '2016-03-14'),
(623, NULL, '', 58, 33, 'Concentre Total', 'Unidad', 'x50gr', NULL, 1, '0.000', '209.000', '15.00', '1', '2016-03-16'),
(624, NULL, '', 58, 33, 'Concentre Total Yeux', 'Unidad', 'x15gr', NULL, 1, '0.000', '207.000', '15.00', '1', '2016-03-16'),
(625, NULL, '26248', 59, 33, 'Naturals face extra hum rosa m', 'Unidad', 'x75gr', NULL, 1, '0.000', '8.500', '15.00', '1', '2016-02-25'),
(626, NULL, '4005900030887', 4, 33, 'Aclarado Radiante de noche', 'Unidad', 'x50ml', NULL, 1, '0.000', '26.000', '15.00', '1', '2016-02-25'),
(627, NULL, '7750215228555', 78, 8, 'Concha de Nacar', 'Unidad', 'x120gr', NULL, 1, '0.000', '12.000', '15.00', '1', '2016-02-25'),
(628, NULL, '', 58, 33, 'Concentre total REPUESTO', 'Unidad', 'x50gr', NULL, 1, '0.000', '0.000', '15.00', '1', '2016-03-16'),
(629, NULL, '7702027444548', 18, 89, 'Diarios Dobles 2en1', 'Unidad', 'x100und', NULL, 1, '0.000', '16.000', '15.00', '1', '2016-03-11'),
(630, NULL, '7702031787563', 114, 89, 'Especial Suave con Alas Adapt', 'Unidad', 'x10und', NULL, 1, '2.700', '3.200', '18.52', '1', '2016-02-25'),
(631, NULL, '7702031787570', 114, 89, 'Especial Suave con Alas Normal', 'Unidad', 'x10und', NULL, 1, '2.700', '3.200', '18.52', '1', '2016-02-25'),
(632, NULL, '7891010025878', 114, 89, 'Max Suave Nocturma', 'Unidad', 'x8und', NULL, 1, '5.300', '6.000', '13.21', '1', '2016-03-16'),
(633, NULL, '7702027042935', 18, 89, 'Extra Proteccion Suavesec', 'Unidad', 'x8und', NULL, 1, '4.060', '4.670', '15.02', '1', '2016-02-25'),
(634, NULL, '7702027419126', 18, 89, 'Natural Plus Algodon', 'Unidad', 'x8und', NULL, 1, '3.050', '3.510', '15.08', '1', '2016-02-25'),
(635, NULL, '7759307006538', 115, 93, 'Men azul', 'Unidad', 'x75gr', NULL, 1, '11.120', '12.790', '15.00', '1', '2016-02-25'),
(636, NULL, '7759307624657', 115, 93, 'Rojo', 'Unidad', 'x36gr', NULL, 1, '6.090', '7.000', '15.00', '1', '2016-02-25'),
(637, NULL, '7759307006545', 115, 93, 'Men', 'Unidad', 'x36gr', NULL, 1, '6.090', '7.000', '15.00', '1', '2016-02-25'),
(638, NULL, '7759307624688', 115, 93, 'Rojo', 'Unidad', 'x75gr', NULL, 1, '11.120', '12.790', '15.00', '1', '2016-02-25'),
(639, NULL, '7751851014052', 116, 93, 'Sport con aloe', '', 'x80gr', NULL, 1, '0.000', '6.000', '15.00', '1', '2016-02-25'),
(640, NULL, '7501056330484', 91, 33, 'Rejuveness', 'Unidad', 'x50gr', NULL, 1, '12.530', '14.000', '11.73', '1', '2016-03-31'),
(641, NULL, '7501056332075', 91, 33, 'Rejuveness', 'Unidad', 'x100gr', NULL, 1, '18.830', '21.650', '14.98', '1', '2016-02-25'),
(642, NULL, '7501056330255', 91, 33, 'Clarant B3', 'Unidad', 'x50gr', NULL, 1, '10.990', '12.500', '13.74', '1', '2016-03-31'),
(643, NULL, '7501056330262', 91, 33, 'Clarant B3', 'Unidad', 'x100gr', NULL, 1, '16.730', '19.200', '14.76', '1', '2016-03-31'),
(644, NULL, '7501056326142', 91, 33, 'Crema S', 'Unidad', 'x100gr', NULL, 1, '12.180', '15.000', '23.15', '1', '2016-02-25'),
(645, NULL, '7501056325442', 91, 33, 'Crema S', 'Unidad', 'x50gr', NULL, 1, '6.930', '8.000', '15.44', '1', '2016-02-25'),
(646, NULL, '7501056325176', 91, 33, 'Crema C', 'Unidad', 'x95gr', NULL, 1, '12.180', '14.010', '15.02', '1', '2016-02-25'),
(647, NULL, '7501056325169', 91, 33, 'Crema C', 'Unidad', 'x45gr', NULL, 1, '7.140', '8.200', '14.85', '1', '2016-03-31'),
(648, NULL, '7506195148686', 5, 2, 'Limpieza Renovadora', 'Unidad', 'x90ml', NULL, 1, '3.980', '4.500', '13.07', '1', '2016-02-26'),
(649, NULL, '7506339346022', 5, 2, 'Alivio instantaneo', 'Unidad', 'x200ml', NULL, 1, '10.160', '11.500', '13.19', '1', '2016-02-26'),
(650, NULL, '7501001133306', 5, 2, 'Humectacion Instantanea', 'Unidad', 'x400ml', NULL, 1, '15.580', '17.500', '12.32', '1', '2016-02-26'),
(651, NULL, '7501001244262', 5, 2, 'Proteccion Caida', 'Unidad', 'x400ml', NULL, 1, '15.580', '17.500', '12.32', '1', '2016-02-26'),
(652, NULL, '7891058018665', 117, 94, 'Pro bio Breeze', 'Unidad', 'x200ml', NULL, 1, '15.870', '18.500', '16.57', '1', '2016-02-26'),
(653, NULL, '7891058018634', 117, 94, 'Pro bio Delicata', 'Unidad', 'x200ml', NULL, 1, '14.210', '16.500', '16.12', '1', '2016-02-26'),
(654, NULL, '7891058003906', 117, 11, 'Infantil', 'Unidad', 'x200ml', NULL, 1, '0.000', '18.000', '15.00', '1', '2016-02-26'),
(655, NULL, '7751257013680', 118, 94, 'Gel con Acido Lactico', 'Unidad', 'x300ml', NULL, 1, '13.710', '16.000', '16.70', '1', '2016-02-26'),
(656, NULL, '7750235000322', 119, 95, 'Ultra Personal', 'Unidad', 'x30gr', NULL, 1, '0.000', '11.500', '15.00', '1', '2016-02-26'),
(657, NULL, '7752902007795', 119, 94, 'Femenino', 'Unidad', 'x150ml', NULL, 1, '0.000', '0.000', '15.00', '1', '2016-02-26'),
(658, NULL, '7898532694520', 113, 94, 'Higeia', 'Unidad', 'x200ml', NULL, 1, '0.000', '21.000', '15.00', '1', '2016-03-14'),
(659, NULL, '7804955038216', 3, 40, 'Piel Sensible', 'Unidad', 'x250ml', NULL, 1, '54.590', '63.000', '15.41', '1', '2016-02-26'),
(660, NULL, '4005800040566', 3, 2, 'Dermo Capillaire', 'Unidad', 'x250ml', NULL, 1, '46.110', '53.000', '14.94', '1', '2016-02-26'),
(661, NULL, '4005800061585', 3, 2, 'Baby Baño y shampoo', 'Unidad', 'x250ml', NULL, 1, '34.840', '40.000', '14.81', '1', '2016-02-26'),
(662, NULL, '7702027435751', 18, 94, 'Natural ', 'Unidad', 'x50ml', NULL, 1, '0.000', '5.000', '15.00', '1', '2016-02-26'),
(663, NULL, '7751495001289', 121, 94, 'Con manzanilla', 'Unidad', 'x200ml', NULL, 1, '0.000', '29.600', '15.00', '1', '2016-02-26'),
(664, NULL, '650240010088', 122, 96, 'Nueva formula', 'Unidad', 'x200ml', NULL, 1, '27.970', '38.000', '35.86', '1', '2016-02-26'),
(665, NULL, '7751257014649', 118, 94, 'Hipoalergenico', 'Unidad', 'x120ml', NULL, 1, '7.540', '9.000', '19.36', '1', '2016-02-26'),
(666, NULL, '8413600511609', 123, 97, 'Piel Normal', 'Unidad', 'x20und', NULL, 1, '16.650', '19.000', '14.11', '1', '2016-02-26'),
(667, NULL, '7752902002561', 39, 39, 'Pieles Normales 3en1', 'Unidad', 'x150ml', NULL, 1, '0.000', '21.000', '15.00', '1', '2016-02-26'),
(668, NULL, '7752902008143', 39, 98, 'Con Aloe Vera', 'Unidad', 'x200ml', NULL, 1, '19.500', '22.500', '15.38', '1', '2016-02-26'),
(669, NULL, '7791520065503', 109, 99, 'Fijacion Flexible', 'Unidad', 'x412ml', NULL, 1, '11.510', '13.500', '17.29', '1', '2016-02-26'),
(670, NULL, '7791520065497', 109, 99, 'Fijacion Extra', 'Unidad', 'x412ml', NULL, 1, '11.510', '13.500', '17.29', '1', '2016-02-26'),
(671, NULL, '022400210261', 109, 100, 'Extra Cuerpo', 'Unidad', 'x212ml', NULL, 1, '11.150', '13.000', '16.59', '1', '2016-02-26'),
(672, NULL, '022400210254', 109, 100, 'Fijacion Extra', 'Unidad', 'x212ml', NULL, 1, '11.150', '13.000', '16.59', '1', '2016-02-26'),
(673, NULL, '7753572161084', 124, 2, 'For Baby Manzanilla', 'Unidad', 'x450ml', NULL, 1, '0.000', '19.000', '15.00', '1', '2016-03-09'),
(674, NULL, '7753572001847', 124, 2, 'Natural Manzanilla Cab Liso', 'Unidad', 'x400ml', NULL, 1, '15.290', '18.500', '20.99', '1', '2016-02-26'),
(675, NULL, '7753572003926', 124, 101, 'Orig Sh450ml+Sh400ml+Talco60g ', 'Pack', '', NULL, 1, '21.900', '25.000', '14.16', '1', '2016-02-26'),
(676, NULL, '7753572003933', 124, 101, 'Manz Sh450ml+Sh400ml+Talco60g ', 'Pack', '', NULL, 1, '21.900', '25.180', '15.00', '1', '2016-02-26'),
(677, NULL, '7794626922701', 22, 26, 'Primeros 100 dias RN', 'Unidad', 'x20und', NULL, 1, '0.000', '11.000', '15.00', '1', '2016-02-26'),
(678, NULL, '42277736', 4, 33, 'Cuidado Antiarrugas', 'Unidad', 'x100ml', NULL, 1, '14.450', '16.700', '15.57', '1', '2016-02-26'),
(679, NULL, '42277699', 4, 33, 'Cuidado Nutritivo', 'Unidad', 'x100ml', NULL, 1, '14.450', '16.700', '15.57', '1', '2016-02-26'),
(680, NULL, '42277682', 4, 33, 'Cuidado Nutritivo', 'Unidad', 'x50ml', NULL, 1, '0.000', '10.700', '15.00', '1', '2016-02-26'),
(681, NULL, '42277729', 4, 33, 'Cuidado Antiarrugas', 'Unidad', 'x50ml', NULL, 1, '0.000', '9.000', '15.00', '1', '2016-03-16'),
(682, NULL, '7702027044168', 18, 89, 'Diarios Normal algodon', 'Unidad', 'x120und', NULL, 1, '12.370', '14.500', '17.22', '1', '2016-02-26'),
(683, NULL, '7702027044571', 18, 89, 'Diarios Natural Respirable', 'Unidad', 'x150und', NULL, 1, '14.970', '17.500', '16.90', '1', '2016-02-26'),
(684, NULL, '7702027044199', 18, 89, 'Diarios Normal algodon', 'Unidad', 'x150und', NULL, 1, '14.970', '17.500', '16.90', '1', '2016-02-26'),
(685, NULL, '7702027044014', 18, 102, 'Lacti Respirable', 'Unidad', 'x40und', NULL, 1, '14.270', '17.000', '19.13', '1', '2016-02-26'),
(686, NULL, '7891010030544', 6, 2, 'Cabello Claro', 'Unidad', 'x750ml', NULL, 1, '28.160', '32.500', '15.41', '1', '2016-02-27'),
(687, NULL, '7702031589686', 6, 2, 'Fragancia Prolongada', 'Unidad', 'x750ml', NULL, 1, '28.160', '32.500', '15.41', '1', '2016-02-27'),
(688, NULL, '7702031031598', 6, 2, 'Cabello Liso', 'Unidad', 'x750ml', NULL, 1, '28.160', '32.500', '15.41', '1', '2016-02-27'),
(689, NULL, '7702031587620', 6, 2, 'Hidratacion Intensa', 'Unidad', 'x750ml', NULL, 1, '28.160', '32.500', '15.41', '1', '2016-02-27'),
(690, NULL, '7702031030423', 6, 2, 'Cabello Oscuro', 'Unidad', 'x750ml', NULL, 1, '28.160', '32.500', '15.41', '1', '2016-02-27'),
(691, NULL, '7891010030940', 6, 2, 'suavidad ojos y cabello', 'Unidad', 'x750ml', NULL, 1, '23.850', '27.500', '15.30', '1', '2016-02-27'),
(692, NULL, '7750021007559', 6, 103, 'Original shx750ml + Talcx100gr', 'Unidad', '', NULL, 1, '23.850', '27.500', '15.30', '1', '2016-02-27'),
(693, NULL, '7702031998150', 6, 2, 'Fragancia Prolongada', 'Unidad', 'x400ml', NULL, 1, '16.050', '21.000', '30.84', '1', '2016-02-27'),
(694, NULL, '7702031604082', 6, 2, 'Gotas de Brillo', 'Unidad', 'x400ml', NULL, 1, '17.000', '20.000', '17.65', '1', '2016-03-15'),
(695, NULL, '7702031031581', 6, 2, 'Cabello Liso', 'Unidad', 'x400ml', NULL, 1, '16.900', '20.000', '18.34', '1', '2016-03-15'),
(696, NULL, '7891010030551', 6, 20, 'Original suavidad para el cab', 'Unidad', 'x400ml', NULL, 1, '16.050', '21.000', '30.84', '1', '2016-02-27'),
(697, NULL, '7702027478703', 30, 26, 'Slip Large', 'Unidad', 'x9und', NULL, 1, '31.360', '36.060', '14.99', '1', '2016-02-27'),
(698, NULL, '7753572003216', 124, 104, 'Casita Colx100ml+talcx60g+jabx80gr', 'Estuche', '', NULL, 1, '14.770', '17.000', '15.10', '1', '2016-02-27'),
(699, NULL, '7753572003223', 124, 105, 'Bus Shx112ml+talcx60g+jabx80gr', 'Unidad', '', NULL, 1, '14.420', '17.000', '17.89', '1', '2016-02-27'),
(700, NULL, '7502221185052', 124, 4, 'Manzanilla Baby', 'Unidad', 'x250gr', NULL, 1, '11.750', '14.000', '19.15', '1', '2016-02-27'),
(701, NULL, '7502221185021', 124, 4, 'Original Baby', 'Unidad', 'x250gr', NULL, 1, '11.750', '14.000', '19.15', '1', '2016-02-27'),
(702, NULL, '7502221185045', 124, 4, 'Manzanilla Baby', 'Unidad', 'x125gr', NULL, 1, '7.400', '8.600', '16.22', '1', '2016-02-27'),
(703, NULL, '7502221185014', 124, 4, 'Original Baby', 'Unidad', 'x125gr', NULL, 1, '7.400', '8.600', '16.22', '1', '2016-02-27'),
(704, NULL, '7753572014533', 124, 3, 'Para niña colx200ml+colx100ml', 'Pack', '', NULL, 1, '19.080', '23.000', '20.55', '1', '2016-02-27'),
(705, NULL, '7753572412155', 124, 3, 'Para niño colx200ml+colx100ml', 'Pack', '', NULL, 1, '19.080', '23.000', '20.55', '1', '2016-02-27'),
(706, NULL, '077443110047', 125, 18, 'Baby Oil Moisturizing', 'Unidad', 'x118ml', NULL, 1, '5.600', '6.500', '16.07', '1', '2016-02-27'),
(707, NULL, '077443120220', 125, 4, 'Baby Powder Soft&Silky', 'Unidad', 'x100gr', NULL, 1, '2.600', '3.500', '34.62', '1', '2016-03-15'),
(708, NULL, '0774431202201', 125, 4, 'Baby Powder Soft&Silky', 'Unidad', 'x623gr', NULL, 1, '0.000', '12.000', '15.00', '1', '2016-02-27'),
(709, NULL, '7891010037260', 6, 4, 'Proteccion Pura', 'Unidad', 'x600gr', NULL, 1, '19.930', '23.000', '15.40', '1', '2016-02-27'),
(710, NULL, '7702031878452', 6, 9, 'Hidratacion Intensa', 'Unidad', 'x200ml', NULL, 1, '10.460', '12.000', '14.72', '1', '2016-02-27'),
(711, NULL, '7702031604075', 6, 2, 'Gotas Brillo', 'Unidad', 'x200ml', NULL, 1, '11.540', '13.500', '16.98', '1', '2016-02-27'),
(712, NULL, '7702031604501', 6, 20, 'Gotas Brillo', 'Unidad', 'x200ml', NULL, 1, '11.700', '13.500', '15.38', '1', '2016-03-15'),
(713, NULL, '7750045186094', 25, 106, 'Avengers Marvel colx250ml+shx250ml', 'Unidad', '', NULL, 1, '20.800', '24.000', '15.38', '1', '2016-02-27'),
(714, NULL, '7702031038207', 6, 4, 'Para antes de dormir', 'Unidad', 'x200gr', NULL, 1, '10.680', '12.500', '17.04', '1', '2016-02-27'),
(715, NULL, '7702031712879', 6, 4, 'Milk', 'Unidad', 'x200gr', NULL, 1, '10.680', '12.500', '17.04', '1', '2016-02-27'),
(716, NULL, '7891010032241', 6, 4, 'Proteccion Pura', 'Unidad', 'x200gr', NULL, 1, '10.680', '12.500', '17.04', '1', '2016-02-27'),
(717, NULL, '7891010030087', 6, 2, 'Original', 'Unidad', 'x100ml', NULL, 1, '4.190', '7.000', '67.06', '1', '2016-03-11'),
(718, NULL, '7891010035617', 6, 107, 'Crema liquida rosada', 'Unidad', 'x100ml', NULL, 1, '0.000', '11.000', '15.00', '1', '2016-02-27'),
(719, NULL, '7891010037253', 6, 4, 'Proteccion Pura', 'Unidad', 'x400gr', NULL, 1, '15.280', '17.600', '15.18', '1', '2016-02-27'),
(720, NULL, '7891010099961', 6, 4, 'Para antes de dormir', 'Unidad', 'x400gr', NULL, 1, '15.280', '17.600', '15.18', '1', '2016-02-27'),
(721, NULL, '7702031712886', 6, 4, 'Milk', 'Unidad', 'x400gr', NULL, 1, '15.280', '17.600', '15.18', '1', '2016-02-27'),
(722, NULL, '7891010037208', 6, 4, 'De almidon fecula maiz', 'Unidad', 'x400gr', NULL, 1, '15.280', '17.600', '15.18', '1', '2016-02-27'),
(723, NULL, '7751658016815', 34, 108, 'Special Edition colx50ml+deox150ml', 'Unidad', '', NULL, 1, '0.000', '63.500', '15.00', '1', '2016-02-27'),
(724, NULL, '7751658017034', 34, 108, 'Victory League colx50ml+deox150ml', 'Unidad', '', NULL, 1, '0.000', '63.500', '15.00', '1', '2016-02-27'),
(725, NULL, '7751658019175', 34, 108, 'Dynamic Pulse colx50ml+deox150ml', 'Unidad', '', NULL, 1, '0.000', '63.500', '15.00', '1', '2016-02-27'),
(726, NULL, '7751658019182', 34, 108, 'Extreme Power colx50ml+deox150ml', 'Unidad', '', NULL, 1, '0.000', '63.500', '15.00', '1', '2016-02-27'),
(727, NULL, '7751658019168', 34, 108, 'Ice Dive colx50ml+deox150ml', 'Unidad', '', NULL, 1, '0.000', '63.500', '15.00', '1', '2016-02-27'),
(728, NULL, '7751658019458', 34, 109, 'Ice Effect Deox150ml+Gel Bañox250ml', 'Estuche', '', NULL, 1, '19.700', '25.000', '26.90', '1', '2016-02-27'),
(729, NULL, '7754326001762', 126, 3, 'Tabaco for men', 'Unidad', 'x50ml', NULL, 1, '0.000', '15.000', '15.00', '1', '2016-03-09'),
(730, NULL, '7751658019465', 34, 109, 'Dry power deox150ml+Gel bañox250ml', 'Estuche', '', NULL, 1, '19.700', '25.000', '26.90', '1', '2016-02-29'),
(731, NULL, '7751658019717', 127, 110, 'Leather colx200ml+loc afeitx200ml', 'Estuche', '', NULL, 1, '65.350', '82.500', '26.24', '1', '2016-02-29'),
(732, NULL, '8411061808078', 128, 110, 'The Secret Mag Colx100ml +Locx100ml', 'Estuche', '', NULL, 1, '78.770', '91.000', '15.53', '1', '2016-02-29'),
(733, NULL, '7751658014316', 127, 110, 'Leather colx100ml+loc afeitx100ml', 'Estuche', '', NULL, 1, '48.400', '56.000', '15.70', '1', '2016-02-29'),
(734, NULL, '7753572004428', 129, 111, 'Sport Colx100ml+Esp Afex210ml', 'Estuche', '', NULL, 1, '25.980', '30.000', '15.47', '1', '2016-02-29'),
(735, NULL, '7757266004756', 130, 112, 'Colx60ml + Jabon x90gr', 'Estuche', '', NULL, 1, '19.050', '22.000', '15.49', '1', '2016-02-29'),
(736, NULL, '7753572004268', 129, 113, 'Classic espx210ml+Deo roll onx50gr', 'Estuche', '', NULL, 1, '12.680', '15.000', '18.30', '1', '2016-02-29'),
(737, NULL, '827755071051', 129, 3, '1964 Limited Edition', 'Unidad', 'x88ml', NULL, 1, '22.490', '26.000', '15.61', '1', '2016-02-29'),
(738, NULL, '7502221183171', 129, 3, 'Classic', 'Unidad', 'x100ml', NULL, 1, '22.500', '26.010', '15.60', '1', '2016-02-29'),
(739, NULL, '7753572004046', 129, 114, 'Clas Espx210ml+Adiction Shavex100ml', 'Estuche', '', NULL, 1, '25.980', '30.000', '15.47', '1', '2016-02-29'),
(740, NULL, '7753572002974', 129, 114, 'Classic Espx210ml+After shavex100ml', 'Estuche', '', NULL, 1, '25.980', '30.000', '15.47', '1', '2016-02-29'),
(741, NULL, '7759307945950', 106, 4, 'Con Almidon de Maiz', 'Unidad', 'x100gr', NULL, 1, '6.400', '7.500', '17.19', '1', '2016-02-29'),
(742, NULL, '7759307946001', 106, 3, 'Extra Suave', 'Unidad', 'x200ml', NULL, 1, '18.170', '21.000', '15.58', '1', '2016-02-29'),
(743, NULL, '7759307946025', 106, 18, 'Vitamina E y aloe vera', 'Unidad', 'x110ml', NULL, 1, '8.530', '10.000', '17.23', '1', '2016-02-29'),
(744, NULL, '7750215015445', 78, 18, 'Bebe acaricia & humecta', 'Unidad', 'x120ml', NULL, 1, '5.450', '6.500', '19.27', '1', '2016-02-29'),
(745, NULL, '7759307945998', 106, 3, 'Extra Suave', 'Unidad', 'x100ml', NULL, 1, '11.240', '13.000', '15.66', '1', '2016-02-29'),
(746, NULL, '7759307945929', 106, 2, 'Natural', 'Unidad', 'x100ml', NULL, 1, '6.130', '7.500', '22.35', '1', '2016-02-29'),
(747, NULL, '7757709187473', 131, 112, 'Col x250ml + Jabon x100gr', 'Estuche', '', NULL, 1, '0.000', '19.000', '15.00', '1', '2016-02-29'),
(748, NULL, '7759307945905', 106, 2, 'Manzanilla', 'Unidad', 'x200ml', NULL, 1, '12.100', '14.000', '15.70', '1', '2016-02-29'),
(749, NULL, '7759307945967', 106, 4, 'Con Almidon de Maiz', 'Unidad', 'x200gr', NULL, 1, '9.580', '11.000', '14.82', '1', '2016-02-29'),
(750, NULL, '7759307945974', 106, 4, 'Con Almidon de Maiz', 'Unidad', 'x400gr', NULL, 1, '14.400', '17.000', '18.06', '1', '2016-02-29'),
(751, NULL, '7791274003431', 132, 2, 'Batman', 'Unidad', 'x400ml', NULL, 1, '0.000', '13.000', '15.00', '1', '2016-02-29'),
(752, NULL, '7759307945899', 106, 2, 'Manzanilla', 'Unidad', 'x100ml', NULL, 1, '6.130', '7.500', '22.35', '1', '2016-02-29'),
(753, NULL, '7759307945943', 106, 2, 'Natural', 'Unidad', 'x400ml', NULL, 1, '16.990', '20.000', '17.72', '1', '2016-02-29'),
(754, NULL, '7759307945912', 106, 2, 'Manzanilla', 'Unidad', 'x400ml', NULL, 1, '16.990', '20.000', '17.72', '1', '2016-02-29'),
(755, NULL, '7759307004435', 106, 2, 'Original', 'Unidad', 'x100ml', NULL, 1, '6.130', '7.500', '22.35', '1', '2016-02-29'),
(756, NULL, '7759307004428', 106, 2, 'Original', 'Unidad', 'x200ml', NULL, 1, '12.130', '14.000', '15.42', '1', '2016-02-29'),
(757, NULL, '037836050534', 51, 11, 'Neutro', 'Unidad', 'x250ml', NULL, 1, '9.110', '10.480', '15.04', '1', '2016-02-29'),
(758, NULL, '7753572003186', 124, 103, 'Manzanilla shamx200ml+talcx125gr', 'Unidad', '', NULL, 1, '0.000', '15.000', '15.00', '1', '2016-02-29'),
(759, NULL, '', 56, 3, 'Agu Pequeñas Aventuras', 'Unidad', 'x1lt', NULL, 1, '26.910', '38.000', '41.21', '1', '2016-03-04'),
(760, NULL, '', 56, 2, 'Agu Mañanas Felices', 'Unidad', 'x1lt', NULL, 1, '17.900', '28.000', '56.42', '1', '2016-03-04'),
(761, NULL, '7750215575826', 27, 24, 'SPF45 sachet x10ml', 'Caja', 'x20und', NULL, 20, '17.570', '30.000', '70.75', '1', '2016-03-02'),
(762, NULL, '7750215005194', 27, 24, 'Faces SPF90 Sachetx10ml', 'Unidad', 'x20und', NULL, 20, '25.130', '40.000', '59.17', '1', '2016-03-02'),
(763, NULL, '7750215013502', 27, 24, 'Cool Gel Aloe vera', 'Unidad', 'x240gr', NULL, 1, '11.020', '15.000', '36.12', '1', '2016-03-02'),
(764, NULL, '7750215013519', 27, 24, 'Cool Gel Aloe vera', 'Unidad', 'x90gr', NULL, 1, '7.580', '10.500', '38.52', '1', '2016-03-02'),
(765, NULL, '7750215728185', 78, 115, 'ReumaFrost pote', 'Unidad', 'x100gr', NULL, 1, '9.530', '12.000', '25.92', '1', '2016-03-04'),
(766, NULL, '7750215103586', 78, 115, 'ReumaFrost pote', 'Unidad', 'x30gr', NULL, 1, '4.730', '5.500', '16.28', '1', '2016-03-04');
INSERT INTO `producto` (`id_producto`, `codigo_producto`, `codigo_barra`, `id_marca`, `id_tipo_producto`, `descripcion`, `presentacion`, `contenido`, `unidad_medida`, `fraccion`, `ult_precio_compra`, `ult_precio_venta`, `utilidad`, `estado`, `ult_modificacion`) VALUES
(767, NULL, '7750215008935', 78, 115, 'ReumaFrost lata', 'Unidad', 'x15gr', NULL, 1, '3.350', '4.000', '19.40', '1', '2016-03-04'),
(768, NULL, '7750215016299', 78, 115, 'MultiFrost pote', 'Unidad', 'x100gr', NULL, 1, '12.260', '14.000', '14.19', '1', '2016-03-04'),
(769, NULL, '7750215006016', 78, 115, 'MultiFrost Arnica pote', 'Unidad', 'x100gr', NULL, 1, '9.550', '13.000', '36.13', '1', '2016-03-04'),
(770, NULL, '7750215016305', 78, 115, 'MultiFrost pote', 'Unidad', 'x60gr', NULL, 1, '8.760', '10.000', '14.16', '1', '2016-03-04'),
(771, NULL, '7750215016305', 78, 115, 'MultiFrost pote', 'Unidad', 'x60gr', NULL, 1, '8.760', '10.000', '14.16', '1', '2016-03-04'),
(772, NULL, '7750215604267', 78, 116, 'Bicarbonato de sodio pote', 'Unidad', 'x100gr', NULL, 1, '2.180', '3.000', '37.61', '1', '2016-03-04'),
(773, NULL, '7750215012987', 78, 116, 'Bicarbonato de sodio sobre', 'Unidad', 'x50gr', NULL, 1, '0.600', '1.600', '166.67', '1', '2016-03-04'),
(774, NULL, '7750215013007', 78, 116, 'Acido Borico bolsa', 'Unidad', 'x60gr', NULL, 1, '1.062', '2.000', '88.32', '1', '2016-03-04'),
(775, NULL, '7750215103623', 78, 1, 'Tintura de Arnica', 'Unidad', 'x30ml', NULL, 1, '0.820', '1.500', '82.93', '1', '2016-03-04'),
(776, NULL, '7750215161470', 78, 67, 'Lipsaliv Mantequilla de cacao', 'Unidad', 'x100past', NULL, 1, '14.970', '25.000', '67.00', '1', '2016-03-04'),
(777, NULL, '7750215054017', 78, 1, 'Nitrato de Plata 320mg', 'Unidad', 'x12lapi', NULL, 1, '31.640', '45.000', '42.23', '1', '2016-03-04'),
(778, NULL, '7702031200314', 6, 105, 'Baby Estuche sh+talc+jb', 'Estuche', 'x3und', NULL, 1, '12.330', '14.000', '13.54', '1', '2016-03-04'),
(779, NULL, '7702031872900', 6, 118, 'Baby Estuche ac+col+sh+talc+jb', 'Estuche', 'x5und', NULL, 1, '31.030', '36.000', '16.02', '1', '2016-03-04'),
(780, NULL, '7891010037024', 6, 18, 'Puro', 'Unidad', 'x300ml', NULL, 1, '18.730', '21.540', '15.00', '1', '2016-03-04'),
(781, NULL, '7759307443531', 106, 11, 'Manzanilla +Esponja', 'Pack', 'x300ml', NULL, 1, '15.870', '18.500', '16.57', '1', '2016-03-04'),
(782, NULL, '7791293051123', 133, 4, 'Efficient', 'Unidad', 'x100gr', NULL, 1, '5.760', '6.500', '12.85', '1', '2016-03-04'),
(783, NULL, '7791293051130', 133, 4, 'Efficient', 'Unidad', 'x200gr', NULL, 1, '8.970', '11.000', '22.63', '1', '2016-03-04'),
(784, NULL, '7759307001861', 106, 105, 'Estuche ', 'Estuche', 'x3und', NULL, 1, '15.620', '18.000', '15.24', '1', '2016-03-04'),
(785, NULL, '650240004278', 16, 7, 'Herbal', 'Unidad', 'x100gr', NULL, 1, '7.560', '8.690', '15.00', '1', '2016-05-28'),
(786, NULL, '7702031998143', 6, 2, 'Fragancia Prolongada', 'Unidad', 'x200ml', NULL, 1, '11.540', '13.500', '16.98', '1', '2016-03-04'),
(787, NULL, '7891010030094', 6, 2, 'Original', 'Unidad', 'x200ml', NULL, 1, '11.540', '13.500', '16.98', '1', '2016-03-04'),
(788, NULL, '650240009556', 16, 80, 'Beige Mate', 'Unidad', 'x10gr', NULL, 1, '26.270', '30.210', '15.00', '1', '2016-05-28'),
(789, NULL, '650240010583', 16, 80, 'Claro Mate', 'Unidad', 'x10gr', NULL, 1, '26.270', '30.210', '15.00', '1', '2016-05-28'),
(790, NULL, '650240009549', 16, 80, 'Natural Mate', 'Unidad', 'x10gr', NULL, 1, '26.270', '30.210', '15.00', '1', '2016-05-28'),
(791, NULL, '7891010030933', 6, 2, 'Original', 'Unidad', 'x400ml', NULL, 1, '18.110', '21.000', '15.96', '1', '2016-03-04'),
(792, NULL, '7891010030537', 6, 2, 'Manzanilla', 'Unidad', 'x400ml', NULL, 1, '17.000', '19.550', '15.00', '1', '2016-03-15'),
(793, NULL, '7750021001502', 6, 103, 'Original Shx100ml+talcx100gr', 'Estuche', '', NULL, 1, '10.080', '12.000', '19.05', '1', '2016-03-04'),
(794, NULL, '7751658016143', 134, 7, 'Mellizos 2und', 'Pack', 'x118gr', NULL, 2, '0.000', '18.000', '15.00', '1', '2016-03-04'),
(795, NULL, '7751658019557', 134, 112, 'Col x240ml + Jab x25gr', 'Unidad', '', NULL, 1, '0.000', '21.500', '15.00', '1', '2016-03-04'),
(796, NULL, '7751658018758', 134, 119, 'Eau x50ml + Talcox100gr', 'Estuche', '', NULL, 1, '32.700', '37.600', '15.00', '1', '2016-05-25'),
(797, NULL, '7751658018796', 134, 119, 'Body Splashx240ml +Talcox100gr', 'Estuche', '', NULL, 1, '0.000', '28.500', '15.00', '1', '2016-03-04'),
(798, NULL, '8411061806807', 135, 108, 'Eaus sprayx50ml + Deospray x150ml', 'Unidad', '', NULL, 1, '0.000', '72.500', '15.00', '1', '2016-03-05'),
(799, NULL, '7751741016579', 71, 120, 'Pack Trio HT5 Antimanchas con Gel', 'Estuche', '', NULL, 1, '0.000', '52.000', '15.00', '1', '2016-03-05'),
(800, NULL, '082984258196', 136, 3, 'For Men 23', 'Unidad', 'x100ml', NULL, 1, '0.000', '20.000', '15.00', '1', '2016-03-05'),
(801, NULL, '082984258158', 136, 3, 'For Men 19', '', 'x100ml', NULL, 1, '0.000', '20.000', '15.00', '1', '2016-03-05'),
(802, NULL, '082984258318', 136, 3, 'For Men 45', 'Unidad', 'x100ml', NULL, 1, '0.000', '20.000', '15.00', '1', '2016-03-05'),
(803, NULL, '082984258165', 136, 3, 'For Men 20', 'Unidad', 'x100ml', NULL, 1, '0.000', '20.000', '15.00', '1', '2016-03-08'),
(804, NULL, '7506195182338', 21, 26, 'Juegos y Sueños XG', 'Paquete', 'x54und', NULL, 54, '38.710', '44.500', '14.96', '1', '2016-03-21'),
(805, NULL, '7702027047244', 30, 26, 'Basic Medium', 'Unidad', 'x8und', NULL, 8, '0.000', '0.000', '15.00', '1', '2016-03-08'),
(806, NULL, '7751493001199', 22, 26, 'Active Sec XXG', 'Paquete', 'x14und', NULL, 14, '0.000', '16.500', '15.00', '1', '2016-03-10'),
(807, NULL, '7509546060781', 10, 12, 'My First 24meses fruta suave', 'Unidad', 'x50gr', NULL, 1, '0.000', '13.000', '15.00', '1', '2016-03-09'),
(808, NULL, '7506339390964', 15, 37, '3D White Cremax75ml + Cepillo', 'Pack', '', NULL, 1, '0.000', '13.800', '15.00', '1', '2016-03-09'),
(809, NULL, '7794640171154', 9, 12, 'Baby Teeth 3-24 meses', 'Unidad', 'x42.5gr', NULL, 1, '0.000', '7.800', '15.00', '1', '2016-03-09'),
(810, NULL, '7751851002523', 137, 12, 'Dentito chicha morada', 'Unidad', 'x90gr', NULL, 1, '2.130', '2.500', '17.37', '1', '2016-03-09'),
(811, NULL, '7702010111464', 10, 12, 'Triple Accion Menta Original', 'Unidad', 'x22ml', NULL, 1, '1.350', '1.550', '14.81', '1', '2016-03-15'),
(812, NULL, '7702027044090', 18, 89, 'Diarios Largos', 'Paquete', 'x80und', NULL, 80, '12.130', '14.000', '15.42', '1', '2016-03-09'),
(813, NULL, '7794640171819', 9, 12, 'Triple Proteccion soft mint', 'Unidad', 'x85gr', NULL, 1, '4.770', '5.500', '15.30', '1', '2016-03-31'),
(814, NULL, '7506195130957', 15, 12, ' 1.2.3 ', 'Unidad', 'x50ml', NULL, 1, '1.870', '2.200', '17.65', '1', '2016-03-09'),
(815, NULL, '7506195167113', 15, 12, 'Complete menta fresh', 'Unidad', 'x50ml', NULL, 1, '0.000', '2.800', '15.00', '1', '2016-03-09'),
(816, NULL, '7506339392982', 15, 12, 'Crem Complete x90gr + Sh H&Sx12ml', 'Pack', '', NULL, 1, '3.640', '4.190', '15.00', '1', '2016-03-09'),
(817, NULL, '7506295388487', 15, 12, '3D White Brillante fresh', 'Unidad', 'x70gr', NULL, 1, '3.930', '4.520', '15.01', '1', '2016-03-09'),
(818, NULL, '7509546063331', 10, 12, 'Triple Accion Menta Original', 'Unidad', 'x150ml', NULL, 1, '7.160', '8.230', '14.94', '1', '2016-03-15'),
(819, NULL, '7509546044248', 10, 12, 'Total 12 Professional Whitening', 'Unidad', 'x75ml', NULL, 1, '0.000', '9.700', '15.00', '1', '2016-03-09'),
(820, NULL, '7509546058030', 10, 12, 'Luminous White Advanced', 'Unidad', 'x70gr', NULL, 1, '12.090', '14.000', '15.80', '1', '2016-03-09'),
(821, NULL, '7501035911376', 10, 12, 'Total 12 Clean Mint', 'Unidad', 'x150ml', NULL, 1, '11.880', '13.660', '14.98', '1', '2016-03-09'),
(822, NULL, '7702027485473', 18, 89, 'Nostras Diarios Desod Normal', 'Unidad', 'x100und', NULL, 1, '11.980', '13.780', '15.00', '1', '2016-03-09'),
(823, NULL, '7702027044502', 18, 89, 'Nostras Diarios Normal Algodon', 'Unidad', 'x60und', NULL, 1, '0.000', '8.000', '15.00', '1', '2016-03-09'),
(824, NULL, '7702027435300', 18, 90, 'Sin aplicador Digital 5+5 Regular', 'Paquete', '', NULL, 1, '5.710', '6.700', '17.34', '1', '2016-03-09'),
(825, NULL, '7509546028897', 38, 5, 'Double Defense Active Fresh', 'Unidad', 'x165ml', NULL, 1, '0.000', '12.500', '15.00', '1', '2016-03-09'),
(826, NULL, '7509546060552', 38, 5, 'Aclarado Natural + vitamina', 'Unidad', 'x165ml', NULL, 1, '0.000', '12.500', '15.00', '1', '2016-03-09'),
(827, NULL, '7509546059761', 38, 5, 'Cool', 'Unidad', 'x165ml', NULL, 1, '0.000', '12.500', '15.00', '1', '2016-03-09'),
(828, NULL, '037000203681', 138, 29, 'Scent Expressions cocoa', 'Unidad', 'x45gr', NULL, 1, '0.000', '13.000', '15.00', '1', '2016-03-09'),
(829, NULL, '037000808176', 138, 29, 'Outlast sport fresh', 'Unidad', 'x45gr', NULL, 1, '0.000', '13.000', '15.00', '1', '2016-03-09'),
(830, NULL, '037000280293', 138, 29, 'Scent Expressions so very', 'Unidad', 'x45gr', NULL, 1, '0.000', '13.000', '15.00', '1', '2016-03-09'),
(831, NULL, '037000808725', 138, 29, 'Scent Expressions ooh la la', 'Unidad', 'x45gr', NULL, 1, '0.000', '13.000', '15.00', '1', '2016-03-09'),
(832, NULL, '037000809951', 138, 29, 'Outlast completely', 'Unidad', 'x45gr', NULL, 1, '0.000', '13.000', '15.00', '1', '2016-03-09'),
(833, NULL, '037000124429', 138, 29, 'Powder Fresh', 'Unidad', 'x48gr', NULL, 1, '7.700', '9.000', '16.88', '1', '2016-03-09'),
(834, NULL, '037000124405', 138, 31, 'Powder Fresh', 'Unidad', 'x65ml', NULL, 1, '0.000', '9.000', '15.00', '1', '2016-03-09'),
(835, NULL, '037000711087', 138, 5, 'Powder Fresh', 'Unidad', 'x170gr', NULL, 1, '0.000', '13.000', '15.00', '1', '2016-03-09'),
(836, NULL, '037000329299', 138, 5, 'Spring Breeze', 'Unidad', 'x170gr', NULL, 1, '0.000', '13.000', '15.00', '1', '2016-03-09'),
(837, NULL, '7751851013338', 116, 5, 'Xtreme Sexy', 'Unidad', 'x160ml', NULL, 1, '0.000', '6.800', '15.00', '1', '2016-03-09'),
(838, NULL, '7751851016018', 116, 5, 'Xtreme Audaz', 'Unidad', 'x160ml', NULL, 1, '0.000', '6.800', '15.00', '1', '2016-03-09'),
(839, NULL, '7751851975582', 116, 5, 'Xtreme Sensual', 'Unidad', 'x160ml', NULL, 1, '0.000', '6.800', '15.00', '1', '2016-03-09'),
(840, NULL, '7751851944281', 116, 5, 'Xtreme Citron', 'Unidad', 'x160ml', NULL, 1, '0.000', '6.800', '15.00', '1', '2016-03-09'),
(841, NULL, '7751851944274', 116, 5, 'Xtreme Elegant', 'Unidad', 'x160ml', NULL, 1, '0.000', '6.800', '15.00', '1', '2016-03-09'),
(842, NULL, '7751851013314', 116, 5, 'Xtreme Atomik', 'Unidad', 'x160ml', NULL, 1, '0.000', '6.800', '15.00', '1', '2016-03-09'),
(843, NULL, '4005808539864', 4, 68, 'Silver Protect', 'Unidad', 'x200ml', NULL, 1, '0.000', '19.800', '15.00', '1', '2016-03-09'),
(844, NULL, '4005808616282', 4, 68, 'Sensitive Cero Alcohol', 'Unidad', 'x200ml', NULL, 1, '0.000', '19.800', '15.00', '1', '2016-03-09'),
(845, NULL, '4005808222551', 4, 121, 'Originals ', 'Unidad', 'x200ml', NULL, 1, '14.870', '17.100', '15.00', '1', '2016-03-09'),
(846, NULL, '', 57, 121, 'Trax Coolture', 'Unidad', 'x200ml', NULL, 1, '0.000', '0.000', '15.00', '1', '2016-03-09'),
(847, NULL, '8412300813006', 4, 122, 'Originals Hidratante', 'Unidad', 'x100ml', NULL, 1, '0.000', '24.800', '15.00', '1', '2016-03-10'),
(848, NULL, '7804955010533', 4, 123, 'Sesnsitive Balsx100ml + Esp x200ml', 'Estuche', '', NULL, 1, '25.620', '30.000', '17.10', '1', '2016-03-10'),
(849, NULL, '20376', 66, 31, 'Glacier Ice', 'Unidad', 'x50ml', NULL, 1, '0.000', '10.000', '15.00', '1', '2016-03-10'),
(850, NULL, '19640', 66, 31, 'Flamboyant', 'Unidad', 'x50ml', NULL, 1, '0.000', '10.000', '15.00', '1', '2016-03-10'),
(851, NULL, '13861', 66, 31, 'Glacier', 'Unidad', 'x50ml', NULL, 1, '0.000', '10.000', '15.00', '1', '2016-03-16'),
(852, NULL, '7751851005982', 139, 124, 'Lavanda Silvestre', 'Unidad', 'x360ml', NULL, 1, '4.780', '5.500', '15.06', '1', '2016-03-10'),
(853, NULL, '7751851006026', 139, 124, 'Antiabaco', 'Unidad', 'x360ml', NULL, 1, '4.780', '5.500', '15.06', '1', '2016-03-10'),
(854, NULL, '7751851006002', 139, 124, 'Jardin de Rosas', 'Unidad', 'x360ml', NULL, 1, '4.780', '5.500', '15.06', '1', '2016-03-10'),
(855, NULL, '30046', 66, 31, 'Volare', 'Unidad', 'x50ml', NULL, 1, '0.000', '10.000', '15.00', '1', '2016-03-10'),
(856, NULL, '', 58, 77, 'Ligne Experte nocturna', 'Unidad', 'x125ml', NULL, 1, '0.000', '15.000', '15.00', '1', '2016-03-10'),
(857, NULL, '7751851005999', 139, 124, 'Potpourri de Flores', 'Unidad', 'x360ml', NULL, 1, '4.780', '5.500', '15.06', '1', '2016-03-10'),
(858, NULL, '775851006033', 139, 124, 'Bouquet de Jazmin', 'Unidad', 'x360ml', NULL, 1, '4.780', '5.500', '15.06', '1', '2016-03-10'),
(859, NULL, '7790520982100', 87, 125, 'Mata Cucarachas y Arañas', 'Unidad', 'x304gr', NULL, 1, '11.000', '12.650', '15.00', '1', '2016-03-10'),
(860, NULL, '7591005003439', 140, 125, 'Verder Contra cucarachas e insectos', 'Unidad', 'x155gr', NULL, 1, '0.000', '8.500', '15.00', '1', '2016-03-14'),
(861, NULL, '7509546045313', 37, 29, 'Xtreme Tech ultra48h', 'Unidad', 'x50gr', NULL, 1, '7.440', '8.560', '15.05', '1', '2016-03-10'),
(862, NULL, '7509546059792', 37, 29, 'Cool 48hr', 'Unidad', 'x50gr', NULL, 1, '7.440', '8.560', '15.05', '1', '2016-03-10'),
(863, NULL, '7509546052755', 37, 29, 'X5 Active 48hrs', 'Unidad', 'x50gr', NULL, 1, '7.440', '8.560', '15.05', '1', '2016-03-10'),
(864, NULL, '7509546029139', 37, 30, '24/7 Cool Night', 'Unidad', 'x85gr', NULL, 1, '15.900', '18.500', '16.35', '1', '2016-03-10'),
(865, NULL, '7509546045337', 37, 5, 'Xtreme Tech ultra48h', 'Unidad', 'x165ml', NULL, 1, '10.740', '12.500', '16.39', '1', '2016-03-10'),
(866, NULL, '7509546052564', 37, 5, 'X5 Multiproteccion Active48h', 'Unidad', 'x165ml', NULL, 1, '10.740', '12.500', '16.39', '1', '2016-03-10'),
(867, NULL, '7509546059747', 37, 5, 'Cool 48hr', 'Unidad', 'x165ml', NULL, 1, '10.740', '12.500', '16.39', '1', '2016-03-10'),
(868, NULL, '7506309824260', 8, 5, 'Endurance Sensitive s/ alcohol', 'Unidad', 'x150ml', NULL, 1, '10.310', '12.000', '16.39', '1', '2016-03-10'),
(869, NULL, '7702018913664', 8, 30, 'Endurance Cool Wave', 'Unidad', 'x82gr', NULL, 1, '16.530', '19.010', '15.00', '1', '2016-03-10'),
(870, NULL, '7702018913954', 8, 31, 'Endurance Cool Wave', 'Unidad', 'x57ml', NULL, 1, '6.200', '7.200', '16.13', '1', '2016-03-10'),
(871, NULL, '7791293022574', 133, 5, 'Men tuning', 'Unidad', 'x150ml', NULL, 1, '9.940', '11.500', '15.69', '1', '2016-03-10'),
(872, NULL, '75047856', 133, 29, 'Antibacterial protection', 'Unidad', 'x50gr', NULL, 1, '7.260', '8.500', '17.08', '1', '2016-03-10'),
(873, NULL, '78912144', 133, 29, 'Extreme', 'Unidad', 'x50gr', NULL, 1, '7.260', '8.500', '17.08', '1', '2016-03-10'),
(874, NULL, '75043278', 133, 29, 'Aquashield', 'Unidad', 'x50gr', NULL, 1, '7.260', '8.500', '17.08', '1', '2016-03-10'),
(875, NULL, '7791293022536', 133, 5, 'Men Sensitive', 'Unidad', 'x150ml', NULL, 1, '0.000', '11.500', '15.00', '1', '2016-03-10'),
(876, NULL, '7791293022635', 133, 5, 'Men Invisible', 'Unidad', 'x150ml', NULL, 1, '0.000', '11.500', '15.00', '1', '2016-03-10'),
(877, NULL, '7791293022529', 133, 5, 'Men Quantum', 'Unidad', 'x150ml', NULL, 1, '0.000', '11.500', '15.00', '1', '2016-03-10'),
(878, NULL, '7791293022543', 133, 5, 'Men Sport Fan', 'Unidad', 'x150ml', NULL, 1, '0.000', '11.500', '15.00', '1', '2016-03-10'),
(879, NULL, '7791293022604', 133, 5, 'Men Extreme', 'Unidad', 'x150ml', NULL, 1, '0.000', '11.500', '15.00', '1', '2016-03-10'),
(880, NULL, '7791293022628', 133, 5, 'Men Aquashield', 'Unidad', 'x150ml', NULL, 1, '0.000', '11.500', '15.00', '1', '2016-03-10'),
(881, NULL, '7791293026947', 133, 5, 'Women Calming', 'Unidad', 'x175ml', NULL, 1, '9.940', '11.500', '15.69', '1', '2016-03-10'),
(882, NULL, '7791293784465', 133, 5, 'Women Cotton', 'Unidad', 'x175ml', NULL, 1, '9.940', '11.500', '15.69', '1', '2016-03-10'),
(883, NULL, '7791293991054', 133, 5, 'Women Crystal', 'Unidad', 'x175ml', NULL, 1, '9.940', '11.500', '15.69', '1', '2016-03-10'),
(884, NULL, '78925472', 133, 31, 'Men Invisible', 'Unidad', 'x50ml', NULL, 1, '6.230', '7.500', '20.39', '1', '2016-03-10'),
(885, NULL, '78929395', 133, 31, 'Men Xtracool', 'Unidad', 'x50ml', NULL, 1, '6.230', '7.500', '20.39', '1', '2016-03-10'),
(886, NULL, '78923416', 133, 31, 'Men Quantum', 'Unidad', 'x50ml', NULL, 1, '6.230', '7.500', '20.39', '1', '2016-03-10'),
(887, NULL, '7791293004310', 133, 5, 'Women Active Emotion', 'Unidad', 'x175ml', NULL, 1, '0.000', '11.500', '15.00', '1', '2016-03-10'),
(888, NULL, '7791293884592', 133, 5, 'Women Bamboo', 'Unidad', 'x175ml', NULL, 1, '0.000', '11.500', '15.00', '1', '2016-03-10'),
(889, NULL, '7791293848341', 133, 5, 'Women Nutritive', 'Unidad', 'x175ml', NULL, 1, '0.000', '11.500', '15.00', '1', '2016-03-10'),
(890, NULL, '78924321', 133, 31, 'Women Crystal', 'Unidad', 'x50ml', NULL, 1, '6.230', '7.500', '20.39', '1', '2016-03-10'),
(891, NULL, '78924352', 133, 31, 'Women Cotton', 'Unidad', 'x50ml', NULL, 1, '6.230', '7.500', '20.39', '1', '2016-03-10'),
(892, NULL, '75026646', 133, 29, 'Women Crystal', 'Unidad', 'x50gr', NULL, 1, '0.000', '8.500', '15.00', '1', '2016-03-10'),
(893, NULL, '78004498', 133, 29, 'Women Bamboo', 'Unidad', 'x50gr', NULL, 1, '0.000', '8.500', '15.00', '1', '2016-03-10'),
(894, NULL, '7791293290102', 133, 5, 'Women Cotton compac', 'Unidad', 'x108ml', NULL, 1, '0.000', '5.000', '15.00', '1', '2016-03-10'),
(895, NULL, '7751851020916', 116, 5, 'Fantasy con Vitamina E', 'Unidad', 'x170ml', NULL, 1, '6.540', '7.520', '14.98', '1', '2016-03-10'),
(896, NULL, '7751851020930', 116, 5, 'Sensitive con extracto de manz', 'Unidad', 'x170ml', NULL, 1, '6.540', '7.520', '14.98', '1', '2016-03-10'),
(897, NULL, '', 104, 5, 'Trax Mysterious', 'Unidad', 'x150ml', NULL, 1, '13.900', '16.500', '18.71', '1', '2016-03-10'),
(898, NULL, '', 57, 5, 'Trax Make Out', 'Unidad', 'x150ml', NULL, 1, '13.900', '16.500', '18.71', '1', '2016-03-10'),
(899, NULL, '7791293013084', 141, 5, 'Into Glamour', 'Unidad', 'x81ml', NULL, 1, '0.000', '10.000', '15.00', '1', '2016-03-10'),
(900, NULL, '7899089447492', 59, 5, 'Passion Gitana', 'Unidad', 'x75ml', NULL, 1, '0.000', '10.000', '15.00', '1', '2016-03-11'),
(901, NULL, '7899089448390', 59, 5, 'Far Away', 'Unidad', 'x75ml', NULL, 1, '0.000', '10.000', '15.00', '1', '2016-03-11'),
(902, NULL, '7899089448468', 59, 5, 'Imari', 'Unidad', 'x75ml', NULL, 1, '0.000', '10.000', '15.00', '1', '2016-03-11'),
(903, NULL, '7899089447485', 59, 5, 'Treselle', 'Unidad', 'x75ml', NULL, 1, '0.000', '10.000', '15.00', '1', '2016-03-11'),
(904, NULL, '75048105', 142, 31, 'Seco Black', 'Unidad', 'x50ml', NULL, 1, '0.000', '7.000', '15.00', '1', '2016-03-11'),
(905, NULL, '7791293025889', 142, 5, 'Seco Dark Temptation', 'Unidad', 'x50ml', NULL, 1, '10.180', '12.500', '22.79', '1', '2016-03-11'),
(906, NULL, '7791293025773', 142, 5, 'BodySpray Anarchy', 'Unidad', 'x150ml', NULL, 1, '10.580', '12.500', '18.15', '1', '2016-03-11'),
(907, NULL, '7791293023199', 142, 5, 'Random Limited Edition', 'Unidad', 'x160ml', NULL, 1, '10.350', '12.500', '20.77', '1', '2016-03-11'),
(908, NULL, '7791293025896', 142, 5, 'Seco Apollo', 'Unidad', 'x152ml', NULL, 1, '0.000', '12.500', '15.00', '1', '2016-03-11'),
(909, NULL, '7791293025872', 142, 5, 'Seco Peace', 'Unidad', 'x152ml', NULL, 1, '0.000', '12.500', '15.00', '1', '2016-03-11'),
(910, NULL, '7791293028774', 142, 5, 'Seco Black', 'Unidad', 'x152ml', NULL, 1, '0.000', '12.500', '15.00', '1', '2016-03-11'),
(911, NULL, '75045470', 142, 29, 'Seco Peace', 'Unidad', 'x50gr', NULL, 1, '0.000', '8.500', '15.00', '1', '2016-03-11'),
(912, NULL, '75038977', 142, 29, 'Seco Anarchy', 'Unidad', 'x50gr', NULL, 1, '0.000', '8.500', '15.00', '1', '2016-03-16'),
(913, NULL, '7506309864754', 143, 5, 'Pure Sport', 'Unidad', 'x150ml', NULL, 1, '9.750', '11.500', '17.95', '1', '2016-03-11'),
(914, NULL, '7506295304241', 143, 29, 'Showtime', 'Unidad', 'x50gr', NULL, 1, '7.460', '8.500', '13.94', '1', '2016-03-11'),
(915, NULL, '7501001309077', 143, 29, 'V.I.P', 'Unidad', 'x50gr', NULL, 1, '7.460', '8.500', '13.94', '1', '2016-03-11'),
(916, NULL, '020800307659', 143, 29, 'Pure Sport', 'Unidad', 'x50gr', NULL, 1, '7.460', '8.500', '13.94', '1', '2016-03-11'),
(917, NULL, '7506309839172', 143, 31, 'Wolfthorn', 'Unidad', 'x50ml', NULL, 1, '6.740', '8.000', '18.69', '1', '2016-03-11'),
(918, NULL, '7501001164003', 143, 29, 'Pure Sport', 'Unidad', 'x50gr', NULL, 1, '7.460', '8.500', '13.94', '1', '2016-03-11'),
(919, NULL, '7506309839202', 143, 29, 'Wolfthorn', 'Unidad', 'x50gr', NULL, 1, '7.460', '8.500', '13.94', '1', '2016-03-11'),
(920, NULL, '7702018998807', 143, 29, 'Champion', 'Unidad', 'x50gr', NULL, 1, '7.460', '8.500', '13.94', '1', '2016-03-11'),
(921, NULL, '7506295304227', 143, 29, 'Showtime', 'Unidad', 'x50gr', NULL, 1, '7.460', '8.500', '13.94', '1', '2016-03-11'),
(922, NULL, '7501001163983', 143, 29, 'Fresh', 'Unidad', 'x50gr', NULL, 1, '7.460', '8.500', '13.94', '1', '2016-03-11'),
(923, NULL, '7502221184772', 129, 29, 'Addiction', 'Unidad', 'x70gr', NULL, 1, '11.090', '12.500', '12.71', '1', '2016-03-11'),
(924, NULL, '7502221181641', 129, 29, 'Classic', 'Unidad', 'x65gr', NULL, 1, '11.090', '12.500', '12.71', '1', '2016-03-11'),
(925, NULL, '7502221184239', 129, 29, 'Affection', 'Unidad', 'x70gr', NULL, 1, '11.090', '12.500', '12.71', '1', '2016-03-11'),
(926, NULL, '7502221184222', 129, 31, 'Affection', 'Unidad', 'x50gr', NULL, 1, '0.000', '7.500', '15.00', '1', '2016-03-11'),
(927, NULL, '7502221181115', 129, 31, 'Classic', 'Unidad', 'x50gr', NULL, 1, '6.210', '7.500', '20.77', '1', '2016-03-11'),
(928, NULL, '7618280909000', 144, 126, 'Deo Icex150ml+ Energy Gelx240ml', 'Unidad', '', NULL, 1, '0.000', '34.900', '15.00', '1', '2016-03-11'),
(929, NULL, '7502221184246', 129, 5, 'Affection', 'Unidad', 'x210ml', NULL, 1, '0.000', '15.500', '15.00', '1', '2016-03-11'),
(930, NULL, '7899089448796', 59, 5, '300km/h Intense', 'Unidad', 'x150ml', NULL, 1, '0.000', '14.000', '15.00', '1', '2016-03-11'),
(931, NULL, '7899089450973', 59, 5, 'Exclusive', 'Unidad', 'x150ml', NULL, 1, '0.000', '14.000', '15.00', '1', '2016-03-16'),
(932, NULL, '7891010037246', 6, 4, 'Proteccion Pura', 'Unidad', 'x100gr', NULL, 1, '6.070', '6.980', '14.99', '1', '2016-03-11'),
(933, NULL, '21905', 66, 127, 'Feet up', 'Unidad', 'x150ml', NULL, 1, '0.000', '25.000', '15.00', '1', '2016-03-11'),
(934, NULL, '7752902316576', 41, 4, '3Triple accion', 'Unidad', 'x140gr', NULL, 1, '0.000', '7.500', '15.00', '1', '2016-03-11'),
(935, NULL, '7752902690805', 41, 4, '3Triple accion', 'Unidad', 'x60gr', NULL, 1, '0.000', '5.000', '15.00', '1', '2016-03-11'),
(936, NULL, '7791293895062', 133, 127, 'Efficient', 'Unidad', 'x117ml', NULL, 1, '11.180', '13.000', '16.28', '1', '2016-03-11'),
(937, NULL, '', 56, 11, 'Tropical Maracuya', 'Unidad', 'x200ml', NULL, 1, '0.000', '12.000', '15.00', '1', '2016-03-11'),
(938, NULL, '8901030203244', 145, 11, 'Antibacteriano', 'Unidad', 'x225ml', NULL, 1, '0.000', '7.800', '15.00', '1', '2016-03-11'),
(939, NULL, '7891150023222', 145, 11, 'Total Antibacteriano', 'Unidad', 'x220ml', NULL, 1, '4.870', '5.600', '14.99', '1', '2016-03-11'),
(940, NULL, '3059943015050', 146, 124, 'Rocio de la mañana', 'Unidad', 'x345ml', NULL, 1, '0.000', '10.000', '15.00', '1', '2016-03-11'),
(941, NULL, '7751851008945', 116, 11, 'Fresco Eucalipto', 'Unidad', 'x400ml', NULL, 1, '0.000', '6.500', '15.00', '1', '2016-03-11'),
(942, NULL, '7751851015288', 116, 11, 'Pasion Citrica', 'Unidad', 'x400ml', NULL, 1, '0.000', '6.500', '15.00', '1', '2016-03-11'),
(943, NULL, '7751851008914', 116, 11, 'Petalos de Rosa', 'Unidad', 'x400ml', NULL, 1, '0.000', '6.500', '15.00', '1', '2016-03-11'),
(944, NULL, '7751851015271', 116, 11, 'Frutos Rojos', 'Unidad', 'x400ml', NULL, 1, '0.000', '6.500', '15.00', '1', '2016-03-11'),
(945, NULL, '7702027494529', 18, 89, 'Dispensador Alas tela gel', 'Unidad', 'x42und', NULL, 1, '0.000', '12.500', '15.00', '1', '2016-03-11'),
(946, NULL, '7752902006880', 43, 11, 'Lavanda', 'Unidad', 'x400ml', NULL, 1, '4.853', '6.000', '23.63', '1', '2016-04-05'),
(947, NULL, '7757709000086', 147, 11, 'Manzana', 'Unidad', 'x275ml', NULL, 1, '0.000', '3.500', '15.00', '1', '2016-03-11'),
(948, NULL, '7757709000086', 147, 11, 'Manzana', 'Unidad', 'x275ml', NULL, 1, '0.000', '3.500', '15.00', '1', '2016-03-11'),
(949, NULL, '7757709000185', 147, 11, 'Rosas', 'Unidad', 'x275ml', NULL, 1, '0.000', '3.500', '15.00', '1', '2016-03-11'),
(950, NULL, '7757709000116', 147, 11, 'Lemongras', 'Unidad', 'x275ml', NULL, 1, '0.000', '3.500', '15.00', '1', '2016-03-11'),
(951, NULL, '7751851008921', 116, 11, 'Limon fresco', 'Unidad', 'x400ml', NULL, 1, '0.000', '6.500', '15.00', '1', '2016-03-11'),
(952, NULL, '7791130003933', 146, 124, 'Frescura Citrica', 'Unidad', 'x346ml', NULL, 1, '0.000', '6.000', '15.00', '1', '2016-03-11'),
(953, NULL, '7751851019224', 139, 124, 'Brisa Marina', 'Unidad', 'x396ml', NULL, 1, '0.000', '6.000', '15.00', '1', '2016-03-11'),
(954, NULL, '7702027478741', 30, 26, 'Slip Large', 'Unidad', 'x1und', NULL, 1, '0.000', '3.000', '15.00', '1', '2016-03-11'),
(955, NULL, '7909189003839', 59, 3, 'Naturals Sorprendeme Violeta y Lich', 'Unidad', 'x200ml', NULL, 1, '8.920', '15.000', '68.16', '1', '2016-03-11'),
(956, NULL, '7909189003792', 59, 3, 'Naturals Vibrame Orquidea y Blue', 'Unidad', 'x200ml', NULL, 1, '8.920', '15.000', '68.16', '1', '2016-03-11'),
(957, NULL, '7909189004744', 59, 3, 'Naturals Divina Rosas roj y alba', 'Unidad', 'x200ml', NULL, 1, '8.920', '15.000', '68.16', '1', '2016-03-11'),
(958, NULL, '7899089448512', 59, 94, 'Manzanilla', 'Unidad', 'x250ml', NULL, 1, '19.420', '25.000', '28.73', '1', '2016-03-11'),
(959, NULL, '7899089448505', 59, 94, 'Te Blanco', 'Unidad', 'x250ml', NULL, 1, '19.420', '25.000', '28.73', '1', '2016-03-11'),
(960, NULL, '7899089473606', 59, 94, 'Floral', 'Unidad', 'x250ml', NULL, 1, '19.420', '25.000', '28.73', '1', '2016-03-11'),
(961, NULL, '7702027043512', 18, 81, 'Natural', 'Paquete', 'x16und', NULL, 1, '0.000', '6.500', '15.00', '1', '2016-03-11'),
(962, NULL, '7909189017874', 59, 59, 'Ultra matte red supreme', 'Unidad', 'x3.6gr', NULL, 1, '9.900', '15.000', '51.52', '1', '2016-03-11'),
(963, NULL, '7899089476652', 59, 2, 'Naturals Aloe y Macadamia', 'Unidad', 'x1ltr', NULL, 1, '14.900', '18.630', '25.03', '1', '2016-03-11'),
(964, NULL, '05640595', 59, 5, 'Wild Country', 'Unidad', 'x195ml', NULL, 1, '0.000', '14.000', '15.00', '1', '2016-03-11'),
(965, NULL, '05612440', 59, 5, 'Blue Blazer', 'Unidad', 'x195ml', NULL, 1, '0.000', '14.000', '15.00', '1', '2016-03-11'),
(966, NULL, '26076', 59, 31, 'Wild Country', 'Unidad', 'x50ml', NULL, 1, '0.000', '6.500', '15.00', '1', '2016-03-11'),
(967, NULL, '26088', 59, 31, 'Black Suede', 'Unidad', 'x50ml', NULL, 1, '0.000', '6.500', '15.00', '1', '2016-03-11'),
(968, NULL, '26339', 59, 31, 'Far Away', 'Unidad', 'x50ml', NULL, 1, '0.000', '6.500', '15.00', '1', '2016-03-11'),
(969, NULL, '', 57, 128, 'Be sexy revive', 'Unidad', 'x110ml', NULL, 1, '0.000', '15.000', '15.00', '1', '2016-03-12'),
(970, NULL, '7891150017344', 73, 9, 'Oleo Nutricion', 'Unidad', 'x200ml', NULL, 1, '8.340', '10.000', '19.90', '1', '2016-03-12'),
(971, NULL, '7891037013629', 73, 9, 'reconstruccion completa', 'Unidad', 'x200ml', NULL, 1, '8.340', '10.000', '19.90', '1', '2016-03-12'),
(972, NULL, '7752999002376', 60, 62, 'Lan Cream Placenta', 'Unidad', 'x300gr', NULL, 1, '0.000', '10.000', '15.00', '1', '2016-03-12'),
(973, NULL, '7501059316829', 109, 46, 'Control Extremo', 'Unidad', 'x200gr', NULL, 1, '5.360', '6.500', '21.27', '1', '2016-03-12'),
(974, NULL, '7790778071212', 109, 46, 'Fijacion Extra', 'Unidad', 'x200gr', NULL, 1, '6.310', '7.500', '18.86', '1', '2016-03-12'),
(975, NULL, '7790778071229', 109, 46, 'Fijacion Flexible', 'Unidad', 'x200gr', NULL, 1, '6.310', '7.500', '18.86', '1', '2016-03-12'),
(976, NULL, '650240004803', 16, 35, 'Para puntos negros Antiacnil', 'Unidad', 'x150ml', NULL, 1, '16.910', '19.450', '15.00', '1', '2016-05-28'),
(977, NULL, '7891150017702', 67, 129, 'Liso Perfecto', 'Unidad', 'x150ml', NULL, 1, '0.000', '10.000', '15.00', '1', '2016-03-12'),
(978, NULL, '7501001170080', 7, 9, 'Rizos Definidos', 'Unidad', 'x300ml', NULL, 1, '0.000', '15.900', '15.00', '1', '2016-03-12'),
(979, NULL, '7501001170073', 7, 9, 'Liso Extremo', 'Unidad', 'x300ml', NULL, 1, '0.000', '15.900', '15.00', '1', '2016-03-12'),
(980, NULL, '7506195110195', 74, 9, 'Prolongalo', 'Unidad', 'x300ml', NULL, 1, '0.000', '10.000', '15.00', '1', '2016-03-12'),
(981, NULL, '7506195155462', 74, 100, 'Alborotalos', 'Unidad', 'x227gr', NULL, 1, '9.190', '10.570', '15.02', '1', '2016-03-12'),
(982, NULL, '0004656', 55, 107, 'BodySpa Uña de Gato', 'Unidad', 'x400ml', NULL, 1, '0.000', '38.000', '15.00', '1', '2016-03-12'),
(983, NULL, '037836040085', 52, 107, 'Concha Nacar', 'Unidad', 'x400ml', NULL, 1, '0.000', '19.500', '15.00', '1', '2016-03-12'),
(984, NULL, '7759307007399', 148, 107, 'Piel Seca', 'Unidad', 'x250ml', NULL, 1, '0.000', '13.500', '15.00', '1', '2016-03-12'),
(985, NULL, '7759307007405', 148, 107, 'Piel Normal', 'Unidad', 'x250ml', NULL, 1, '0.000', '13.500', '15.00', '1', '2016-03-16'),
(986, NULL, '8412300001175', 4, 33, 'Leche Limpiadora Facial piel normal', 'Unidad', 'x200ml', NULL, 1, '18.580', '21.550', '15.96', '1', '2016-05-26'),
(987, NULL, '7751658018222', 134, 3, 'Body splash', 'Unidad', 'x240ml', NULL, 1, '0.000', '17.000', '15.00', '1', '2016-03-12'),
(988, NULL, '7751851011990', 116, 70, 'Ocean Hidratante', 'Unidad', 'x120ml', NULL, 1, '0.000', '4.500', '15.00', '1', '2016-03-12'),
(989, NULL, '7751851008792', 116, 24, 'Sun Fps 60 uva/uvb', 'Unidad', 'x20ml', NULL, 1, '0.000', '3.800', '15.00', '1', '2016-03-12'),
(990, NULL, '7751851010924', 116, 24, 'Sun Kids Color sandia y uva', 'Unidad', 'x20ml', NULL, 1, '0.000', '3.800', '15.00', '1', '2016-03-12'),
(991, NULL, '', 58, 24, 'Defense Total FPS50+uva/uvb', 'Unidad', 'x80ml', NULL, 1, '0.000', '50.000', '15.00', '1', '2016-03-12'),
(992, NULL, '7751257014854', 23, 81, 'Extragruesas Aloe Vera', 'Paquete', 'x60und', NULL, 1, '0.000', '6.000', '15.00', '1', '2016-03-12'),
(993, NULL, '4891138919649', 149, 131, 'Llavero', 'Unidad', '', NULL, 1, '6.400', '8.000', '25.00', '1', '2016-03-14'),
(994, NULL, '7804955010342', 4, 132, 'Crema antiarr dia y noche x50ml', 'Estuche', 'x2und', NULL, 1, '0.000', '70.000', '15.00', '1', '2016-03-12'),
(995, NULL, '7861001802320', 150, 26, 'Extra gruesos x10und +oferta x1und', 'Pack', '', NULL, 1, '0.000', '4.500', '15.00', '1', '2016-03-12'),
(996, NULL, '4005808336845', 4, 107, 'Soft Milk Piel Seca', 'Unidad', 'x400ml', NULL, 1, '0.000', '18.000', '15.00', '1', '2016-03-12'),
(997, NULL, '3014260318147', 15, 13, 'Indicator Plus medio 40', 'Unidad', '', NULL, 1, '0.000', '5.000', '15.00', '1', '2016-03-12'),
(998, NULL, '6946357179331', 151, 13, 'Wave Clean', 'Unidad', '', NULL, 1, '0.000', '3.500', '15.00', '1', '2016-03-12'),
(999, NULL, '7501086472017', 82, 13, 'Doble Accion limp tradiciona', 'Unidad', '', NULL, 1, '4.500', '5.000', '11.11', '1', '2016-03-12'),
(1000, NULL, '7501056334956', 152, 107, 'Humectacion Restaurad', 'Unidad', 'x400ml', NULL, 1, '0.000', '14.500', '15.00', '1', '2016-03-12'),
(1001, NULL, '4005808321216', 4, 107, 'CC Soft Milk Piel Seca', 'Unidad', 'x250ml', NULL, 1, '12.100', '13.910', '15.00', '1', '2016-05-26'),
(1002, NULL, '4005808881512', 4, 8, 'Good Bye Celulitis', 'Unidad', 'x200ml', NULL, 1, '24.450', '29.000', '18.61', '1', '2016-03-12'),
(1003, NULL, '7804955010359', 4, 132, 'Crx200ml+Locx200ml+Crx50ml', 'Unidad', '', NULL, 1, '0.000', '43.000', '15.00', '1', '2016-03-12'),
(1004, NULL, '7804955009780', 4, 132, 'Limpiarax200ml+Cremax50ml', 'Estuche', '', NULL, 1, '0.000', '31.000', '15.00', '1', '2016-03-12'),
(1005, NULL, '079656540598', 26, 24, 'Aqua Protect Kids Fps 50', 'Unidad', 'x170gr', NULL, 1, '0.000', '51.000', '15.00', '1', '2016-03-12'),
(1006, NULL, '7750336000023', 153, 3, '', 'Unidad', 'x20ml', NULL, 1, '0.000', '20.000', '15.00', '1', '2016-03-12'),
(1007, NULL, '7750336000047', 153, 3, '', 'Unidad', 'x100ml', NULL, 1, '0.000', '46.000', '15.00', '1', '2016-03-12'),
(1008, NULL, '7750336000030', 153, 3, '', 'Unidad', 'x50ml', NULL, 1, '0.000', '31.500', '15.00', '1', '2016-03-12'),
(1009, NULL, '7750336000078', 154, 3, '', 'Unidad', 'x58ml', NULL, 1, '0.000', '30.000', '15.00', '1', '2016-03-12'),
(1010, NULL, '7757709379670', 147, 3, 'Cariño', 'Unidad', 'x50ml', NULL, 1, '0.000', '12.500', '15.00', '1', '2016-03-12'),
(1011, NULL, '7757709379687', 147, 3, 'Cariño', 'Unidad', 'x100ml', NULL, 1, '0.000', '19.000', '15.00', '1', '2016-03-12'),
(1012, NULL, '7757709379694', 147, 3, 'Cariño', 'Unidad', 'x195ml', NULL, 1, '0.000', '31.000', '15.00', '1', '2016-03-12'),
(1013, NULL, '7751493264723', 29, 26, 'Practipañal', 'Paquete', 'x10un', NULL, 1, '0.000', '4.500', '15.00', '1', '2016-03-12'),
(1014, NULL, '0004639', 55, 133, 'BodySpa Uña de Gato', 'Unidad', 'x100gr', NULL, 1, '0.000', '20.000', '15.00', '1', '2016-03-12'),
(1015, NULL, '7750215014950', 78, 132, 'Concha Nacar Crx120gr+Jab Florx80gr', 'Estuche', '', NULL, 1, '0.000', '17.500', '15.00', '1', '2016-03-15'),
(1016, NULL, '7759307009089', 155, 112, 'Colox250ml + jab liquidx300ml', 'Estuche', '', NULL, 1, '17.000', '25.000', '47.06', '1', '2016-03-12'),
(1017, NULL, '7898951850361', 156, 134, 'Exotic Romance ', 'Estuche', 'x50ml', NULL, 1, '0.000', '23.500', '15.00', '1', '2016-03-12'),
(1018, NULL, '7751658019984', 17, 112, 'Oringinal colx250ml+jabx85gr', 'Estuche', '', NULL, 1, '15.820', '20.000', '26.42', '1', '2016-03-12'),
(1019, NULL, '4015400550471', 21, 81, 'Fresh Clean 2x64und', 'Pack', '', NULL, 2, '0.000', '15.000', '15.00', '1', '2016-03-12'),
(1020, NULL, '4015400636434', 21, 81, 'Sensitive 3x56und =168und', 'Pack', '', NULL, 3, '0.000', '21.000', '15.00', '1', '2016-03-12'),
(1021, NULL, '7751257013185', 23, 81, 'Extragruesas 2 paq x72und', 'Estuche', '', NULL, 2, '13.190', '15.170', '15.01', '1', '2016-03-12'),
(1022, NULL, '7751257017053', 23, 81, 'Extragruesas 3paq x60und', 'Estuche', '', NULL, 3, '15.550', '18.000', '15.76', '1', '2016-03-12'),
(1023, NULL, '8850217000254', 24, 135, 'Limpia Biberon y Tetina', 'Unidad', '', NULL, 1, '7.680', '9.000', '17.19', '1', '2016-03-14'),
(1024, NULL, '048526055241', 157, 135, 'Limpia Facil Cepillo p/ biber y tet', 'Unidad', '', NULL, 1, '0.000', '19.500', '15.00', '1', '2016-03-14'),
(1025, NULL, '7750045222099', 25, 136, 'Con protector borde suave', 'Unidad', '', NULL, 1, '6.300', '7.500', '19.05', '1', '2016-03-14'),
(1026, NULL, '6930983980522', 158, 13, 'Niños', 'Unidad', '', NULL, 1, '0.000', '1.000', '15.00', '1', '2016-03-14'),
(1027, NULL, '7750045252225', 159, 136, 'Baby con sujetador', 'Unidad', '', NULL, 1, '0.000', '11.000', '15.00', '1', '2016-03-14'),
(1028, NULL, '8850217000308', 24, 13, 'Baby dent de silicona c/ estuc prot', 'Unidad', '', NULL, 1, '0.000', '7.000', '15.00', '1', '2016-03-14'),
(1029, NULL, '6955770801392', 160, 137, 'Teether', 'Unidad', '', NULL, 1, '0.000', '5.000', '15.00', '1', '2016-03-14'),
(1030, NULL, '8850217000155', 24, 15, 'Silicona de entrenamiento boca anch', 'Unidad', '', NULL, 1, '0.000', '4.500', '15.00', '1', '2016-03-14'),
(1031, NULL, '6937619301225', 161, 85, 'Cepillo para pelo', 'Unidad', '', NULL, 1, '0.000', '4.500', '15.00', '1', '2016-03-14'),
(1032, NULL, '7751257018722', 23, 15, 'Pro-Flo Flujo Medio 3m a 6m', 'Estuche', 'x2und', NULL, 1, '14.000', '16.000', '14.29', '1', '2016-03-31'),
(1033, NULL, '7751257018715', 23, 15, 'Pro-Flo Flujo Lento 0 a 3m', 'Estuche', 'x2und', NULL, 1, '14.000', '16.000', '14.29', '1', '2016-03-31'),
(1034, NULL, '', 162, 139, 'Color cosmetics', 'Estuche', '', NULL, 1, '0.000', '10.000', '15.00', '1', '2016-03-14'),
(1035, NULL, '7750045180436', 25, 140, 'Disney Winnie the pooh', 'Estuche', '', NULL, 1, '7.700', '9.000', '16.88', '1', '2016-03-14'),
(1036, NULL, '58300084', 32, 13, 'Cepillo para pies 4 en 1', 'Unidad', '', NULL, 1, '0.000', '4.000', '15.00', '1', '2016-03-14'),
(1037, NULL, '', 163, 141, 'Sonaja musical y con luz', 'Unidad', '', NULL, 1, '0.000', '9.500', '15.00', '1', '2016-03-14'),
(1038, NULL, '4891138941220', 149, 142, 'Manos Libres con pilas', 'Unidad', '', NULL, 1, '0.000', '23.900', '15.00', '1', '2016-03-14'),
(1039, NULL, '048526241705', 157, 143, 'Medical Kit 0m+', 'Estuche', '', NULL, 1, '0.000', '24.000', '15.00', '1', '2016-03-14'),
(1040, NULL, '7750045223324', 25, 141, 'Mordedor Llaves', 'Unidad', '', NULL, 1, '0.000', '14.500', '15.00', '1', '2016-03-14'),
(1041, NULL, '6922385515280', 164, 143, 'Lima + cortauña + tijera', 'Unidad', '', NULL, 1, '0.000', '5.000', '15.00', '1', '2016-03-14'),
(1042, NULL, '', 165, 141, 'Con sonido y luz', 'Unidad', '', NULL, 1, '0.000', '14.900', '15.00', '1', '2016-03-14'),
(1043, NULL, '041840000034', 166, 144, 'Con toalla', 'Estuche', 'x3und', NULL, 1, '0.000', '18.000', '15.00', '1', '2016-03-16'),
(1044, NULL, '7752902003360', 42, 3, 'Rosas', 'Unidad', 'x250ml', NULL, 1, '0.000', '10.000', '15.00', '1', '2016-03-14'),
(1045, NULL, '7752902000819', 42, 3, 'Herbal', 'Unidad', 'x250ml', NULL, 1, '0.000', '10.000', '15.00', '1', '2016-03-14'),
(1046, NULL, '7752902000789', 42, 3, 'Citrica', 'Unidad', 'x250ml', NULL, 1, '0.000', '10.000', '15.00', '1', '2016-03-14'),
(1047, NULL, '7752902005500', 42, 3, 'Lavanda', 'Unidad', 'x250ml', NULL, 1, '0.000', '10.000', '15.00', '1', '2016-03-14'),
(1048, NULL, '7757266001656', 167, 145, 'Splash 2und x250ml', 'Estuche', '', NULL, 1, '0.000', '24.500', '15.00', '1', '2016-03-14'),
(1049, NULL, '7752999002383', 60, 8, 'Barro Mineral', 'Unidad', '300gr', NULL, 1, '9.250', '11.000', '18.92', '1', '2016-03-14'),
(1050, NULL, '038949007033', 168, 80, 'Para el cuerpo', 'Unidad', 'x140gr', NULL, 1, '0.000', '21.000', '15.00', '1', '2016-03-14'),
(1051, NULL, '', 169, 4, 'Simply Sensual Dusting Powder', 'Unidad', 'x142gr', NULL, 1, '0.000', '10.000', '15.00', '1', '2016-03-14'),
(1052, NULL, '7750215015988', 170, 147, 'Aroma terapia', 'Estuche', 'x3und', NULL, 1, '0.000', '28.000', '15.00', '1', '2016-03-14'),
(1053, NULL, '7804955010755', 4, 148, 'Shower gelx250ml+aclaradox250ml', 'Estuche', '', NULL, 1, '17.200', '20.000', '16.28', '1', '2016-03-14'),
(1054, NULL, '7750215017272', 78, 149, 'cremax100gr+quitaemalx70ml+lima', 'Estuche', '', NULL, 1, '0.000', '7.500', '15.00', '1', '2016-03-14'),
(1055, NULL, '7750465004763', 65, 112, 'Coloniax250ml+Jab liqx400ml', 'Estuche', '', NULL, 1, '0.000', '23.000', '15.00', '1', '2016-03-14'),
(1056, NULL, '7759307007481', 155, 112, 'Agua de colx500ml+jabx150gr', 'Estuche', '', NULL, 1, '0.000', '21.000', '15.00', '1', '2016-03-14'),
(1057, NULL, '', 56, 4, 'Momento libertad', 'Unidad', 'x140gr', NULL, 1, '0.000', '13.500', '15.00', '1', '2016-03-14'),
(1058, NULL, '', 56, 4, 'Salvaje', 'Unidad', 'x140gr', NULL, 1, '0.000', '13.500', '15.00', '1', '2016-03-14'),
(1059, NULL, '', 56, 4, 'Fiori', 'Unidad', 'x140gr', NULL, 1, '0.000', '13.500', '15.00', '1', '2016-03-14'),
(1060, NULL, '7754326041010', 171, 4, 'Romeo y Julieta', 'Unidad', 'x100gr', NULL, 1, '4.750', '6.500', '36.84', '1', '2016-03-14'),
(1061, NULL, '7754326001434', 171, 4, 'Orchidee', 'Unidad', 'x100gr', NULL, 1, '4.750', '6.500', '36.84', '1', '2016-03-14'),
(1062, NULL, '22151', 66, 4, 'Ascendant', 'Unidad', 'x100gr', NULL, 1, '0.000', '10.000', '15.00', '1', '2016-03-14'),
(1063, NULL, '7899089434249', 59, 3, 'Charisma', 'Unidad', 'x150ml', NULL, 1, '0.000', '12.000', '15.00', '1', '2016-03-14'),
(1064, NULL, '67326', 59, 3, 'Sweet Honesty', 'Unidad', 'x150ml', NULL, 1, '0.000', '12.000', '15.00', '1', '2016-03-14'),
(1065, NULL, '67322', 59, 3, 'Sensual Musk', 'Unidad', 'x150ml', NULL, 1, '0.000', '12.000', '15.00', '1', '2016-03-14'),
(1066, NULL, '7899089434263', 59, 3, 'Passionel', 'Unidad', 'x150ml', NULL, 1, '0.000', '12.000', '15.00', '1', '2016-03-14'),
(1067, NULL, '7899089434256', 59, 3, 'Topaze', 'Unidad', 'x150ml', NULL, 1, '0.000', '12.000', '15.00', '1', '2016-03-14'),
(1068, NULL, '7791274001598', 159, 28, 'Independeny girl', 'Unidad', 'x135ml', NULL, 1, '0.000', '10.000', '15.00', '1', '2016-03-14'),
(1069, NULL, '', 56, 3, 'Men Fresh', 'Unidad', 'x200ml', NULL, 1, '0.000', '30.000', '15.00', '1', '2016-03-14'),
(1070, NULL, '', 57, 2, 'Berrylicious Sexy', 'Unidad', 'x375ml', NULL, 1, '0.000', '20.000', '15.00', '1', '2016-03-14'),
(1071, NULL, '', 56, 3, 'Berrylicious Sexy', 'Unidad', 'x200ml', NULL, 1, '0.000', '20.000', '15.00', '1', '2016-03-14'),
(1072, NULL, '', 56, 3, 'Berrylicious Exotic', 'Unidad', 'x200ml', NULL, 1, '0.000', '20.000', '15.00', '1', '2016-03-14'),
(1073, NULL, '', 56, 3, 'Berrylicious berry cocktail', 'Unidad', 'x200ml', NULL, 1, '0.000', '20.000', '15.00', '1', '2016-03-14'),
(1074, NULL, '', 56, 3, 'Fruits Flowers trop maracuya', 'Unidad', 'x200ml', NULL, 1, '0.000', '18.000', '15.00', '1', '2016-03-14'),
(1075, NULL, '', 56, 3, 'Seducing Orchidea bouquet floral', 'Unidad', 'x200ml', NULL, 1, '0.000', '20.000', '15.00', '1', '2016-03-14'),
(1076, NULL, '7750908001755', 172, 108, 'Colox443ml+Hi&dri deo x44ml', 'Estuche', '', NULL, 1, '0.000', '33.500', '15.00', '1', '2016-03-14'),
(1077, NULL, '25443', 66, 4, 'Nature secrets tropical burst', 'Unidad', 'x400gr', NULL, 1, '0.000', '30.000', '15.00', '1', '2016-03-14'),
(1078, NULL, '', 56, 3, 'Mini chics tina dance', 'Unidad', 'x200ml', NULL, 1, '0.000', '14.000', '15.00', '1', '2016-03-14'),
(1079, NULL, '7757266005777', 167, 112, 'Col splashx250ml+jabx120gr', 'Estuche', '', NULL, 1, '0.000', '18.000', '15.00', '1', '2016-03-14'),
(1080, NULL, '7791274002960', 132, 3, 'Disney Violeta', 'Unidad', 'x200ml', NULL, 1, '0.000', '20.000', '15.00', '1', '2016-03-14'),
(1081, NULL, '7899563236994', 113, 7, 'Ekos Encanto de capitu', 'Unidad', 'x90gr', NULL, 1, '0.000', '10.000', '15.00', '1', '2016-03-14'),
(1082, NULL, '7898532709446', 113, 2, 'Ekos Castanha', 'Unidad', 'x300ml', NULL, 1, '0.000', '25.000', '15.00', '1', '2016-03-14'),
(1083, NULL, '7898548817159', 113, 2, 'Ekos Buriti', 'Unidad', 'x300ml', NULL, 1, '0.000', '25.000', '15.00', '1', '2016-03-14'),
(1084, NULL, '7501046110300', 50, 144, '3unsx150gr', 'Estuche', '', NULL, 1, '0.000', '20.000', '15.00', '1', '2016-03-14'),
(1085, NULL, '7899563201541', 113, 31, 'Tododia Sin perfume', 'Unidad', 'x70ml', NULL, 1, '24.000', '30.000', '25.00', '1', '2016-03-14'),
(1086, NULL, '7501027280657', 173, 2, 'Mango-Naranja', 'Unidad', 'x265ml', NULL, 1, '0.000', '14.800', '15.00', '1', '2016-03-14'),
(1087, NULL, '0002683', 55, 3, 'Alegria Petit pon pon ', 'Unidad', 'x400ml', NULL, 1, '0.000', '35.000', '15.00', '1', '2016-03-14'),
(1088, NULL, '7898460855260', 113, 150, 'Va para desodorante colonia', 'Unidad', '', NULL, 1, '0.000', '15.000', '15.00', '1', '2016-03-14'),
(1089, NULL, '', 56, 46, 'CComando Force', 'Unidad', 'x80gr', NULL, 1, '0.000', '12.000', '15.00', '1', '2016-03-14'),
(1090, NULL, '7898548819290', 113, 8, 'Ekos Pulpa Hidratante', 'Unidad', 'x100gr', NULL, 1, '0.000', '45.000', '0.00', '1', '2016-03-14'),
(1091, NULL, '7899563241806', 113, 11, 'Tododia orquidea', 'Unidad', 'x300ml', NULL, 1, '0.000', '25.000', '15.00', '1', '2016-03-14'),
(1092, NULL, '7899563201022', 113, 3, 'Ekos Pitanga', 'Unidad', 'x150ml', NULL, 1, '0.000', '75.000', '15.00', '1', '2016-03-14'),
(1093, NULL, '7898548805644', 113, 3, 'Kaiak femenino', 'Unidad', 'x100ml', NULL, 1, '0.000', '110.000', '15.00', '1', '2016-03-14'),
(1094, NULL, '7899089498753', 59, 8, 'Encanto Seduccion a flor de piel', 'Unidad', 'x75gr', NULL, 1, '0.000', '10.000', '15.00', '1', '2016-03-14'),
(1095, NULL, '', 58, 8, 'CC cream', 'Unidad', 'x40gr', NULL, 1, '0.000', '70.000', '15.00', '1', '2016-03-16'),
(1096, NULL, '21878', 66, 8, 'Dream cream', 'Unidad', 'x30ml', NULL, 1, '0.000', '5.000', '15.00', '1', '2016-03-14'),
(1097, NULL, '077043104736', 174, 8, 'Timeless Skin', 'Unidad', 'x283gr', NULL, 1, '0.000', '19.000', '15.00', '1', '2016-03-14'),
(1098, NULL, '', 57, 144, 'Jabon de tocador 2undx7.5gr', 'Estuche', '', NULL, 1, '0.000', '15.000', '15.00', '1', '2016-03-14'),
(1099, NULL, '', 56, 8, 'Triple accion max', 'Unidad', 'x240gr', NULL, 1, '0.000', '28.500', '15.00', '1', '2016-03-14'),
(1100, NULL, '7899563201046', 113, 3, 'Ekos Pitanga Amarela', 'Unidad', 'x150ml', NULL, 1, '0.000', '75.000', '15.00', '1', '2016-03-14'),
(1101, NULL, '7899563201121', 113, 3, 'Ekos Castanha', 'Unidad', 'x150ml', NULL, 1, '0.000', '75.000', '15.00', '1', '2016-03-14'),
(1102, NULL, '7899563201114', 113, 3, 'Ekos Maracuya', 'Unidad', 'x150ml', NULL, 1, '0.000', '75.000', '15.00', '1', '2016-03-14'),
(1103, NULL, '7899846000656', 113, 3, 'Aguas Flor de Lotus', 'Unidad', 'x150ml', NULL, 1, '0.000', '65.000', '15.00', '1', '2016-03-15'),
(1104, NULL, '7898532708395', 113, 144, 'Erva doce jabones de toca 4undx90gr', 'Estuche', '', NULL, 1, '0.000', '26.000', '15.00', '1', '2016-03-15'),
(1105, NULL, '7861078306400', 28, 26, 'Invisible Mediano', 'Paquete', 'x8und', NULL, 8, '0.000', '18.000', '15.00', '1', '2016-03-15'),
(1106, NULL, '7750215017326', 78, 144, 'Concha de Nacar Cr120gr+Jb80g+Jb80g', 'Estuche', '', NULL, 1, '0.000', '20.000', '15.00', '1', '2016-03-15'),
(1107, NULL, '', 56, 107, 'Aqua lotion piel lisa', 'Unidad', 'x1ltr', NULL, 1, '0.000', '35.000', '15.00', '1', '2016-03-15'),
(1108, NULL, '', 56, 107, 'Multicrem nutrients', 'Unidad', 'x1ltr', NULL, 1, '0.000', '35.000', '15.00', '1', '2016-03-15'),
(1109, NULL, '', 56, 107, 'Triple accion max', 'Unidad', 'x1ltr', NULL, 1, '0.000', '35.000', '15.00', '1', '2016-03-15'),
(1110, NULL, '7702045541410', 47, 2, 'Reparacion total RP19', 'Unidad', 'x375ml', NULL, 1, '0.000', '14.000', '15.00', '1', '2016-03-15'),
(1111, NULL, '7702045490633', 45, 2, 'Todo tipo de cabello', 'Unidad', 'x200ml', NULL, 1, '0.000', '8.500', '15.00', '1', '2016-03-15'),
(1112, NULL, '', 42, 119, 'Spring F colx250+Bel natur talx140g', 'Estuche', '', NULL, 1, '0.000', '17.000', '15.00', '1', '2016-03-15'),
(1113, NULL, '7750021004121', 175, 7, 'Avena ', 'Unidad', 'x75gr', NULL, 1, '0.000', '2.000', '15.00', '1', '2016-03-15'),
(1114, NULL, '7750021004886', 175, 7, 'Fresh', 'Unidad', 'x75gr', NULL, 1, '0.000', '2.000', '15.00', '1', '2016-03-15'),
(1115, NULL, '7750021004220', 175, 7, 'Extra Suave', 'Unidad', 'x75gr', NULL, 1, '0.000', '2.000', '15.00', '1', '2016-03-15'),
(1116, NULL, '7750021004541', 175, 7, 'Aloe', 'Unidad', 'x75gr', NULL, 1, '0.000', '2.000', '15.00', '1', '2016-03-15'),
(1117, NULL, '7750304008297', 176, 7, 'Clasico', 'Unidad', 'x80gr', NULL, 1, '0.000', '4.500', '15.00', '1', '2016-03-15'),
(1118, NULL, '7759185000277', 177, 151, 'Clasica', 'Unidad', 'x1rollo', NULL, 1, '0.000', '1.500', '15.00', '1', '2016-03-15'),
(1119, NULL, '7751493006378', 19, 19, 'Extra doble hoja', 'Paquete', 'x4rollos', NULL, 1, '0.000', '3.000', '15.00', '1', '2016-03-15'),
(1120, NULL, '7759307443524', 106, 11, 'Glicerina', 'Unidad', 'x300ml', NULL, 1, '0.000', '18.500', '15.00', '1', '2016-03-15'),
(1121, NULL, '7891038301800', 73, 7, 'Baby cream bar', 'Unidad', 'x75gr', NULL, 1, '0.000', '3.000', '15.00', '1', '2016-03-15'),
(1122, NULL, '7750021004527', 175, 7, 'Aloe', 'Unidad', 'x125gr', NULL, 1, '2.750', '3.160', '14.91', '1', '2016-03-15'),
(1123, NULL, '7750021004893', 175, 7, 'Fresh', 'Unidad', 'x125gr', NULL, 1, '2.750', '3.160', '14.91', '1', '2016-03-15'),
(1124, NULL, '7750021004169', 175, 7, 'Extra Proteccion', 'Unidad', 'x125gr', NULL, 1, '2.750', '3.160', '14.91', '1', '2016-03-15'),
(1125, NULL, '7891150019560', 73, 7, 'Delicious Care', 'Unidad', 'x90gr', NULL, 1, '0.000', '3.000', '15.00', '1', '2016-03-15'),
(1126, NULL, '7898422746759', 73, 7, 'Original', 'Unidad', 'x90gr', NULL, 1, '0.000', '3.000', '15.00', '1', '2016-03-15'),
(1127, NULL, '7702538111502', 17, 7, 'Antibacteriano', 'Unidad', 'x150gr', NULL, 1, '2.850', '3.500', '22.81', '1', '2016-03-15'),
(1128, NULL, '7753572001557', 124, 7, 'Manzanilla', 'Unidad', 'x80gr', NULL, 1, '0.000', '2.000', '15.00', '1', '2016-03-15'),
(1129, NULL, '7753572001564', 124, 7, 'Original', 'Unidad', 'x80gr', NULL, 1, '0.000', '2.000', '15.00', '1', '2016-03-15'),
(1130, NULL, '7753572001571', 124, 7, 'Milk', 'Unidad', 'x80gr', NULL, 1, '0.000', '2.000', '15.00', '1', '2016-03-15'),
(1131, NULL, '2050000515545', 178, 7, 'Antibacterial x90gr +H&S', 'Pack', '', NULL, 1, '0.000', '2.000', '15.00', '1', '2016-03-15'),
(1132, NULL, '7791293024189', 133, 7, 'Menta fresh', 'Unidad', 'x90gr', NULL, 1, '0.000', '2.000', '0.00', '1', '2016-03-15'),
(1133, NULL, '7791293024172', 133, 7, 'Sensible Fresh', 'Unidad', 'x90gr', NULL, 1, '0.000', '2.000', '0.00', '1', '2016-03-15'),
(1134, NULL, '7791293024196', 133, 7, 'Acqua Fresh', 'Unidad', 'x90gr', NULL, 1, '0.000', '2.000', '0.00', '1', '2016-03-15'),
(1135, NULL, '7891150031593', 179, 7, 'Encantame', 'Unidad', 'x90gr', NULL, 1, '0.000', '2.000', '15.00', '1', '2016-03-15'),
(1136, NULL, '7891038352109', 179, 7, 'Delicadeza Floral', 'Unidad', 'x90gr', NULL, 1, '0.000', '2.000', '15.00', '1', '2016-03-15'),
(1137, NULL, '2050000549083', 180, 7, 'Clasico', 'Unidad', 'x90gr', NULL, 1, '0.000', '1.500', '15.00', '1', '2016-03-15'),
(1138, NULL, '7501001281663', 180, 7, 'Romantic', 'Unidad', 'x90gr', NULL, 1, '0.000', '1.500', '15.00', '1', '2016-03-15'),
(1139, NULL, '7702031902997', 6, 7, 'Avena', 'Unidad', 'x75gr', NULL, 1, '0.000', '2.500', '15.00', '1', '2016-03-15'),
(1140, NULL, '7702031959571', 6, 7, 'Hora de Jugar', 'Unidad', 'x75gr', NULL, 1, '0.000', '2.500', '15.00', '1', '2016-03-15'),
(1141, NULL, '7702031997849', 6, 7, 'Avena y Aciete de almendras', 'Unidad', 'x75gr', NULL, 1, '0.000', '2.500', '15.00', '1', '2016-03-15'),
(1142, NULL, '7702031902607', 6, 7, 'Para antes de dormir', 'Unidad', 'x75gr', NULL, 1, '0.000', '2.500', '15.00', '1', '2016-03-15'),
(1143, NULL, '7702031902959', 6, 7, 'Piel delicada', 'Unidad', 'x75gr', NULL, 1, '0.000', '2.500', '15.00', '1', '2016-03-15'),
(1144, NULL, '7753282407359', 54, 56, 'Miel de abeja', 'Unidad', 'x90gr', NULL, 1, '0.000', '2.000', '15.00', '1', '2016-03-15'),
(1145, NULL, '7702031900917', 6, 7, 'Formula original', 'Unidad', 'x125gr', NULL, 1, '0.000', '3.500', '15.00', '1', '2016-03-15'),
(1146, NULL, '7702031874195', 6, 7, 'Crema de Vainilla y Macadamia', 'Unidad', 'x125gr', NULL, 1, '0.000', '3.500', '15.00', '1', '2016-03-15'),
(1147, NULL, '7702031874188', 6, 7, 'Te de Manzanilla y semillas', 'Unidad', 'x125gr', NULL, 1, '0.000', '3.500', '15.00', '1', '2016-03-15'),
(1148, NULL, '7702010410314', 181, 7, 'Sensacion Humectante', 'Unidad', 'x75gr', NULL, 1, '0.000', '1.500', '15.00', '1', '2016-03-15');
INSERT INTO `producto` (`id_producto`, `codigo_producto`, `codigo_barra`, `id_marca`, `id_tipo_producto`, `descripcion`, `presentacion`, `contenido`, `unidad_medida`, `fraccion`, `ult_precio_compra`, `ult_precio_venta`, `utilidad`, `estado`, `ult_modificacion`) VALUES
(1149, NULL, '7702010410321', 181, 7, 'Exfoliacion Diaria', 'Unidad', 'x75gr', NULL, 1, '0.000', '1.500', '15.00', '1', '2016-03-15'),
(1150, NULL, '7702010420337', 36, 7, 'Avena', 'Unidad', 'x110gr', NULL, 1, '0.000', '3.000', '15.00', '1', '2016-03-15'),
(1151, NULL, '7702010420276', 36, 7, 'Herbal', 'Unidad', 'x130gr', NULL, 1, '0.000', '3.000', '15.00', '1', '2016-03-15'),
(1152, NULL, '7702010420788', 36, 7, 'Men Sport', 'Unidad', 'x130gr', NULL, 1, '0.000', '3.000', '15.00', '1', '2016-03-15'),
(1153, NULL, '7702010420269', 36, 7, 'Fresh', 'Unidad', 'x130gr', NULL, 1, '2.490', '3.000', '20.48', '1', '2016-03-15'),
(1154, NULL, '7702010420467', 36, 7, 'Limpieza Profunda', 'Unidad', 'x130gr', NULL, 1, '2.490', '3.000', '20.48', '1', '2016-03-15'),
(1155, NULL, '7702538249038', 182, 7, 'Humectante con algas', 'Unidad', 'x100gr', NULL, 1, '0.000', '2.000', '15.00', '1', '2016-03-15'),
(1156, NULL, '7702538249021', 182, 7, 'Nutritivo con leche y miel', 'Unidad', 'x100gr', NULL, 1, '0.000', '2.000', '15.00', '1', '2016-03-15'),
(1157, NULL, '7702538249007', 182, 7, 'Proteccion Forte', 'Unidad', 'x100gr', NULL, 1, '0.000', '2.000', '15.00', '1', '2016-03-15'),
(1158, NULL, '7501035912410', 36, 7, 'Fresh', 'Unidad', 'x75gr', NULL, 1, '0.000', '2.000', '15.00', '1', '2016-03-15'),
(1159, NULL, '7752999002321', 60, 52, 'Neutralizante Cremoso', 'Unidad', 'x500ml', NULL, 1, '0.000', '15.000', '15.00', '1', '2016-03-15'),
(1160, NULL, '', 58, 3, 'Seduttore', 'Unidad', 'x100ml', NULL, 1, '0.000', '80.000', '15.00', '1', '2016-03-15'),
(1161, NULL, '', 56, 3, 'Strong Musk', 'Unidad', 'x60ml', NULL, 1, '0.000', '50.000', '15.00', '1', '2016-03-16'),
(1162, NULL, '31199', 66, 3, 'Giordani', 'Unidad', 'x75ml', NULL, 1, '0.000', '57.000', '15.00', '1', '2016-03-15'),
(1163, NULL, '7753572000932', 124, 2, 'Germen de Trigo Cabello Rizado', 'Unidad', 'x200ml', NULL, 1, '0.000', '12.000', '15.00', '1', '2016-03-15'),
(1164, NULL, '7753572000987', 124, 20, 'Germen de Trigo', 'Unidad', 'x200ml', NULL, 1, '0.000', '12.000', '15.00', '1', '2016-03-15'),
(1165, NULL, '19639', 66, 3, 'Flamboyant', 'Unidad', 'x75ml', NULL, 1, '0.000', '55.000', '15.00', '1', '2016-03-15'),
(1166, NULL, '7753572000956', 124, 2, 'Manzanilla Cabello Rizado', 'Unidad', 'x200ml', NULL, 1, '0.000', '12.000', '15.00', '1', '2016-03-15'),
(1167, NULL, '7702027484803', 18, 89, 'Diarios desod ', 'Unidad', 'x5und', NULL, 1, '0.000', '1.000', '15.00', '1', '2016-03-15'),
(1168, NULL, '30540', 66, 3, 'Ascendant Aqua', 'Unidad', 'x75ml', NULL, 1, '0.000', '55.000', '15.00', '1', '2016-03-15'),
(1169, NULL, '', 57, 3, 'Advance', 'Unidad', 'x75ml', NULL, 1, '0.000', '0.000', '15.00', '1', '2016-03-15'),
(1170, NULL, '', 56, 3, 'Fogos', 'Unidad', 'x75ml', NULL, 1, '0.000', '40.000', '15.00', '1', '2016-03-15'),
(1171, NULL, '', 56, 3, 'Intrepid', 'Unidad', 'x100ml', NULL, 1, '0.000', '60.000', '15.00', '1', '2016-03-16'),
(1172, NULL, '', 57, 3, 'Ure nite', 'Unidad', 'x100ml', NULL, 1, '0.000', '0.000', '15.00', '1', '2016-03-15'),
(1173, NULL, '', 58, 3, 'Extreme Intense', 'Unidad', 'x100ml', NULL, 1, '0.000', '80.000', '15.00', '1', '2016-03-15'),
(1174, NULL, '', 56, 3, 'Victorius', 'Unidad', 'x75ml', NULL, 1, '0.000', '37.000', '15.00', '1', '2016-03-15'),
(1175, NULL, '0004002', 55, 3, 'Adrenaline for men', 'Unidad', 'x75ml', NULL, 1, '0.000', '75.000', '15.00', '1', '2016-03-15'),
(1176, NULL, '', 56, 3, 'Max', 'Unidad', 'x100ml', NULL, 1, '0.000', '40.000', '15.00', '1', '2016-03-15'),
(1177, NULL, '', 58, 3, 'Dantan', 'Unidad', 'x100ml', NULL, 1, '0.000', '80.000', '15.00', '1', '2016-03-15'),
(1178, NULL, '', 57, 3, 'Nitro', 'Unidad', 'x100ml', NULL, 1, '0.000', '50.000', '15.00', '1', '2016-03-16'),
(1179, NULL, '7501001169107', 7, 20, 'Rizos Definidos', 'Unidad', 'x200ml', NULL, 1, '0.000', '11.500', '15.00', '1', '2016-03-15'),
(1180, NULL, '7501001165314', 7, 2, 'Liso y Sedoso', 'Unidad', 'x400ml', NULL, 1, '0.000', '16.500', '15.00', '1', '2016-03-15'),
(1181, NULL, '7506195126325', 7, 2, 'Fusion Natraleza', 'Unidad', 'x400ml', NULL, 1, '0.000', '16.500', '15.00', '1', '2016-03-15'),
(1182, NULL, '', 56, 3, 'Eros for men', 'Unidad', 'x100ml', NULL, 1, '0.000', '65.000', '15.00', '1', '2016-03-15'),
(1183, NULL, '0004642', 55, 3, 'Xool 2.0 hombre', 'Unidad', '', NULL, 1, '0.000', '50.000', '15.00', '1', '2016-03-15'),
(1184, NULL, '7804902042136', 183, 60, ' Premium Collect Cartera + Colonia', 'Estuche', 'x50ml', NULL, 1, '0.000', '0.000', '15.00', '1', '2016-03-15'),
(1185, NULL, '', 58, 3, 'Courant', 'Unidad', 'x100ml', NULL, 1, '0.000', '80.000', '15.00', '1', '2016-03-15'),
(1186, NULL, '', 58, 3, 'Bleu intense', 'Unidad', 'x100ml', NULL, 1, '0.000', '80.000', '15.00', '1', '2016-03-15'),
(1187, NULL, '', 56, 3, 'Bravio Christian Meier', 'Unidad', 'x100ml', NULL, 1, '0.000', '75.000', '15.00', '1', '2016-03-15'),
(1188, NULL, '', 58, 3, 'Devos Magnetic', 'Unidad', 'x100ml', NULL, 1, '0.000', '80.000', '15.00', '1', '2016-03-15'),
(1189, NULL, '7750465004626', 65, 56, 'Natural', 'Unidad', 'x90gr', NULL, 1, '1.350', '2.000', '48.15', '1', '2016-03-15'),
(1190, NULL, '7750465004664', 65, 56, 'Bacterin', 'Unidad', 'x90gr', NULL, 1, '0.000', '2.000', '15.00', '1', '2016-03-15'),
(1191, NULL, '7750465005012', 65, 56, 'Ruda', 'Unidad', 'x90gr', NULL, 1, '1.350', '2.000', '48.15', '1', '2016-03-15'),
(1192, NULL, '7750465004640', 65, 56, 'Baby', 'Unidad', 'x90gr', NULL, 1, '1.350', '2.000', '48.15', '1', '2016-03-15'),
(1193, NULL, '7751257016896', 93, 81, 'Con aloe', 'Paquete', 'x100und', NULL, 1, '5.900', '7.000', '18.64', '1', '2016-03-15'),
(1194, NULL, '7750465004671', 65, 56, 'Aloe Vera', 'Unidad', 'x90gr', NULL, 1, '1.350', '2.000', '48.15', '1', '2016-03-15'),
(1195, NULL, '7750465004688', 65, 56, 'Rosa Mosqueta', 'Unidad', 'x90gr', NULL, 1, '1.350', '2.000', '48.15', '1', '2016-03-15'),
(1196, NULL, '7750465004657', 65, 56, 'Miel de abeja', 'Unidad', 'x90gr', NULL, 1, '1.350', '2.000', '48.15', '1', '2016-03-15'),
(1197, NULL, '7702035432117', 75, 38, 'Cool mint', 'Unidad', 'x180ml', NULL, 1, '8.100', '9.310', '14.94', '1', '2016-03-15'),
(1198, NULL, '7891010974336', 75, 38, 'Zero menta', 'Unidad', 'x500ml', NULL, 1, '16.600', '19.090', '15.00', '1', '2016-03-15'),
(1199, NULL, '7702031618737', 75, 38, 'Whitening extreme', 'Unidad', 'x236ml', NULL, 1, '12.400', '14.260', '15.00', '1', '2016-03-15'),
(1200, NULL, '7891010030889', 6, 2, 'Manzanilla', 'Unidad', 'x200ml', NULL, 1, '11.900', '14.000', '17.65', '1', '2016-03-15'),
(1201, NULL, '7750021007566', 6, 103, 'Manzanillax750ml+talcx100gr', 'Pack', '', NULL, 1, '25.200', '28.980', '15.00', '1', '2016-03-15'),
(1202, NULL, '7702031604143', 6, 129, 'Gotas de brillo', 'Unidad', 'x200ml', NULL, 1, '12.100', '14.000', '15.70', '1', '2016-03-15'),
(1203, NULL, '7702031998174', 6, 129, 'Fragancia Prolongada', 'Unidad', 'x200ml', NULL, 1, '11.850', '13.630', '15.02', '1', '2016-03-15'),
(1204, NULL, '7702031604099', 6, 2, 'Gotas de brillo', 'Unidad', 'x750ml', NULL, 1, '25.100', '29.000', '15.54', '1', '2016-03-15'),
(1205, NULL, '7750021004206', 175, 7, 'Extrasuave', 'Unidad', 'x125gr', NULL, 1, '2.750', '3.160', '14.91', '1', '2016-03-15'),
(1206, NULL, '7702010120015', 35, 12, 'Super blanco', 'Unidad', 'x22ml', NULL, 1, '1.210', '1.500', '23.97', '1', '2016-03-15'),
(1207, NULL, '7702031800828', 114, 89, 'Especial ultradelgada', 'Paquete', 'x12und', NULL, 1, '3.420', '4.000', '16.96', '1', '2016-03-15'),
(1208, NULL, '7702031800675', 114, 89, 'Especial Adapt', 'Paquete', 'x12und', NULL, 1, '2.820', '3.500', '24.11', '1', '2016-03-16'),
(1209, NULL, '7702031800682', 114, 89, 'Especial con Alas/ Normal', 'Paquete', 'x12und', NULL, 1, '2.975', '3.500', '17.65', '1', '2016-03-16'),
(1210, NULL, '7702035431271', 75, 38, 'Freshburst', 'Unidad', 'x180ml', NULL, 1, '7.300', '8.500', '16.44', '1', '2016-03-15'),
(1211, NULL, '7702354934507', 61, 2, 'Sabila nutricion y brillo', 'Unidad', 'x90ml', NULL, 1, '1.950', '2.500', '28.21', '1', '2016-03-15'),
(1212, NULL, '7702354934545', 61, 2, 'Sabila y Miel', 'Unidad', 'x530ml', NULL, 1, '10.700', '13.000', '21.50', '1', '2016-03-15'),
(1213, NULL, '7702354937089', 61, 20, 'Palta Y sabila', 'Unidad', 'x530ml', NULL, 1, '10.700', '13.000', '21.50', '1', '2016-03-15'),
(1214, NULL, '7891528039046', 35, 12, 'Herbal Original', 'Unidad', 'x90gr', NULL, 1, '1.375', '2.000', '45.45', '1', '2016-03-15'),
(1215, NULL, '7899026487031', 71, 2, 'Elvive kera liso', 'Unidad', 'x400ml', NULL, 1, '0.000', '16.000', '15.00', '1', '2016-03-15'),
(1216, NULL, '', 184, 62, 'Flexciream coco con kerati', 'Unidad', 'x110gr', NULL, 1, '0.000', '3.500', '15.00', '1', '2016-03-16'),
(1217, NULL, '7909189001194', 59, 52, 'Advance Tech nutricion comp', 'Unidad', 'x30ml', NULL, 1, '0.000', '20.000', '15.00', '1', '2016-03-16'),
(1218, NULL, '7751257016797', 23, 81, 'Pote + 60 toallas gratis', 'Pack', 'x350 toall', NULL, 1, '18.100', '20.800', '14.92', '1', '2016-03-16'),
(1219, NULL, '7751257016797', 23, 81, 'Pote + 60 toallas gratis', 'Pack', 'x350 toall', NULL, 1, '18.100', '20.800', '14.92', '1', '2016-03-16'),
(1220, NULL, '7891010960315', 75, 38, 'Whitening Blanquea y Fortalece', 'Frasco', 'x236ml', NULL, 1, '11.200', '13.000', '16.07', '1', '2016-03-19'),
(1221, NULL, '7702354937072', 61, 2, 'Palta Y sabila', 'Frasco', 'x530ml', NULL, 1, '11.240', '13.000', '15.66', '1', '2016-03-21'),
(1222, NULL, '7506339346008', 5, 2, 'Alivio Instantaneo', 'Sachet', 'x18ml', NULL, 12, '10.050', '11.600', '15.42', '1', '2016-03-21'),
(1223, NULL, '7501065922243', 5, 2, 'Suave y Manejable', 'Sachet', 'x18ml', NULL, 12, '10.050', '11.600', '15.42', '1', '2016-03-21'),
(1224, NULL, '7501007492568', 5, 2, 'Limpieza Renovadora', 'Sachet', 'x18ml', NULL, 12, '10.050', '11.600', '15.42', '1', '2016-03-21'),
(1225, NULL, '7506195122112', 21, 26, 'Juegos y Sueños XG Tripacks', 'Paquete', 'x8 Tripack', NULL, 8, '22.340', '25.800', '15.49', '1', '2016-03-21'),
(1226, NULL, '7506195122099', 21, 26, 'Juegos y Sueños x 12 Tripacks', 'Paquete', 'x36 unid', NULL, 12, '27.240', '31.500', '15.64', '1', '2016-03-22'),
(1227, NULL, '650240004216', 16, 81, '', 'Paquete', 'x25und', NULL, 1, '15.220', '15.370', '15.00', '1', '2016-05-28'),
(1228, NULL, '650240004223', 16, 81, '', 'Paquete', 'x10und', NULL, 1, '7.050', '8.110', '15.00', '1', '2016-05-28'),
(1229, NULL, '650240004223', 16, 81, '', 'Paquete', 'x10und', NULL, 1, '7.050', '8.110', '15.00', '1', '2016-05-28'),
(1230, NULL, '7800004000326', 186, 38, 'Menta Fresca', 'Frasco', 'x250ml', NULL, 1, '5.170', '6.000', '16.05', '1', '2016-03-28'),
(1231, NULL, '7501086453030', 15, 38, 'Hierbabuena Sin Alcohol ', 'Frasco', 'x500ml', NULL, 1, '9.260', '11.000', '18.79', '1', '2016-03-28'),
(1232, NULL, '7896009419195', 187, 12, 'Blanqueador ', 'Caja', 'x50gr', NULL, 1, '8.560', '9.900', '15.65', '1', '2016-03-31'),
(1233, NULL, '7702018023813', 8, 29, 'Endurance', 'Frasco', 'x50g', NULL, 1, '7.220', '8.300', '15.00', '1', '2016-03-31'),
(1234, NULL, '7891010038908', 188, 14, 'Reach Menta', 'Paquete', '', NULL, 1, '7.680', '8.900', '15.89', '1', '2016-03-31'),
(1235, NULL, '7891010038892', 188, 14, 'Reach Expansion Plus', 'Pack', '', NULL, 1, '7.680', '8.900', '15.89', '1', '2016-03-31'),
(1236, NULL, '7891010884598', 188, 14, 'Reach Cuidado Total', 'Pack', '', NULL, 1, '7.680', '8.900', '15.89', '1', '2016-03-31'),
(1237, NULL, '7891010884598', 188, 14, 'Reach Cuidado Total', 'Pack', '', NULL, 1, '7.680', '8.900', '15.89', '1', '2016-03-31'),
(1238, NULL, '7891010884598', 188, 14, 'Reach Cuidado Total', 'Pack', '', NULL, 1, '7.680', '8.900', '15.89', '1', '2016-03-31'),
(1239, NULL, '7891010793289', 188, 14, 'Reach Whitening', 'Pack', '', NULL, 1, '7.680', '8.900', '15.89', '1', '2016-03-31'),
(1240, NULL, '7506195137093', 15, 14, 'pro salud', 'Unidad', '', NULL, 1, '6.340', '7.300', '15.14', '1', '2016-03-31'),
(1241, NULL, '7751257018739', 23, 15, 'Pro flo x 2und', 'Pack', 'x2', NULL, 1, '14.000', '16.000', '14.29', '1', '2016-03-31'),
(1242, NULL, '7752902002578', 39, 39, '3 en 1 Piel Sensible', 'Caja', 'x150ml', NULL, 1, '18.340', '21.100', '15.05', '1', '2016-04-05'),
(1243, NULL, '7752902002585', 39, 33, '3 en 1 facial', 'Caja', 'x90ml', NULL, 1, '10.985', '12.700', '15.61', '1', '2016-04-05'),
(1244, NULL, '7752902455183', 189, 8, 'Repelente crema', 'Frasco', 'x120ml', NULL, 1, '9.980', '11.500', '15.23', '1', '2016-04-05'),
(1245, NULL, '7752902001694', 189, 75, 'Repelente Spray', 'Frasco', 'x120ml', NULL, 1, '9.980', '11.500', '15.23', '1', '2016-04-05'),
(1246, NULL, '7752902296342', 190, 40, '', 'Caja', 'x250ml', NULL, 1, '8.630', '10.000', '15.87', '1', '2016-04-05'),
(1247, NULL, '7752902000796', 42, 3, 'Herbal', 'Frasco', 'x1000ml', NULL, 1, '18.500', '21.500', '16.22', '1', '2016-04-05'),
(1248, NULL, '7752902000772', 42, 3, 'Citrica', 'Frasco', 'x500ml', NULL, 1, '12.892', '14.900', '15.58', '1', '2016-04-05'),
(1249, NULL, '7752902000802', 42, 3, 'Herbal', 'Frasco', 'x500ml', NULL, 1, '12.893', '14.900', '15.57', '1', '2016-04-05'),
(1250, NULL, '', 65, 3, '', 'Frasco', 'x245ml', NULL, 1, '13.340', '15.500', '16.19', '1', '2016-04-05'),
(1251, NULL, '7752902003551', 65, 4, '', 'Pote', 'x140gr', NULL, 1, '7.623', '8.900', '16.75', '1', '2016-04-05'),
(1252, NULL, '7509546061085', 37, 5, 'Xtreme Tech', 'Frasco', 'x60g', NULL, 1, '5.200', '6.000', '15.38', '1', '2016-04-05'),
(1253, NULL, '7751219468831', 2, 4, '', 'Frasco', 'x120g', NULL, 1, '6.563', '7.600', '15.80', '1', '2016-04-05'),
(1254, NULL, '7751219468831', 2, 4, '', 'Frasco', 'x120g', NULL, 1, '6.563', '7.600', '15.80', '1', '2016-04-05'),
(1255, NULL, '4005808806423', 4, 7, 'Avena ', 'Unidad', 'x90gr', NULL, 1, '1.390', '1.900', '36.69', '1', '2016-04-05'),
(1256, NULL, '4005808806423', 4, 7, 'Avena ', 'Unidad', 'x90gr', NULL, 1, '1.390', '1.900', '36.69', '1', '2016-04-05'),
(1257, NULL, '3607345852676', 34, 5, 'Extreme Power', 'Frasco', 'x150ml', NULL, 1, '10.415', '12.000', '15.22', '1', '2016-04-05'),
(1258, NULL, '7509546045085', 10, 37, 'Cep 360 + CD Total 12', 'Pack', '', NULL, 1, '0.000', '12.000', '15.00', '1', '2016-04-05'),
(1259, NULL, '7702031571261', 6, 81, 'Sin alcohol ', 'Pack', 'x140 und', NULL, 1, '13.720', '15.900', '15.89', '1', '2016-04-06'),
(1260, NULL, '7759307001878', 106, 3, 'Sin alcohol ', 'Frasco', 'x60ml', NULL, 1, '7.510', '8.700', '15.85', '1', '2016-04-06'),
(1261, NULL, '7759307001885', 106, 3, 'Sin alcohol ', 'Frasco', 'x100ml', NULL, 1, '11.240', '13.000', '15.66', '1', '2016-04-06'),
(1262, NULL, '4005808352630', 4, 107, 'Hidratacion Express piel N/S', 'Frasco', 'x250ml', NULL, 1, '12.100', '13.910', '15.00', '1', '2016-04-09'),
(1263, NULL, '4005808315093', 4, 107, 'Milk Nutritiva piel E/S', 'Frasco', 'x250ml', NULL, 1, '12.100', '13.910', '15.00', '1', '2016-04-09'),
(1264, NULL, '7751319000047', 191, 152, 'Cabestrillo Ortopedico Acolchado L', 'Caja', '', NULL, 1, '21.000', '24.570', '17.00', '1', '2016-04-20'),
(1265, NULL, '7751319000757', 191, 152, 'Cabestrillo Ortopedico Acolchado XL', 'Caja', '', NULL, 1, '21.000', '24.570', '17.00', '1', '2016-04-20'),
(1266, NULL, '7751319000054', 191, 152, '', 'Caja', '', NULL, 1, '21.000', '24.570', '17.00', '1', '2016-04-20'),
(1267, NULL, '7751319000603', 191, 152, 'faja laboral talla L', 'Caja', '', NULL, 1, '33.650', '38.700', '15.00', '1', '2016-04-20'),
(1268, NULL, '7751319000597', 191, 152, 'faja laboral talla M', 'Caja', '', NULL, 1, '33.650', '38.700', '15.00', '1', '2016-04-20'),
(1269, NULL, '7751319000894', 191, 152, 'faja post operatoria talla S', 'Caja', '', NULL, 1, '43.240', '49.730', '15.00', '1', '2016-04-20'),
(1270, NULL, '7751319000900', 191, 152, 'faja post operatoria talla M', 'Caja', '', NULL, 1, '43.240', '49.730', '15.00', '1', '2016-04-20'),
(1271, NULL, '7751319000924', 191, 152, 'faja post operatoria talla XL', 'Caja', '', NULL, 1, '43.240', '49.730', '15.00', '1', '2016-04-20'),
(1272, NULL, '7751319000337', 191, 152, 'rodillera airprene talla L', 'Caja', '', NULL, 1, '19.220', '22.100', '15.00', '1', '2016-04-20'),
(1273, NULL, '7751319000825', 191, 152, 'muslera airprene talla L', 'Caja', '', NULL, 1, '19.220', '22.100', '15.00', '1', '2016-04-20'),
(1274, NULL, '7751319000818', 191, 152, 'muslera airprene talla M', 'Caja', '', NULL, 1, '19.220', '22.100', '15.00', '1', '2016-04-20'),
(1275, NULL, '7751319000801', 191, 152, 'muslera airprene talla S', 'Caja', '', NULL, 1, '19.220', '22.100', '15.00', '1', '2016-04-20'),
(1276, NULL, '7751319000368', 191, 152, 'tobillera airprene talla L', 'Caja', '', NULL, 1, '18.350', '21.100', '15.00', '1', '2016-04-20'),
(1277, NULL, '7751319000351', 191, 152, 'tobillera airprene talla M', 'Caja', '', NULL, 1, '18.350', '21.100', '15.00', '1', '2016-04-20'),
(1278, NULL, '048526004553', 157, 152, 'mordedor 3 llaves refrigerante', 'Unidad', '', NULL, 1, '20.090', '23.100', '14.98', '1', '2016-04-20'),
(1279, NULL, '2000406511702', 157, 152, 'Ñuby cepillo b/t limpia facil', 'Unidad', '', NULL, 1, '16.960', '19.500', '15.00', '1', '2016-04-20'),
(1280, NULL, '048526985678', 157, 152, 'Ñuby chupon mariposa', 'Unidad', '', NULL, 1, '9.670', '11.120', '15.00', '1', '2016-04-20'),
(1281, NULL, '048526983308', 157, 152, 'Ñuby chupon orthodontic', 'Unidad', '', NULL, 1, '9.200', '10.580', '15.00', '1', '2016-04-20'),
(1282, NULL, '048526012954', 157, 152, 'Ñuby vaso amtiderrames 600ml', 'Unidad', '', NULL, 1, '19.730', '22.690', '15.00', '1', '2016-04-20'),
(1283, NULL, '048526410057', 157, 152, 'Ñuby biberon fantasia princes', 'Unidad', '', NULL, 1, '11.070', '12.730', '15.00', '1', '2016-04-20'),
(1284, NULL, '048526417551', 157, 152, 'Ñuby biberon fantasia super kids', 'Unidad', '', NULL, 1, '11.070', '12.730', '15.00', '1', '2016-04-20'),
(1285, NULL, '048526012091', 157, 152, 'Ñuby botella deportiva 14 oz', 'Unidad', '', NULL, 1, '16.620', '19.110', '14.98', '1', '2016-04-20'),
(1286, NULL, '7702234734029', 49, 152, 'premier rubor compacto rose', 'Unidad', '', NULL, 1, '10.800', '12.420', '15.00', '1', '2016-04-20'),
(1287, NULL, '7702234734098', 49, 152, 'premier rubor compacto armony', 'Unidad', '', NULL, 1, '10.800', '12.420', '15.00', '1', '2016-04-20'),
(1288, NULL, '7702234734043', 49, 152, 'premier rubor compacto malva', 'Unidad', '', NULL, 1, '10.800', '12.420', '15.00', '1', '2016-04-20'),
(1289, NULL, '7702234734135', 49, 152, 'premier rubor compacto pink cheeks', 'Unidad', '', NULL, 1, '0.000', '0.000', '15.00', '1', '2016-04-20'),
(1290, NULL, '7702234734074', 49, 152, 'premier rubor compacto terra', 'Unidad', '', NULL, 1, '10.800', '12.420', '15.00', '1', '2016-04-20'),
(1291, NULL, '7702234734111', 49, 152, 'premier rubor compacto bronzing', 'Unidad', '', NULL, 1, '10.800', '12.420', '15.00', '1', '2016-04-20'),
(1292, NULL, '7702234734012', 49, 152, 'premier rubor compacto tostado', 'Unidad', '', NULL, 1, '10.800', '12.420', '15.00', '1', '2016-04-20'),
(1293, NULL, '037836092473', 50, 3, 'body splash  flor de azhar', 'Frasco', '240ml', NULL, 1, '19.150', '22.020', '15.00', '1', '2016-05-24'),
(1294, NULL, '037836092800', 50, 3, 'body splash plum blossom', 'Frasco', '240ml', NULL, 1, '18.390', '21.150', '15.00', '1', '2016-05-24'),
(1295, NULL, '7751658019779', 127, 110, 'Colonia Sport 100ml+Locion Sp 100ml', 'Estuche', '100ml', NULL, 1, '51.500', '59.220', '15.00', '1', '2016-05-25'),
(1296, NULL, '7757266004619', 130, 110, 'Colonia 30ml+Locion 30ml', 'Estuche', '30ml', NULL, 1, '21.700', '24.950', '15.00', '1', '2016-05-25'),
(1297, NULL, '7751658020409', 127, 110, 'Colonia 50ml+Locion 50ml ', 'Estuche', '50ml', NULL, 1, '35.570', '40.910', '15.00', '1', '2016-05-25'),
(1298, NULL, '7751658020416', 127, 110, 'Colonia 100ml+Locion 100ml', 'Estuche', '', NULL, 1, '51.500', '59.220', '15.00', '1', '2016-05-25'),
(1299, NULL, '7751658020430', 127, 110, 'Colonia 200ml+Locion 200ml', 'Estuche', '', NULL, 1, '71.300', '81.990', '15.00', '1', '2016-05-25'),
(1300, NULL, '8411061833391', 128, 110, 'Colon spray 100ml+After shave Balm ', 'Estuche', '', NULL, 1, '78.470', '90.240', '15.00', '1', '2016-05-25'),
(1301, NULL, '8411061834909', 128, 108, 'Colonia 50ml+Desod. Spray 150ml', 'Estuche', '', NULL, 1, '62.630', '72.020', '15.00', '1', '2016-05-25'),
(1302, NULL, '8411061807781', 128, 111, 'Colonia 50ml+After Shave Balm 100ml', 'Estuche', '', NULL, 1, '62.650', '72.050', '15.00', '1', '2016-05-25'),
(1303, NULL, '7751658019410', 34, 108, 'Colonia 50ml+Deo Body Spray 150ml', 'Estuche', '', NULL, 1, '43.590', '50.130', '15.00', '1', '2016-05-25'),
(1304, NULL, '3412244310024', 34, 3, 'Colonia spray 50ml', 'Unidad', '', NULL, 1, '41.700', '47.950', '15.00', '1', '2016-05-26'),
(1305, NULL, '7702234738010', 192, 153, 'Base de Maquillaje 35g', 'Unidad', '', NULL, 1, '12.910', '14.850', '15.00', '1', '2016-05-26'),
(1306, NULL, '7702234738058', 192, 153, 'Base de Maquillaje Palo rosa 35g', 'Unidad', '', NULL, 1, '12.910', '14.850', '15.00', '1', '2016-05-26'),
(1307, NULL, '7702234738065', 192, 153, 'Base de Maquillaje Tropical Sun 35g', 'Unidad', '', NULL, 1, '12.910', '14.850', '15.00', '1', '2016-05-26'),
(1308, NULL, '7702234738027', 192, 153, 'Base de Maquillaje Mediano 35g', 'Unidad', '', NULL, 1, '12.910', '14.850', '15.00', '1', '2016-05-26'),
(1309, NULL, '7702234738041', 192, 153, 'Base de Maquillaje Arena 35g', 'Unidad', '', NULL, 1, '12.910', '14.850', '15.00', '1', '2016-05-26'),
(1310, NULL, '7702234739079', 192, 154, 'Polvo Compacto Palo de Rosa 14g', 'Unidad', '', NULL, 1, '12.130', '13.950', '15.00', '1', '2016-05-26'),
(1311, NULL, '7702234739017', 192, 154, 'Polvo Compacto Natural 14g', 'Unidad', '', NULL, 1, '12.200', '14.030', '15.00', '1', '2016-05-26'),
(1312, NULL, '7702234739086', 192, 154, 'Polvo Compacto Piel 14g', 'Unidad', '', NULL, 1, '12.130', '13.950', '15.00', '1', '2016-05-26'),
(1313, NULL, '7702234739024', 192, 154, 'Polvo Compacto Mediano 14g', 'Unidad', '', NULL, 1, '12.130', '13.950', '15.00', '1', '2016-05-26'),
(1314, NULL, '4005808041817', 4, 107, 'CC Hidratacion Express piel N/S', 'Unidad', '', NULL, 1, '7.270', '8.360', '15.00', '1', '2016-05-26'),
(1315, NULL, '4005808341757', 4, 107, 'CC Soft Milk piel seca', 'Unidad', '', NULL, 1, '7.270', '8.360', '15.00', '1', '2016-05-26'),
(1316, NULL, '4005808183043', 4, 36, 'Loc/Tonico Facial Matizante', 'Unidad', '', NULL, 1, '18.570', '21.360', '15.00', '1', '2016-05-26'),
(1317, NULL, '4005900143952', 4, 107, 'CC Piernas relajadas anticelulitis ', 'Unidad', '400ml', NULL, 1, '18.950', '21.790', '15.00', '1', '2016-05-26'),
(1318, NULL, '4005900143945', 4, 107, 'CC Piernas relajadas Modeladora', 'Unidad', '400ml', NULL, 1, '18.950', '21.790', '15.00', '1', '2016-05-26'),
(1319, NULL, '4005808315680', 4, 107, 'CC Milk Nutritiva piel extra seca', 'Unidad', '125ml', NULL, 1, '7.280', '8.370', '15.00', '1', '2016-05-26'),
(1320, NULL, '7501057504358', 17, 3, 'Agua de Colonia 500ml', 'Unidad', '500ml', NULL, 1, '21.400', '24.610', '15.00', '1', '2016-05-26'),
(1321, NULL, '7509546007083', 10, 12, 'Total 12 Clean mint', 'Tubo', 'x50ml', NULL, 1, '4.036', '4.700', '16.45', '1', '2016-05-28'),
(1322, NULL, '7509546028026', 10, 12, 'Total 12 Professional Clean', 'Tubo', 'x125ml', NULL, 1, '13.313', '15.300', '14.93', '1', '2016-05-28'),
(1323, NULL, '7861078301931', 150, 89, 'Postparto', 'Paquete', 'x10', NULL, 1, '2.740', '3.500', '27.74', '1', '2016-05-28'),
(1324, NULL, '650240003196', 193, 8, 'Cicatricure crema 60g', 'Tubo', '60g', NULL, 1, '59.410', '68.320', '15.00', '1', '2016-05-28'),
(1325, NULL, '7702027444647', 18, 89, 'Nosotras Diarios Multiestilo x 60', 'Caja', '', NULL, 1, '7.220', '8.300', '15.00', '1', '2016-05-28'),
(1326, NULL, '7702027444654', 18, 89, 'Nosotras Diarios Multiestilo x 150', 'Caja', '', NULL, 1, '15.200', '17.480', '15.00', '1', '2016-05-28'),
(1327, NULL, '7702027041648', 18, 89, 'Ultrainvisible rapigel x 10', 'Caja', '', NULL, 1, '5.280', '6.070', '15.00', '1', '2016-05-28'),
(1328, NULL, '7702027040474', 18, 87, 'Plus Rapisec x 10', 'Unidad', '', NULL, 1, '3.480', '4.000', '15.00', '1', '2016-05-28'),
(1329, NULL, '7702027494499', 18, 89, 'Natural Alas Tela Gel x 10', 'Unidad', '', NULL, 1, '3.010', '3.460', '15.00', '1', '2016-05-28'),
(1330, NULL, '7702027440946', 18, 89, '', 'Unidad', '', NULL, 1, '7.390', '8.500', '15.00', '1', '2016-05-28'),
(1331, NULL, '7702027472459', 30, 26, 'Basic Medium x 20', 'Unidad', 'x 20', NULL, 1, '28.800', '33.120', '15.00', '1', '2016-05-28'),
(1332, NULL, '7702027472428', 30, 26, 'Basic Medium', 'Unidad', 'x 1', NULL, 1, '1.940', '2.230', '15.00', '1', '2016-05-28'),
(1333, NULL, '7702027479755', 30, 26, 'Basic Large', 'Unidad', 'x 1', NULL, 1, '2.190', '2.520', '15.00', '1', '2016-05-28'),
(1334, NULL, '650240009532', 16, 80, 'Bronce Mate', 'Unidad', 'x10', NULL, 1, '26.270', '30.210', '15.00', '1', '2016-05-28'),
(1335, NULL, '650240004643', 16, 7, 'Exfoliante ', 'Unidad', 'x100g', NULL, 1, '7.560', '8.690', '15.00', '1', '2016-05-28'),
(1336, NULL, '650240004292', 16, 7, 'Formula Forte', 'Unidad', 'x 100g', NULL, 1, '7.560', '8.690', '15.00', '1', '2016-05-28'),
(1337, NULL, '650240009563', 16, 7, 'Neutro', 'Unidad', 'x 100g', NULL, 1, '7.560', '8.690', '15.00', '1', '2016-05-28'),
(1338, NULL, '650240004001', 16, 35, 'Spot', 'Tubo', 'x 28g', NULL, 1, '17.750', '20.410', '15.00', '1', '2016-05-28'),
(1339, NULL, '650240004681', 16, 33, 'Camouflage', 'Tubo', 'x 28g', NULL, 1, '17.750', '20.410', '15.00', '1', '2016-05-28'),
(1340, NULL, '650240024689', 69, 20, 'Vitaminado prevencion caida', 'Frasco', 'x415ml', NULL, 1, '20.320', '23.370', '15.00', '1', '2016-05-28');

-- --------------------------------------------------------

--
-- Estructura de tabla para la tabla `producto_en_ingreso`
--

CREATE TABLE IF NOT EXISTS `producto_en_ingreso` (
`id_producto_ingreso` int(11) NOT NULL,
  `id_producto` int(11) NOT NULL,
  `id_ingreso` int(11) NOT NULL,
  `cantidad` int(11) NOT NULL,
  `precio_costo` decimal(18,6) NOT NULL,
  `precio_venta` decimal(18,6) NOT NULL,
  `utilidad` decimal(18,2) NOT NULL
) ENGINE=InnoDB DEFAULT CHARSET=latin1 AUTO_INCREMENT=1 ;

-- --------------------------------------------------------

--
-- Estructura de tabla para la tabla `proveedor`
--

CREATE TABLE IF NOT EXISTS `proveedor` (
`id_proveedor` int(11) NOT NULL,
  `razon_social` varchar(100) NOT NULL,
  `ruc` varchar(11) NOT NULL,
  `direccion` varchar(50) NOT NULL,
  `telefono` varchar(15) NOT NULL,
  `estado` char(1) NOT NULL
) ENGINE=InnoDB  DEFAULT CHARSET=latin1 AUTO_INCREMENT=3 ;

--
-- Volcado de datos para la tabla `proveedor`
--

INSERT INTO `proveedor` (`id_proveedor`, `razon_social`, `ruc`, `direccion`, `telefono`, `estado`) VALUES
(1, 'Perufarma', '12345678901', 'Lima 315', '123456789', '1'),
(2, 'Difarlibs', '12345678902', 'Lima 345', '1235465789', '1');

-- --------------------------------------------------------

--
-- Estructura de tabla para la tabla `tipo_producto`
--

CREATE TABLE IF NOT EXISTS `tipo_producto` (
`id_tipo_producto` int(11) NOT NULL,
  `descripcion` varchar(100) NOT NULL,
  `abreviado` varchar(20) DEFAULT NULL
) ENGINE=InnoDB  DEFAULT CHARSET=latin1 AUTO_INCREMENT=156 ;

--
-- Volcado de datos para la tabla `tipo_producto`
--

INSERT INTO `tipo_producto` (`id_tipo_producto`, `descripcion`, `abreviado`) VALUES
(1, 'None', 'None'),
(2, 'Shampoo', 'Shampoo'),
(3, 'Colonia', 'Colonia'),
(4, 'Talco', 'Talco'),
(5, 'Desodorante Spray', 'Deo Spray'),
(6, 'Antitranspirante', 'Antitrasp'),
(7, 'Jabon', 'Jabon'),
(8, 'Crema', 'Crema'),
(9, 'Crema Peinar', 'Crem Peinar'),
(10, 'Prestobarba', 'Prestobarba'),
(11, 'Jabon Liquido', 'Jabon Liq'),
(12, 'Crema Dental', 'Crem Dent'),
(13, 'Cepillo', 'Cepillo'),
(14, 'Hilo Dental', 'HD'),
(15, 'Tetina', 'Tetina'),
(16, 'Biberon', 'Biberon'),
(17, 'Paños Humedos', 'Pañ Hum'),
(18, 'Aceite', 'Aceite'),
(19, 'Papel Higienico', 'Papel Hig'),
(20, 'Acondicionador', 'Acondicionador'),
(21, 'Tinte', 'Tinte'),
(22, 'Pila', 'Pila'),
(23, 'Bateria', 'Bateria'),
(24, 'Bloqueador Solar', 'Bloq Solar'),
(25, 'Curita', 'Curita'),
(26, 'Pañal', 'Pañal'),
(27, 'Polvo Decolorante', 'Polvo Dec'),
(28, 'Desod Antitrans Spray', 'Deo Ant Spray'),
(29, 'Desodorante Barra', 'Deo Barra'),
(30, 'Desodorante Gel', 'Deo Gel'),
(31, 'Desodorante Roll On', 'Deo Roll on'),
(32, 'Parche Arnica', 'Parche Arnica'),
(33, 'Crema Facial', 'Crema Facial'),
(34, 'Desodorante Sachet', 'Deo Sachet'),
(35, 'Gel Facial', 'Gel Facial'),
(36, 'Tonico Facial', 'Tonico Facial'),
(37, 'Est Crema Dental + Cepillo', 'Est CD + Cep'),
(38, 'Enguaje Bucal', 'Enguaje Bucal'),
(39, 'Crema Depiladora', 'Crema Depiladora'),
(40, 'Locion', 'Locion'),
(41, 'Unguento', 'Unguento'),
(42, 'Spray Bucal', 'Spray bucal'),
(43, 'Set Talco', 'Set Talco'),
(44, 'Est Talc+deo Pie Spray', 'Est Talco + Deo spra'),
(45, 'Oxigenta', 'Oxigenta'),
(46, 'Gel Para Cabello', 'Gel Cabello'),
(47, 'Elixir Aceite', 'Elixir Aceite'),
(48, 'Est Shampo + Acond', 'Est Shampo + Acond'),
(49, 'Reacondicionador', 'Reacondicionador'),
(50, 'Est Shamp+loc Cap', 'Est Sh + Locion Cap'),
(51, 'Est Shampo + Amp', 'Est Shampo + amp'),
(52, 'Locion Capilar', 'Locion Capilar'),
(53, 'Gel De Baño', 'Gel Baño'),
(54, 'Anillo Vibrador', 'Anillo Vibrador'),
(55, 'Condon', 'Condon'),
(56, 'Jabon Glicerina', 'Jabon Glicerina'),
(57, 'Arete', 'Arete'),
(58, 'Delineador Ojos', 'Delineador Ojos'),
(59, 'Lapiz Labial', 'Lapiz Labial'),
(60, 'Cartera', 'Cartera'),
(61, 'Colonia Mini', 'Colonia Mini'),
(62, 'Crema Cabello', 'Crema Cabello'),
(63, 'Fijador Neutralizante', 'Fijador Neutralizant'),
(64, 'Protector De Cama', 'Protector de Cama'),
(65, 'Solucion Bucal', 'Solucion Bucal'),
(66, 'Antiseptico Bucal', 'Antiseptico Bucal'),
(67, 'Humectante Labial', 'Humectante Labial'),
(68, 'Gel De Afeitar', 'Gel de Afeitar'),
(69, 'Brillantina', 'Brillantina'),
(70, 'Alcohol En Gel', 'Alcohol en Gel'),
(71, 'Instrumentos Pedicure', 'Inst Pedicure'),
(72, 'Locion Corporal', 'Locion Corporal'),
(73, 'Rubor Compacto', 'Rubor compacto'),
(74, 'Betun Liquido', 'Betun liquido'),
(75, 'Repelente Liquido', 'Repelente Liquido'),
(76, 'Pastillas Repelente', 'Pastillas Repelente'),
(77, 'Mascara Facial', 'Mascara Facial'),
(78, 'Probadora Esmaltes', 'Probadora Esmaltes'),
(79, 'Maquillaje Antiacne', 'Maquillaje antiacne'),
(80, 'Polvo Compacto', 'Polvo Compacto'),
(81, 'Toallas Humedas', 'Toallas Humedas'),
(82, 'Papel Hig Humedo', 'Papel Hig Humedo'),
(83, 'Esponja De Baño', 'Esponja de Baño'),
(84, 'Alicate Cortauña', 'Alicate cortauña'),
(85, 'Peine', 'Peine'),
(86, 'Tijera Cortauña', 'Tijera Cortauña'),
(87, 'Set Maquillaje', 'Set Maquillaje'),
(88, 'Quitaesmalte', 'QuitaEsmalte'),
(89, 'Toalla Higienica', 'Toalla Higienica'),
(90, 'Tampones', 'Tampones'),
(91, 'Hisopos', 'Hisopos'),
(92, 'Locion Antiarrugas', 'Locion Antiarrugas'),
(93, 'Desodorante Crema', 'Desodorante Crema'),
(94, 'Jabon Intimo', 'Jabon Intimo'),
(95, 'Lubricante', 'Lubricante'),
(96, 'Gel Termico', 'Gel Termico'),
(97, 'Bandas Depilatorias', 'Bandas Depilatorias'),
(98, 'Mousse Depilatorio', 'Mousse Depilatorio'),
(99, 'Laca Cabello', 'Laca Cabello'),
(100, 'Mousse Cabello', 'Mousse Cabello'),
(101, 'Est Shamp+sh+talco', 'Est Shamp+Sh+Talco'),
(102, 'Protector Lactancia', 'Protector Lactancia'),
(103, 'Est Shamp+talco', 'Est Shamp+Talco'),
(104, 'Est Col+talc+jab', 'Est Col+Talc+Jab'),
(105, 'Est Sh+talco+jab', 'Est Sh+Talco+Jab'),
(106, 'Est Col+sham', 'Est Col+Sham'),
(107, 'Crema Corporal', 'Crema Corporal'),
(108, 'Est Col+deo', 'Est Col+Deo'),
(109, 'Est Deo+gel Baño', 'Est Deo+Gel Baño'),
(110, 'Est Col+loc Afeit', 'Est Col+Loc Afeit'),
(111, 'Est Col+esp Afeit', 'Est Col+Esp Afeit'),
(112, 'Est Col+jabon', 'Est Col+Jabon'),
(113, 'Est Deo+ Esp Afei', 'Est Deo+ Esp Afei'),
(114, 'Est Esp Afei+ Loc Afeitar', 'Est Esp Afei+ Loc Af'),
(115, 'Pomada', 'Pomada'),
(116, 'Polvo Oral', 'Polvo Oral'),
(117, 'Pasta', 'Pasta'),
(118, 'Est Ace+col+jb+sh+talc', 'Est Ace+col+jb+sh+ta'),
(119, 'Est Col+talco', 'Est Col+Talco'),
(120, 'Est Crema+gel+locion', 'Est Crema+Gel+Locion'),
(121, 'Espuma De Afeitar', 'Espuma de Afeitar'),
(122, 'Balsamo De Afeitar', 'Balsamo de Afeitar'),
(123, 'Est Bals Afei + Esp Afei', 'Est Bals Afei + Esp '),
(124, 'Ambientador', 'Ambientador'),
(125, 'Insecticida', 'Insecticida'),
(126, 'Est Deo+ Gel Afei', 'Est Deo+ Gel Afei'),
(127, 'Talco Spray', 'Talco Spray'),
(128, 'Tratamiento Capilar', 'Tratamiento Capilar'),
(129, 'Spray Para Peinar', 'Spray para peinar'),
(130, 'Espuma Mod Cabello', 'Espuma mod cabello'),
(131, 'Linterna Y Llavero', 'Linterna y LLavero'),
(132, 'Est Cremas', 'Est cremas'),
(133, 'Gel Exfoliante', 'Gel Exfoliante'),
(134, 'Est Col+crem+gel', 'Est Col+Crem+Gel'),
(135, 'Escobilla', 'Escobilla'),
(136, 'Chupon', 'Chupon'),
(137, 'Mordedor', 'Mordedor'),
(138, 'Peine', 'Peine'),
(139, 'Set Manicure', 'Set Manicure'),
(140, 'Est Cepillo + Peine', 'Est Cepillo + Peine'),
(141, 'Sonaja', 'Sonaja'),
(142, 'Linterna', 'Linterna'),
(143, 'Set Para Bebe', 'Set para bebe'),
(144, 'Set Jabon', 'Set Jabon'),
(145, 'Est Colonias', 'Est colonias'),
(146, 'Polvo Luminoso', 'Polvo luminoso'),
(147, 'Set Spa', 'Set Spa'),
(148, 'Set Cuida Piel', 'Set cuida piel'),
(149, 'Set Cosmeticos', 'Set cosmeticos'),
(150, 'Valvula', 'Valvula'),
(151, 'Papel Toalla', 'Papel Toalla'),
(152, 'Unidad', 'Unid.'),
(153, 'Base En Crema', 'Base en crema'),
(154, 'Base En Polvo', 'Base en polvo'),
(155, 'Maquillaje En Crema', 'Maquillaje en crema');

-- --------------------------------------------------------

--
-- Estructura de tabla para la tabla `usuario`
--

CREATE TABLE IF NOT EXISTS `usuario` (
`id_usuario` int(11) NOT NULL,
  `name` varchar(30) NOT NULL,
  `password` varchar(50) NOT NULL
) ENGINE=InnoDB DEFAULT CHARSET=latin1 AUTO_INCREMENT=1 ;

--
-- Índices para tablas volcadas
--

--
-- Indices de la tabla `ingreso`
--
ALTER TABLE `ingreso`
 ADD PRIMARY KEY (`id_ingreso`), ADD KEY `id_proveedor` (`id_proveedor`);

--
-- Indices de la tabla `marca`
--
ALTER TABLE `marca`
 ADD PRIMARY KEY (`id_marca`);

--
-- Indices de la tabla `producto`
--
ALTER TABLE `producto`
 ADD PRIMARY KEY (`id_producto`), ADD UNIQUE KEY `codigo_producto` (`codigo_producto`,`codigo_barra`), ADD KEY `id_marca` (`id_marca`), ADD KEY `id_tipo_producto` (`id_tipo_producto`);

--
-- Indices de la tabla `producto_en_ingreso`
--
ALTER TABLE `producto_en_ingreso`
 ADD PRIMARY KEY (`id_producto_ingreso`), ADD KEY `id_producto` (`id_producto`), ADD KEY `id_ingreso` (`id_ingreso`);

--
-- Indices de la tabla `proveedor`
--
ALTER TABLE `proveedor`
 ADD PRIMARY KEY (`id_proveedor`);

--
-- Indices de la tabla `tipo_producto`
--
ALTER TABLE `tipo_producto`
 ADD PRIMARY KEY (`id_tipo_producto`);

--
-- Indices de la tabla `usuario`
--
ALTER TABLE `usuario`
 ADD PRIMARY KEY (`id_usuario`);

--
-- AUTO_INCREMENT de las tablas volcadas
--

--
-- AUTO_INCREMENT de la tabla `ingreso`
--
ALTER TABLE `ingreso`
MODIFY `id_ingreso` int(11) NOT NULL AUTO_INCREMENT;
--
-- AUTO_INCREMENT de la tabla `marca`
--
ALTER TABLE `marca`
MODIFY `id_marca` int(11) NOT NULL AUTO_INCREMENT,AUTO_INCREMENT=194;
--
-- AUTO_INCREMENT de la tabla `producto`
--
ALTER TABLE `producto`
MODIFY `id_producto` int(11) NOT NULL AUTO_INCREMENT,AUTO_INCREMENT=1341;
--
-- AUTO_INCREMENT de la tabla `producto_en_ingreso`
--
ALTER TABLE `producto_en_ingreso`
MODIFY `id_producto_ingreso` int(11) NOT NULL AUTO_INCREMENT;
--
-- AUTO_INCREMENT de la tabla `proveedor`
--
ALTER TABLE `proveedor`
MODIFY `id_proveedor` int(11) NOT NULL AUTO_INCREMENT,AUTO_INCREMENT=3;
--
-- AUTO_INCREMENT de la tabla `tipo_producto`
--
ALTER TABLE `tipo_producto`
MODIFY `id_tipo_producto` int(11) NOT NULL AUTO_INCREMENT,AUTO_INCREMENT=156;
--
-- AUTO_INCREMENT de la tabla `usuario`
--
ALTER TABLE `usuario`
MODIFY `id_usuario` int(11) NOT NULL AUTO_INCREMENT;
--
-- Restricciones para tablas volcadas
--

--
-- Filtros para la tabla `ingreso`
--
ALTER TABLE `ingreso`
ADD CONSTRAINT `ingreso_ibfk_1` FOREIGN KEY (`id_proveedor`) REFERENCES `proveedor` (`id_proveedor`);

--
-- Filtros para la tabla `producto`
--
ALTER TABLE `producto`
ADD CONSTRAINT `producto_ibfk_1` FOREIGN KEY (`id_marca`) REFERENCES `marca` (`id_marca`),
ADD CONSTRAINT `producto_ibfk_2` FOREIGN KEY (`id_tipo_producto`) REFERENCES `tipo_producto` (`id_tipo_producto`);

--
-- Filtros para la tabla `producto_en_ingreso`
--
ALTER TABLE `producto_en_ingreso`
ADD CONSTRAINT `producto_en_ingreso_ibfk_1` FOREIGN KEY (`id_producto`) REFERENCES `producto` (`id_producto`),
ADD CONSTRAINT `producto_en_ingreso_ibfk_2` FOREIGN KEY (`id_ingreso`) REFERENCES `ingreso` (`id_ingreso`);

/*!40101 SET CHARACTER_SET_CLIENT=@OLD_CHARACTER_SET_CLIENT */;
/*!40101 SET CHARACTER_SET_RESULTS=@OLD_CHARACTER_SET_RESULTS */;
/*!40101 SET COLLATION_CONNECTION=@OLD_COLLATION_CONNECTION */;
